recording_id,lat,lng,country,quality,month,hqi,bout_count,bouts_per_minute,mean_min_frequency_hz,std_min_frequency_hz,min_min_frequency_hz,max_min_frequency_hz,mean_peak_frequency_hz,std_peak_frequency_hz,min_peak_frequency_hz,max_peak_frequency_hz,mean_spectral_entropy,std_spectral_entropy,min_spectral_entropy,max_spectral_entropy,mean_temporal_entropy,std_temporal_entropy,min_temporal_entropy,max_temporal_entropy,mean_harmonicity_hnr_db,std_harmonicity_hnr_db,min_harmonicity_hnr_db,max_harmonicity_hnr_db,mean_bout_duration_s,std_bout_duration_s,min_bout_duration_s,max_bout_duration_s,mean_syllable_rate_per_s,std_syllable_rate_per_s,min_syllable_rate_per_s,max_syllable_rate_per_s,mean_modulation_index,std_modulation_index,min_modulation_index,max_modulation_index
1001965,47.8623,2.0383,France,B,5,0.7220564455960242,3,7.199999999999999,1499.452953119531,23.556004741303102,1482.796342429293,1532.7661745000066,4640.625,19.136638615493577,4617.1875,4664.0625,4.914655666666667,0.15165856677491765,4.700345,5.029138,5.502927766666667,0.03425280174976762,5.454505,5.528283,6.352261387584355,0.5534460769199347,5.754470326407082,7.088693460040653,3.0,0.0,3.0,3.0,3.6666666666666665,0.0,3.6666666666666665,3.6666666666666665,0.8668051333333334,0.07334367247574179,0.7996754,0.9688473
1002132,46.7856,1.2153,France,B,5,0.8610508351350921,15,14.754098360655739,3586.5902582631675,192.0190068299542,2877.196599772457,3750.807288950415,3798.4375,21.763106683100187,3750.0,3820.3125,2.897549086666667,0.46684417991346083,2.339798,4.325125,4.8075572399999995,0.19318803153587208,4.327583,5.0566473,21.21032167001308,3.199660654719053,13.706343105609736,25.85713477576108,3.0,0.0,3.0,3.0,2.6888888888888887,0.704132423011327,1.0,4.0,1.7989036066666666,0.3122488192259574,1.4444969,2.7618415
1002199,49.3549,0.5087,France,B,5,0.5040517444181981,14,15.555555555555555,2969.588591560686,1014.3545035415142,1693.0083986477366,3877.208470957242,4632.254464285715,126.40340411392413,4195.3125,4734.375,3.682996821428571,0.30400628512449757,3.250959,4.2503448,5.107260807142858,0.17915159189694424,4.6919656,5.338546,14.418047146274448,1.958960957280314,10.22519552148443,17.366601465014767,3.0,0.0,3.0,3.0,2.833333333333333,0.8237544710479141,1.6666666666666667,4.666666666666667,1.3498704357142854,0.21921807139550598,1.0344365,1.8277549
1007924,46.3727,5.9741,France,B,6,0.825062517144231,12,12.631578947368421,3525.2104070761957,603.3786056228446,1532.7661745000066,3750.807288950415,4066.40625,326.0958463037555,3796.875,4593.75,3.764088208333334,0.3103876968714462,3.3371854,4.286623,5.1587842,0.15470818151987528,4.8144445,5.346349,15.186749952037486,1.7764940489335053,12.359085391182036,18.40292970394486,3.0,0.0,3.0,3.0,2.7777777777777772,0.9938079899999065,1.0,4.333333333333333,1.3189495166666665,0.25537979881757755,1.0332372,1.8078766
101009,52.131,4.329,Netherlands,A,5,0.7553842470060785,16,6.114649681528662,3319.6848503166993,51.31388431870814,3285.0890365665714,3395.79564056698,4360.83984375,950.1033475777733,3539.0625,5625.0,3.535457075,0.21145135347429644,2.935957,4.024984,4.6649717875,0.2682916546456437,4.098751,5.0781646,18.834566444052825,1.1215859358922147,16.838260980808666,21.274867384898673,3.0,0.0,3.0,3.0,2.208333333333333,0.9195031871130795,0.6666666666666666,3.6666666666666665,1.97219195,0.4302499987120715,1.3393428,2.765648
101022,48.3045,10.9389,Germany,B,6,0.8476483312695523,14,11.666666666666668,2960.3058056565887,33.929191224005905,2877.196599772457,2974.1573399706103,4021.2053571428573,276.99265017785405,3023.4375,4125.0,2.401723671428571,0.30470081887970607,1.8118635,2.893558,5.010112435714285,0.1632068899586594,4.716495,5.26812,18.883774579448726,3.0404839542041873,13.85706043063914,25.634493567725432,3.0,0.0,3.0,3.0,2.619047619047619,0.48562090605645575,1.6666666666666667,3.3333333333333335,1.5157096285714289,0.2993643408505224,1.0510312,2.150148
101346,48.3212,10.9414,Germany,A,5,0.8365946023307882,13,12.580645161290322,4289.1053253319005,363.3755204973406,3285.0890365665714,4576.0542134267835,4600.961538461538,23.22854337750924,4570.3125,4640.625,2.9099594076923077,0.44381774563363885,2.0606284,3.7545962,4.944337061538461,0.16005175531948096,4.715342,5.310963,19.97338717751863,1.6563719612033942,16.391009048102845,22.360289468358367,3.0,0.0,3.0,3.0,2.974358974358974,0.9195087731815953,1.6666666666666667,4.666666666666667,1.6512971307692308,0.2826363257147421,1.0503039,2.1011457
101347,48.3212,10.9414,Germany,B,5,0.8365946023307882,11,16.097560975609756,3327.678436015807,510.6539669103515,2358.322142798309,3877.208470957242,3848.0113636363635,320.39673982984755,2835.9375,3960.9375,3.654136581818183,0.4261557249421429,2.8700368,4.1816115,4.846338845454546,0.2596037964818323,4.172137,5.174644,15.6518428882722,2.670459772573485,12.649628437255757,21.3777803086436,3.0,0.0,3.0,3.0,1.6060606060606057,0.508874412840808,1.0,2.6666666666666665,2.027473945454546,0.4513575718609448,1.3097131,3.0603948
1018156,50.1665,8.6684,Germany,C,6,0.55667153389705,5,10.344827586206897,2896.5887478120876,38.78429607926137,2877.196599772457,2974.1573399706103,4045.3125,18.75,4031.25,4078.125,3.0195761399999994,0.28459018677830483,2.6671603,3.507315,5.10551566,0.1311825378266422,4.949178,5.2513404,14.117655299809996,0.7949637680951366,13.101089139105866,14.928806328178924,3.0,0.0,3.0,3.0,2.8666666666666667,0.49888765156985876,2.3333333333333335,3.6666666666666665,1.36451682,0.17716046616029665,1.1745111,1.5912336
1024960,47.6375,9.5775,Germany,C,4,0.7914545089737471,18,13.012048192771084,3512.4489583550417,129.08592608725985,3395.79564056698,4007.86933830162,3985.6770833333335,347.41232860013486,3562.5,4382.8125,3.51524265,0.4493937325342076,2.8435307,4.666702,4.6527642277777765,0.19882463304782147,4.283628,5.08084,20.970410267807303,3.434872085119874,15.079660623288463,26.835703959384485,3.0,0.0,3.0,3.0,1.6481481481481481,0.49030378869902697,0.3333333333333333,2.3333333333333335,2.1060162777777776,0.3124019981696688,1.5275433,2.6058376
1028744,46.7699,5.5207,France,B,5,0.7505602001168722,3,2.8125,3615.123564954685,870.852749698319,2604.8716763839616,4730.26599157077,6195.3125,695.8828419263547,5601.5625,7171.875,4.386396433333333,0.08163150755932959,4.2759905,4.4708133,4.877307366666667,0.0824170255609174,4.7864738,4.985976,6.832716859837828,0.3216301429160907,6.399212209122727,7.168734484442983,3.0,0.0,3.0,3.0,3.111111111111111,0.3142696805273546,2.6666666666666665,3.3333333333333335,1.8141236666666665,0.15708065890894674,1.6752157,2.0337107
1046158,46.6073,0.1863,France,A,5,0.8180920565793207,15,14.285714285714285,3285.0890365665705,9.094947017729282e-13,3285.0890365665714,3285.0890365665714,4676.5625,911.3889854570879,3328.125,5343.75,3.214237,0.3480778806916962,2.4040983,3.7844346,4.526508673333334,0.2648887078503509,4.0206985,5.0169272,22.972671664475065,2.1949904631935815,18.21276593507657,25.71702416829977,3.0,0.0,3.0,3.0,1.9777777777777774,0.8207193472275284,1.0,4.0,2.2090690933333335,0.4261937227157895,1.4644516,3.0607014
1047739,46.6068,0.1852,France,A,5,0.8344828555491999,42,13.548387096774194,2738.026012684016,45.37087170004588,2692.655140983971,2783.3968843840626,4118.861607142857,284.90278258338645,2812.5,4265.625,3.7149844809523813,0.23817757545799054,3.2027304,4.2556663,5.03117109047619,0.33557636426003795,4.2034817,5.4087696,16.8492354341351,1.5953190175745076,12.667130287146511,19.919541568522103,3.0,0.0,3.0,3.0,4.0396825396825395,1.8505002626236693,0.6666666666666666,6.333333333333333,1.5272731904761907,0.5917838493429092,0.938165,3.169751
1052236,45.2635,1.9197,France,A,6,0.9637988779417888,23,18.904109589041095,2071.6453592364755,713.8128697662091,1532.7661745000066,3877.208470957242,4723.165760869565,1524.273958784832,2953.125,7406.25,5.264265517391304,0.3572697368510359,4.213033,5.651204,4.994436556521739,0.2755305464530563,4.479833,5.423445,7.079735207770704,5.213499537719961,0.607742752751201,21.468856207382824,3.0,0.0,3.0,3.0,2.5652173913043477,0.9243605054551869,1.0,4.333333333333333,1.6353866760869562,0.39107904671001587,0.98014885,2.367196
1073093,48.1604,16.352,Austria,B,3,0.4326192615242242,14,12.727272727272727,3166.265704863957,415.91925902358463,2135.108373911701,3510.2330269093236,6137.276785714285,698.8068936532802,3632.8125,6515.625,4.887783585714286,0.15246741143129985,4.612544,5.147916,4.1405473142857145,0.17202543470762785,3.8231378,4.4858246,7.209686727676095,0.9451267082294178,5.393705059743328,8.559982700756798,3.0,0.0,3.0,3.0,1.476190476190476,0.44923719676460017,1.0,2.6666666666666665,2.974204278571428,0.30760975446734734,2.3116553,3.5787256
1076073,52.6475,13.2939,Germany,B,3,0.6865440855193313,6,15.652173913043477,3816.045896949255,136.76367316071926,3510.2330269093236,3877.208470957242,4355.46875,541.5054472616712,3960.9375,5132.8125,3.049724283333333,0.23276724853432745,2.8498836,3.5433714,5.261272616666666,0.17294152090860468,4.8851604,5.373873,14.378789532100782,1.8372807995330949,11.587005344212711,16.935196404323996,3.0,0.0,3.0,3.0,3.3333333333333335,0.5091750772173155,2.3333333333333335,4.0,1.0725826,0.2170445006989945,0.91544175,1.544951
1076081,52.6408,13.2956,Germany,B,6,0.7390986070864186,5,5.769230769230769,2172.49039444184,426.5345563336282,1809.0389422075937,2974.1573399706103,7242.1875,1746.243177330981,3750.0,8156.25,5.3186195,0.10578665742663379,5.1273065,5.418813,4.95545696,0.12275693420433084,4.768304,5.1448975,9.032597366588766,2.6178296196947644,5.630877404586397,13.36634148912088,3.0,0.0,3.0,3.0,1.8666666666666665,0.6863753427324666,0.6666666666666666,2.6666666666666665,1.9439784800000002,0.21415036223118933,1.6788231,2.3289135
1084417,48.0228,0.1995,France,A,3,0.3975500425619503,19,15.405405405405405,2750.8469673931036,270.90035511328483,2604.8716763839616,3877.208470957242,4068.2565789473683,31.642488499294394,4007.8125,4125.0,1.9975202263157896,0.34218271208927925,1.3487802,2.588738,4.583073021052631,0.3536583324582352,3.9024813,5.025256,22.337082405541352,2.6418699259655165,17.363022445210998,27.551944661554803,3.0,0.0,3.0,3.0,1.964912280701754,0.929659038560826,0.3333333333333333,3.6666666666666665,2.120329231578947,0.6259842136393814,1.4287267,3.6030567
1085771,43.6337,1.5425,France,B,3,0.610473459278625,8,12.972972972972972,3494.2889321839066,542.9893653471917,2065.501535848521,3750.807288950415,4048.828125,198.78744672289892,3937.5,4570.3125,3.0944136375,0.6129752285672418,2.6075387,4.5830035,4.714799375,0.35167118570667605,4.1803193,5.5054064,15.765304972155068,3.9217556954904085,5.538571962086392,18.54789464437161,3.0,0.0,3.0,3.0,2.0833333333333335,0.8122328620674136,1.0,3.6666666666666665,1.9136361,0.547903498014153,0.7897562,2.738512
1085772,43.6337,1.5425,France,C,3,0.610473459278625,4,3.934426229508197,4217.369622019859,209.5002837182392,4007.86933830162,4426.869905738098,4441.40625,197.83526972032186,4101.5625,4593.75,3.2367277999999997,0.35160179095331695,2.8147504,3.7503848,4.91790215,0.07540036776450416,4.793522,4.9933248,25.227818465262473,3.5776059431709024,21.041764870443455,29.11582958220504,3.0,0.0,3.0,3.0,3.1666666666666665,0.5,2.6666666666666665,4.0,1.49257435,0.13207609255040254,1.3551743,1.6508934
1085774,43.6337,1.5425,France,C,3,0.610473459278625,13,14.181818181818182,3058.9658936240417,36.16248878398957,2974.1573399706103,3074.3856306519383,4918.2692307692305,47.631651972197986,4851.5625,5015.625,2.6865476384615383,0.4097509164929546,1.952345,3.7072284,4.7860849384615385,0.3418263862891703,3.9708533,5.1271358,22.40593898045153,1.8574048256100268,18.976812289942902,24.885821172123627,3.0,0.0,3.0,3.0,2.974358974358974,0.9195087731815953,1.0,4.0,1.7964156,0.5335749416746499,1.3167374,3.100278
1085775,43.6337,1.5425,France,B,3,0.610473459278625,33,16.63865546218487,3074.487984168384,25.093497168986353,2974.1573399706103,3177.9915873759783,4901.278409090909,36.836086590596416,4781.25,4968.75,2.701343660606061,0.4741513054094652,1.7724152,3.6510262,4.516164351515151,0.3960610855719433,3.6798642,5.061569,24.233175483421892,1.3509827065002336,20.402848843845735,26.555023554087807,3.0,0.0,3.0,3.0,2.313131313131313,0.9879386898035393,0.6666666666666666,4.0,2.1687966000000003,0.6289052649803254,1.405933,3.6103907
1085776,43.6337,1.5425,France,B,3,0.610473459278625,9,8.709677419354838,3154.9680414373024,43.07311036558727,3074.3856306519383,3177.9915873759783,4570.3125,514.4399260360727,3585.9375,4875.0,4.038298955555556,0.24967605644341584,3.5253875,4.422928,4.798206088888889,0.33481314323743644,4.1085854,5.290618,15.92850725276395,1.6816762855220486,13.89085767216457,19.44872610259846,3.0,0.0,3.0,3.0,2.5555555555555554,1.0540925533894598,1.3333333333333333,4.666666666666667,1.7300403999999998,0.3916936219089268,1.0563083,2.2928414
1085790,43.6337,1.5425,France,B,3,0.610473459278625,24,13.980582524271844,3239.5592430620504,161.02624754474041,2974.1573399706103,3628.5269219403576,4175.78125,64.42352540027595,4054.6875,4289.0625,3.6483859666666674,0.30579244818135043,2.9477983,4.4445953,4.4523893249999995,0.3076154016335404,3.8646114,4.925993,19.194835035024756,1.5600424157133996,14.284358351376676,21.53593214909684,3.0,0.0,3.0,3.0,1.972222222222222,0.9570240653862342,0.6666666666666666,3.6666666666666665,2.4015874125,0.5709555513708031,1.6668423,3.9363832
1087011,45.8486,8.9476,Switzerland,B,3,0.527782418610433,11,17.83783783783784,3750.8072889504156,4.547473508864641e-13,3750.807288950415,3750.807288950415,3990.7670454545455,221.46795102590255,3843.75,4382.8125,3.2037563363636363,0.20885939792617894,2.8676224,3.531393,4.711355554545456,0.08770816687133383,4.5710783,4.876474,19.706914591236615,0.9657708687421434,18.245610925028725,21.14770540018572,3.0,0.0,3.0,3.0,1.878787878787879,0.5554637206007079,1.3333333333333333,2.6666666666666665,2.0738835181818183,0.22987278867488598,1.7165381,2.3618553
1088544,47.6911,9.1835,Germany,B,3,0.7016397405926014,5,5.454545454545455,3199.4110772140966,42.83897967623725,3177.9915873759783,3285.0890365665714,5339.0625,34.44594950788844,5273.4375,5367.1875,4.628,0.10563871553439094,4.481879,4.7835407,4.4982242800000005,0.2745928522912381,3.9687588,4.7083826,13.7584182079768,0.6480225682966182,12.70044909452201,14.627856605065755,3.0,0.0,3.0,3.0,1.6,0.4898979485566356,1.0,2.0,2.33785258,0.48854731673008045,1.9415344,3.2105553
1088917,50.2217,17.0791,Czech Republic,B,3,0.801765190762695,16,17.142857142857142,3165.4299890285065,573.522156906718,1933.0216536654648,3510.2330269093236,3689.94140625,204.82161692587977,3585.9375,4242.1875,3.70720084375,0.19695117069659662,3.369123,4.04451,5.0947634625,0.3026146148156634,3.9891548,5.3207693,14.559934265325426,1.6076145121408494,11.406493497252072,17.60515215462381,3.0,0.0,3.0,3.0,3.541666666666667,1.0532687216470449,1.0,5.333333333333333,1.3702660249999998,0.3819401700574245,1.0434327,2.7236729
1088920,50.2242,17.0896,Czech Republic,C,3,0.7629735524715686,8,17.77777777777778,3730.359202110192,522.003464840076,2783.3968843840626,4142.933441216916,4362.3046875,553.9434035824947,3960.9375,5812.5,3.4363763874999997,0.88145300011594,2.4164603,4.8884597,4.943487575,0.19877456834694518,4.638133,5.284242,19.599167353536245,3.8304952724785593,11.702800335939193,23.443784750653155,3.0,0.0,3.0,3.0,2.3333333333333335,0.8333333333333334,1.6666666666666667,4.0,1.51817095,0.32417578129955593,1.0173434,1.9911886
1089785,48.7456,2.2778,France,B,3,0.4389075402789951,3,4.864864864864865,3629.8557459333656,98.2185258121136,3510.2330269093236,3750.807288950415,4195.3125,513.8463641376671,3820.3125,4921.875,3.5084652,0.37731053436945017,3.0357022,3.9591274,5.3208558,0.04596085271387634,5.2834234,5.3855906,9.836291586876333,1.047705114215693,8.94506005802701,11.306996996658537,3.0,0.0,3.0,3.0,2.6666666666666665,0.0,2.6666666666666665,2.6666666666666665,1.0700185233333335,0.07590090251725003,0.96524197,1.1426015
1090319,49.4954,17.7883,Czech Republic,B,3,0.6012236107737737,9,16.363636363636363,4127.926318670772,42.446552473904,4007.86933830162,4142.933441216916,4239.583333333333,20.505228838572425,4195.3125,4265.625,1.960109911111111,0.22144930798618678,1.6380668,2.4209507,4.577041388888889,0.39130227741636,4.0099306,5.006858,27.64484629610284,1.2456178405664349,25.590395564357035,28.969700526942432,3.0,0.0,3.0,3.0,1.9259259259259263,0.9658077637337257,0.3333333333333333,3.0,2.139658466666667,0.7469867108691262,1.4192111,3.5486305
1090418,43.6337,1.5425,France,C,3,0.6153203536355929,5,4.166666666666667,2622.308421149485,414.6974112655303,1998.1639558540896,3074.3856306519383,4593.75,561.3269017471014,3773.4375,5226.5625,4.72279286,0.29228131661485035,4.1553116,4.98193,5.057636919999999,0.10828884349927112,4.899329,5.17752,8.560518186992669,2.422576888333608,6.232572603225017,13.144308619643017,3.0,0.0,3.0,3.0,2.2666666666666666,0.6463573143221771,1.6666666666666667,3.3333333333333335,1.68205232,0.17075488396048177,1.4659324,1.900775
1091980,49.0315,12.2836,Germany,A,3,0.8743472528370381,22,14.042553191489361,3350.5065752940864,54.43068235308555,3285.0890365665714,3395.79564056698,4251.775568181818,482.7452180462818,3445.3125,4593.75,3.219610190909091,0.23740160238206043,2.8420134,3.7193584,4.70940835,0.31182725378715664,4.0097895,5.1043262,23.538044380035874,2.35269893782257,15.625689465219406,27.006830280567137,3.0,0.0,3.0,3.0,2.590909090909091,0.9996555880731324,0.6666666666666666,4.0,1.8696834863636362,0.50825534824172,1.2628156,3.1461928
1092231,47.8103,-2.3838,France,A,3,0.5975831941646634,6,8.372093023255815,3615.3451395604993,555.7730580719333,2783.3968843840626,4007.86933830162,4160.15625,11.71875,4148.4375,4171.875,2.618145783333333,0.199259863575503,2.2951026,2.913598,4.659662783333332,0.10316315995396833,4.5201116,4.8263497,19.332123464253495,0.804054926555367,18.221283534986984,20.865346613415863,3.0,0.0,3.0,3.0,2.777777777777778,0.4969039949999533,2.0,3.3333333333333335,1.8436850833333336,0.12080856807723274,1.6597937,2.018055
1092918,49.0361,12.8181,Germany,B,4,0.9041315440997544,12,8.275862068965518,3030.2786409010932,967.0396910666552,1584.4199762742635,4142.933441216916,5029.296875,1409.4513798420546,3234.375,7898.4375,4.944278791666666,0.20433243954159377,4.561039,5.2706294,4.600778208333334,0.3041637275344467,4.0145597,5.1371336,10.32374594068954,7.267599295436808,1.8232812519693509,26.87311767983856,3.0,0.0,3.0,3.0,1.722222222222222,0.4267303193260338,1.3333333333333333,2.6666666666666665,2.376175675,0.3714782804314656,1.6086127,2.9458632
1095915,42.7298,2.1539,France,C,4,0.9324183970216228,40,6.153846153846154,3053.3945979105656,262.0720840882785,2358.322142798309,3395.79564056698,4634.765625,229.50506945228219,3351.5625,4945.3125,3.9950462325000005,0.2960274807927225,3.3963897,4.803665,5.1386651675,0.18630241437359232,4.6592836,5.4022794,11.182525615456658,1.5729204657191702,5.506149480354387,13.505450159326488,3.0,0.0,3.0,3.0,3.358333333333333,1.1794242945889604,0.6666666666666666,5.333333333333333,1.3786394794999999,0.3426479000949757,0.9632045,2.488587
1095920,42.7298,2.1539,France,C,4,0.9324183970216228,8,6.0,3335.0923690433738,238.66515370598202,2877.196599772457,3510.2330269093236,5663.0859375,769.0694749896396,3632.8125,6070.3125,3.7987465625,0.19978566659816302,3.5514514,4.2451935,4.83459415,0.26728077348168455,4.323655,5.2314177,15.064529547642291,1.7480243139191896,11.86149135017001,16.919583105342255,3.0,0.0,3.0,3.0,2.666666666666667,1.0540925533894598,1.3333333333333333,4.666666666666667,1.821090025,0.35588157218195404,1.2760205,2.3000634
1095927,42.7298,2.1539,France,B,4,0.936391805416514,25,9.67741935483871,3260.2424329277237,87.45307270402952,3074.3856306519383,3395.79564056698,4623.75,108.02018040625558,4312.5,4757.8125,3.722075144,0.2436336632478148,3.3826487,4.170973,4.8511484760000005,0.2777502563255563,3.7366974,5.1888514,13.237493475106016,0.8259106108068467,11.798857342347006,14.79172913332456,3.0,0.0,3.0,3.0,2.72,1.009642400940936,0.6666666666666666,5.0,1.8225490879999997,0.3917524363872933,1.2920303,2.9669867
1096204,43.6337,1.5425,France,B,4,0.64156554802184,48,15.567567567567567,2988.608844863229,406.0598964530398,1809.0389422075937,3510.2330269093236,4136.23046875,437.7960838055583,3304.6875,5132.8125,4.59908478125,0.22463091633681723,3.9769597,5.044885,4.182817422916666,0.2418936794132628,3.6375813,4.696009,7.370157005722806,6.600016217425475,1.0080334818217245,27.15091696699969,3.0,0.0,3.0,3.0,1.3958333333333333,0.4495689808233198,0.3333333333333333,2.6666666666666665,2.847956175,0.4112768280583187,1.9678527,4.040927
1100198,46.6031,0.1818,France,A,3,0.8387924602965953,5,10.344827586206897,3282.479096735225,370.5108576290104,2974.1573399706103,4007.86933830162,5578.125,1617.2214670345866,4242.1875,7593.75,3.92669084,0.2758746790349167,3.4599597,4.31584,3.81035616,0.19787049809248075,3.45884,4.0454226,20.788338708969057,1.557380252928045,18.92989576465632,22.69856872524701,3.0,0.0,3.0,3.0,0.6666666666666666,0.0,0.6666666666666666,0.6666666666666666,3.78858002,0.460637833391815,3.2683508,4.637573
1100412,42.7168,2.1621,France,B,4,0.9292731812529824,4,7.0588235294117645,1792.129173055079,331.9682523798697,1532.7661745000066,2358.322142798309,3603.515625,97.16674190494335,3468.75,3726.5625,5.121235575,0.21782705291605034,4.950554,5.4953413,4.99474235,0.2401806346383227,4.593117,5.222489,7.2272608602306825,1.328027333444169,5.629461669876058,9.2919128179136,3.0,0.0,3.0,3.0,2.4166666666666665,0.4930066485916346,1.6666666666666667,3.0,1.668056075,0.32879150387013795,1.3158437,2.1949048
1100416,42.7168,2.1621,France,C,4,0.9292731812529824,35,13.636363636363638,2819.583002428394,183.2150617656185,1998.1639558540896,2974.1573399706103,4583.035714285715,165.286523604328,3726.5625,4781.25,3.8871219742857144,0.26877584661629994,3.6324463,5.269916,4.770189177142857,0.19060320006873382,4.4299564,5.2461677,12.867941173369891,1.883875215637571,2.639874839754184,14.68244934771395,3.0,0.0,3.0,3.0,2.104761904761905,0.831030832699942,0.6666666666666666,4.333333333333333,1.92302256,0.31629465248987615,1.2690679,2.635271
1101021,43.6362,1.5399,France,B,4,0.6259250937867856,15,18.75,4079.9035265231123,67.38181311480207,4007.86933830162,4142.933441216916,4156.25,11.048543456039805,4148.4375,4171.875,2.1361655466666667,0.10176932246009347,1.844087,2.235398,4.290422693333334,0.45214534275565044,3.056378,4.9340696,34.1748767648101,0.5211330159950213,33.23071804869111,35.31091168681496,3.0,0.0,3.0,3.0,2.6444444444444444,1.02896328024802,0.6666666666666666,4.666666666666667,2.2671056666666667,0.7182426505197871,1.4249275,4.4075255
1103104,51.9892,4.4694,Netherlands,C,4,0.2594522923558708,15,16.363636363636363,2828.4347263460145,97.99996454390877,2692.655140983971,3074.3856306519383,4348.4375,40.0195264839553,4218.75,4406.25,3.02273288,0.5084967314292816,2.707896,4.7875385,5.08724186,0.17753329997753028,4.6972437,5.349326,15.217183812173342,0.6743362848796509,13.765044114604,16.22833540867069,3.0,0.0,3.0,3.0,2.6222222222222222,0.8421020142887297,1.0,4.333333333333333,1.3950378666666667,0.3129607187843626,0.9996986,2.0399055
1103430,49.0641,12.2977,Germany,B,4,0.9423155624906524,10,16.666666666666668,2530.522849809689,533.0555873936227,1637.8144970715018,3395.79564056698,7197.65625,979.5893715807979,4265.625,7687.5,4.33038726,0.4441483786189548,3.2313929,4.9978786,4.79471034,0.20331981215191108,4.465214,5.1933165,13.62595769973231,1.7744246993014072,10.957598159308862,17.29352600707414,3.0,0.0,3.0,3.0,2.2333333333333334,0.7156970184527962,1.3333333333333333,4.0,1.9795554900000003,0.29887532907305164,1.3794541,2.4453928
1103431,49.0648,12.2978,Germany,B,4,0.9400805644972392,12,18.947368421052634,6552.022363064126,1178.2557248728747,3395.79564056698,7278.012272736968,7343.75,54.40776670775047,7242.1875,7429.6875,3.0706613583333335,0.5715896579729633,2.2739096,4.502173,4.182533333333333,0.4138447726304359,3.473458,4.814915,23.690230923702277,4.095535692706453,17.140911840217214,33.0300792088874,3.0,0.0,3.0,3.0,1.1388888888888888,0.28733556757746115,0.6666666666666666,1.6666666666666667,2.91282325,0.6848330823962187,1.9015379,3.9223723
1104449,43.6337,1.5425,France,C,4,0.64156554802184,21,8.873239436619718,3012.6559848266347,65.51797229064634,2877.196599772457,3177.9915873759783,4556.919642857143,37.28413635823675,4453.125,4617.1875,3.237764195238095,0.5727177640857605,2.1844196,4.328823,5.00082170952381,0.1470634187312849,4.533828,5.1834826,16.168087299303778,1.794117663311712,12.3943545902872,19.30403084840573,3.0,0.0,3.0,3.0,2.206349206349207,0.47671928310099065,1.3333333333333333,3.0,1.5547494047619048,0.22034780400272286,1.2214183,2.1082366
1104743,48.8573,12.7455,Germany,B,4,0.7847705675895273,4,8.88888888888889,3664.520272397356,514.8710966052231,2974.1573399706103,4426.869905738098,7728.515625,1609.4733643332054,4945.3125,8789.0625,4.480956925,0.3001873848598767,4.154728,4.7995687,4.510839075,0.316824418361759,4.074197,4.9638443,17.185974724695352,2.5762408681288638,13.75607524121738,20.793939858342352,3.0,0.0,3.0,3.0,1.1666666666666665,0.16666666666666663,1.0,1.3333333333333333,2.51746615,0.46255232312089023,1.8061697,3.0339994
1105710,47.123,16.4243,Austria,B,4,0.8354903446092988,21,15.180722891566266,2970.9995150935333,929.3353695116277,1387.690780251243,3750.807288950415,3887.276785714286,568.2962945611997,1992.1875,4593.75,3.742339271428572,1.0748514407581864,2.6561413,5.429517,4.997763447619047,0.36950663522842975,4.2347755,5.5591407,10.014269654009137,4.561329251422254,1.2533388766494853,15.349965735103243,3.0,0.0,3.0,3.0,2.698412698412698,1.402585525992033,1.0,6.666666666666667,1.5339850623809528,0.5138031940229605,0.75853235,2.540913
1106172,47.123,16.4243,Austria,B,4,0.8528911810944868,7,10.5,2571.0453836266984,390.3675568050543,2281.438294886726,3285.0890365665714,4171.875,1259.7208515714617,3000.0,6843.75,3.0169219857142857,0.35366885470408393,2.6307085,3.6551876,4.5862691,0.3798814320973285,3.9017215,5.089422,24.67749515301708,1.7679145839177892,21.142159245338117,26.46267454842509,3.0,0.0,3.0,3.0,2.4285714285714284,0.8857654875113464,1.0,3.6666666666666665,2.1249722285714285,0.690251376846584,1.345412,3.4715366
1106173,47.123,16.4243,Austria,A,4,0.8528911810944868,13,12.580645161290322,3194.468118020685,38.64088950157285,3177.9915873759783,3285.0890365665714,4359.375,33.14563036811941,4312.5,4453.125,2.696470807692308,0.4438965200312178,2.1246135,3.9121108,4.308782053846154,0.3039176038745462,3.7148352,4.778787,24.905872578407244,1.4992571386694333,20.38727499293579,26.413014221869563,3.0,0.0,3.0,3.0,2.1538461538461537,0.9209376921060498,0.6666666666666666,4.0,2.511625153846154,0.5266048433564884,1.7576102,3.2264059
1106174,47.123,16.4243,Austria,A,4,0.8528911810944868,14,11.506849315068491,3186.1401898133845,62.64889880644436,3074.3856306519383,3285.0890365665714,4205.357142857143,373.0818288531461,3281.25,4406.25,2.655673128571429,0.37452057823745505,2.050825,3.1944242,4.484272021428572,0.3833291614752543,3.8121548,5.0370455,24.218436638787402,1.8346710921426637,20.31011540191488,26.993598734230403,3.0,0.0,3.0,3.0,2.7857142857142856,1.2885770597842676,1.0,5.0,2.2987239571428573,0.6848736869341588,1.454528,3.4816961
1106773,50.2171,17.082,Czech Republic,C,4,0.8473885987515233,3,7.826086956521738,2915.4620709940245,602.709809400261,2065.501535848521,3395.79564056698,6882.8125,1852.6335246244737,4265.625,8296.875,5.147686766666666,0.24868177505701694,4.800302,5.368885,4.5880467,0.04307079810707035,4.5275655,4.624545,10.120584868892797,1.5779432286985788,8.881389355497383,12.347401686322131,3.0,0.0,3.0,3.0,1.111111111111111,0.1571348402636772,1.0,1.3333333333333333,2.1803902,0.07021072499758614,2.0815263,2.2378075
123503,52.3247,6.7908,Netherlands,B,3,0.6288175060919239,9,18.0,3358.8934392335104,52.18759360721521,3285.0890365665714,3395.79564056698,4328.125,38.273277230987155,4265.625,4406.25,3.235993822222222,0.23750176662674777,3.0315638,3.7606297,4.6236823777777785,0.14575034374152548,4.258786,4.7803507,16.096086652905132,1.2105546280413246,13.59944930002427,17.473277668278442,3.0,0.0,3.0,3.0,1.9259259259259263,0.3777051491550211,1.0,2.3333333333333335,2.110090733333333,0.2843851525178993,1.8554413,2.8328257
124161,54.1939,9.2592,Germany,B,3,0.6588111058985945,3,12.0,3412.2277127252505,339.85713710371977,3074.3856306519383,3877.208470957242,4546.875,465.61451330472937,3890.625,4921.875,4.181843700000001,0.5295779738055768,3.5468848,4.8432703,4.708594633333333,0.035140144986831524,4.6795692,4.7580414,18.188574968855374,1.9513890987375768,15.431545545706555,19.671830751297637,3.0,0.0,3.0,3.0,1.2222222222222223,0.41573970964154905,0.6666666666666666,1.6666666666666667,2.106728933333333,0.09910700276880324,2.0266454,2.2463863
127074,48.3064,10.9328,Germany,B,3,0.7553919637496653,8,13.714285714285714,3877.7409316244357,64.27212941179404,3750.807288950415,4007.86933830162,4048.828125,25.540423497308634,4007.8125,4078.125,2.4810450875,0.47181508414481743,2.084254,3.5115557,4.6259715125,0.2053259247089395,4.1766233,4.9201756,22.99795259276836,4.170236353142156,15.288014536054344,28.903692711684357,3.0,0.0,3.0,3.0,2.375,0.789470638395684,1.0,3.6666666666666665,2.127824175,0.4427516474439641,1.6721373,3.1398656
127755,43.7321,7.063,France,B,3,0.7156975465785601,7,18.26086956521739,3395.7956405669797,4.547473508864641e-13,3395.79564056698,3395.79564056698,4215.401785714285,8.201416549497248,4195.3125,4218.75,1.592927685714286,0.10199628478223295,1.423344,1.7214572,4.703129514285714,0.23252775844114637,4.355239,5.0020514,27.98365812900378,1.3201673340004396,25.778366889773963,30.018972660248114,3.0,0.0,3.0,3.0,2.7619047619047623,1.0033955955097846,1.3333333333333333,4.0,1.781808514285714,0.34661542255849914,1.3653914,2.337316
128702,53.0049,4.7821,Netherlands,B,4,0.4924414107859404,5,2.419354838709677,2175.855664570575,232.2054446787443,1870.0030608561433,2519.9500475013783,5793.75,963.8940796970381,5132.8125,7710.9375,5.2370382200000005,0.13642378906903885,5.015556,5.42534,4.926956580000001,0.09073234933291223,4.769005,5.0256667,7.977182994183039,0.9250964500000617,6.600980179330688,9.33560212290632,3.0,0.0,3.0,3.0,2.333333333333333,0.4714045207910316,1.6666666666666667,3.0,1.7710626999999999,0.12323175922215832,1.6124356,1.9722213
129137,52.114,4.332,Netherlands,B,4,0.6397353592245262,8,4.324324324324324,2593.3469523188314,996.479872269164,1637.8144970715018,4142.933441216916,5507.8125,2115.031478322929,3093.75,8203.125,4.9380252625,0.6377926561606857,4.2019587,5.6456866,4.975301937499999,0.2390711241112984,4.479634,5.23558,14.872638280020775,6.995901342167663,7.538754601845024,28.701893157709275,3.0,0.0,3.0,3.0,2.791666666666667,0.8650224788344456,2.0,4.666666666666667,1.5888144125,0.2681484859879198,1.1124792,2.0084317
129182,54.1522,9.2256,Germany,B,4,0.7151460400142474,12,11.80327868852459,3435.460800620773,274.18408285964153,2974.1573399706103,3628.5269219403576,3802.734375,72.31839289677194,3726.5625,3937.5,2.7306140916666664,0.3480784378601215,2.308162,3.3684406,4.935520575000001,0.4078311583256547,4.170533,5.4676437,20.739260965052754,3.6917136791975285,16.33059174384196,26.142034874419053,3.0,0.0,3.0,3.0,3.055555555555556,1.2969575033254168,1.0,5.0,1.5247706291666667,0.5577935141569774,0.7755864,2.562494
129184,54.1476,9.2143,Germany,B,4,0.7968634303573818,47,17.407407407407405,3823.9448209291645,564.9501573150379,2877.196599772457,4282.549167540185,4050.6981382978724,423.1838945386899,3187.5,4406.25,2.3513079872340428,0.9899190575718942,1.3852578,4.4584904,4.648717082978723,0.46805429692861233,3.573592,5.283399,26.170440239672754,9.244193428842326,10.27616106136816,37.33586038584867,3.0,0.0,3.0,3.0,2.375886524822695,1.0049923168180626,0.6666666666666666,4.0,1.8873183276595744,0.6675827759871917,1.1094068,3.547953
129323,52.0775,4.3249,Netherlands,A,4,0.1400782383364951,39,13.371428571428572,2886.750459303866,180.7249480204432,1870.0030608561433,3074.3856306519383,4803.485576923077,424.8674822768881,3093.75,4992.1875,3.7255773025641017,0.318580731833838,3.0276706,4.7997174,4.580759053846153,0.3714734536443278,3.822245,5.483255,14.438368208283945,1.934327123092524,4.601876677337327,16.834877208701656,3.0,0.0,3.0,3.0,2.1367521367521367,0.9080769220713454,0.3333333333333333,4.0,2.1376637728205132,0.6213279798574448,0.93605334,3.8356016
129324,52.0775,4.3249,Netherlands,A,4,0.1400782383364951,14,4.8,3759.835944808047,32.553281643205,3750.807288950415,3877.208470957242,4786.272321428572,48.6644258496048,4710.9375,4828.125,3.696713735714286,0.13626612089913095,3.3788676,3.874752,4.616648,0.31760575772397004,4.1692476,5.0993085,22.03174211788625,0.557830902260472,21.23055003520135,23.14509998741997,3.0,0.0,3.0,3.0,1.9047619047619049,0.7174532939675887,0.6666666666666666,3.0,1.9680277642857142,0.5242194570816114,1.2122456,2.8202586
129325,52.0775,4.3249,Netherlands,A,4,0.1400782383364951,17,8.717948717948719,4007.86933830162,0.0,4007.86933830162,4007.86933830162,4352.481617647059,394.38341137477346,4101.5625,5085.9375,2.8213564941176474,0.0766477139230056,2.6833084,2.9802287,4.702500252941177,0.2892150381169106,4.2415156,5.1653643,21.158534913279635,0.7551817355948177,19.51509458186733,22.31254171648064,3.0,0.0,3.0,3.0,2.490196078431372,0.9154994141120589,1.0,4.0,1.8145559588235294,0.4311990371476741,1.1807559,2.6467
129326,52.0775,4.3249,Netherlands,A,4,0.1400782383364951,39,13.371428571428572,3623.0540005875846,585.0509008752223,1584.4199762742635,3877.208470957242,3975.9615384615386,27.315668695585362,3937.5,4078.125,2.68926217948718,0.5797259717464571,2.1431103,4.52746,4.659414710256411,0.34879832251875187,4.1658587,5.592955,18.917845835675653,4.556174521245405,3.6376504524840865,25.25913813689964,3.0,0.0,3.0,3.0,1.4871794871794872,0.6745100737418414,0.3333333333333333,3.3333333333333335,2.022936128461539,0.5863328016077577,0.60629916,3.1853745
129327,52.0775,4.3249,Netherlands,A,4,0.1400782383364951,20,6.936416184971098,4783.593430598502,1191.6249947095087,1584.4199762742635,5400.863100624323,5346.09375,381.52765888227225,4312.5,5742.1875,3.17020389,0.6256059821247515,2.179591,4.958424,4.1301677549999996,0.5215494238268233,3.7592292,5.571555,21.735510808512394,6.214083083828634,3.162029194001762,24.86619882786737,3.0,0.0,3.0,3.0,1.1,0.9837569708915804,0.6666666666666666,4.333333333333333,2.8193406814999995,0.7766313604849779,0.67440873,3.3737864
129328,52.0775,4.3249,Netherlands,A,4,0.1400782383364951,29,14.5,2762.664017375072,423.9072194308313,1637.8144970715018,4142.933441216916,4270.474137931034,67.24992692687948,4242.1875,4617.1875,1.9628194965517245,0.5812021214504833,1.3010926,4.714576,4.3027464,0.4486920688128344,3.3880959,5.5601707,22.280520226403397,4.479931554735188,3.866488482112078,31.437184136035224,3.0,0.0,3.0,3.0,1.8045977011494252,0.8644411805500306,0.3333333333333333,4.0,2.5192434586206893,0.7948675602648781,0.7117073,4.2133384
129329,52.0775,4.3249,Netherlands,A,4,0.1400782383364951,9,4.122137404580153,4784.285304335703,1174.4698254165855,1637.8144970715018,5400.863100624323,5414.0625,465.87660987111167,4148.4375,5859.375,3.290242611111111,0.45315209654416483,2.872805,4.1210704,4.174693744444443,0.6591606853360248,3.7008123,5.5821548,20.55212037215118,7.103958388978062,4.860665480960047,26.092232631991575,3.0,0.0,3.0,3.0,1.148148148148148,1.2483184849150162,0.6666666666666666,4.666666666666667,2.7785034555555557,0.9491758557861402,0.6192195,3.4683597
129330,46.331,6.428,France,B,4,0.7033804915190129,4,16.0,3061.8530021467122,452.83370435232314,2281.438294886726,3395.79564056698,4488.28125,51.08084699461727,4429.6875,4570.3125,2.9742297250000003,0.26590282639226853,2.5904884,3.265063,4.81748065,0.14532164997275013,4.647808,5.0018177,22.332527334232534,3.6291866006297724,16.509650754618978,26.502222293525616,3.0,0.0,3.0,3.0,1.8333333333333333,0.7637626158259734,1.0,3.0,1.707859625,0.27195681026959384,1.406024,2.0210154
129331,46.331,6.428,France,B,4,0.7033804915190129,8,16.551724137931036,3174.882318058847,530.0433776680891,2065.501535848521,3877.208470957242,4192.3828125,21.727144005163076,4148.4375,4218.75,4.28133285,0.3599537827352699,3.656553,4.913523,4.9173684875,0.16439605560868417,4.666623,5.2499323,14.8449756467979,2.6934251263770115,8.889548857288933,18.61682754824207,3.0,0.0,3.0,3.0,1.5833333333333333,0.7592027982620249,1.0,3.0,1.82509175,0.295258185522108,1.344366,2.2634785
129332,46.331,6.428,France,B,4,0.7033804915190129,10,20.689655172413794,3201.1803559160257,115.40037596908475,3074.3856306519383,3395.79564056698,4907.8125,830.2434577994277,4406.25,6562.5,3.57606246,0.2545733073386611,3.282654,4.1152663,4.682859039999999,0.13745568863170554,4.3054724,4.8534694,23.38288451397151,1.8275503112072284,19.280495645682898,25.552105808104532,3.0,0.0,3.0,3.0,2.066666666666667,0.44221663871405337,1.0,2.6666666666666665,1.8562958200000002,0.27354875189552164,1.5086648,2.6026855
129371,54.1522,9.2256,Germany,B,4,0.7151460400142474,11,19.411764705882355,3074.692691201276,43.462488919248585,2974.1573399706103,3177.9915873759783,3781.9602272727275,551.2251348962832,3164.0625,4476.5625,3.1472320090909083,0.29940116503743525,2.8188908,3.6522877,4.942078681818182,0.39649379331882206,4.2099223,5.5418625,17.960426310717786,4.799093133610683,10.497642559904502,26.888265860292876,3.0,0.0,3.0,3.0,2.4545454545454546,0.9241182231501156,1.0,4.333333333333333,1.5358174545454546,0.5376949778954918,0.7160596,2.5894246
129372,54.1522,9.2256,Germany,A,4,0.7151460400142474,4,13.333333333333334,3194.193787506687,331.29058087980786,2877.196599772457,3750.807288950415,4166.015625,34.66452997909931,4125.0,4218.75,3.046079625,0.22449103946565857,2.7205236,3.3532867,4.001013875,0.0936867029118427,3.8497517,4.103626,21.16510728787053,0.8826855692496817,20.187535691303538,22.463485285240072,3.0,0.0,3.0,3.0,1.1666666666666667,0.5,0.3333333333333333,1.6666666666666667,3.046195975,0.5585085237076798,2.5938482,4.0022297
130269,54.191,9.106,Germany,B,4,0.3964585165050418,6,16.363636363636363,3790.0547806774557,364.4435291779803,3177.9915873759783,4142.933441216916,4464.84375,22.439697838039173,4429.6875,4500.0,3.463889216666667,0.24224168670446608,3.1375616,3.833374,4.617911066666667,0.3259452684845654,4.125327,5.061163,17.732475880276194,1.2937891344172574,14.975700960717012,18.879703672179588,3.0,0.0,3.0,3.0,2.5555555555555554,0.974996043043569,1.6666666666666667,4.333333333333333,2.0305294000000003,0.45000223300165226,1.4371779,2.7198384
131114,44.3494,-1.067,France,B,4,0.4484539256679527,3,8.571428571428571,3286.2920881698433,88.92220156397876,3177.9915873759783,3395.79564056698,3976.5625,11.048543456039805,3960.9375,3984.375,2.023940966666667,0.076489778226215,1.9161322,2.0855253,5.169832333333333,0.02808779452031713,5.1394167,5.207166,24.051943735951856,1.1031215817804785,22.519056955153125,25.069403907113333,3.0,0.0,3.0,3.0,3.7777777777777772,0.1571348402636773,3.6666666666666665,4.0,1.1422501333333333,0.04695781287356655,1.0760751,1.1801546
131217,44.3494,-1.067,France,B,4,0.4484539256679527,15,17.307692307692307,2927.081912868832,355.15825156524204,2692.655140983971,4142.933441216916,4148.4375,19.136638615493577,4125.0,4195.3125,2.7775597799999994,0.44242820809131833,2.173525,3.648012,5.226994593333334,0.1835512933750544,4.618284,5.3871665,16.6053439647843,2.5336485553288597,10.70012511053028,20.834162127964,3.0,0.0,3.0,3.0,4.111111111111112,0.7470105028431826,2.3333333333333335,5.333333333333333,1.1562372226666668,0.13518954938298053,0.97765344,1.4335012
131258,46.3995,6.7051,France,B,4,0.8222331796909588,12,18.46153846153846,1839.3574256422305,251.53982493491628,1584.4199762742635,2519.9500475013783,4890.625,1670.3592720298977,3257.8125,7757.8125,5.496292133333333,0.19875222010620125,4.8662434,5.6098113,5.020892075000001,0.22859112633910042,4.6968155,5.3254156,7.988757493377488,6.726889521551151,0.200407821393396,20.105207461016903,3.0,0.0,3.0,3.0,3.194444444444444,1.189913888366883,1.3333333333333333,5.0,1.6888538750000002,0.3308360290022615,1.2635108,2.2974057
131260,46.3995,6.7051,France,B,4,0.8222331796909588,7,14.0,3393.067475426424,308.33073635036436,3177.9915873759783,3877.208470957242,4530.133928571428,32.462141902341486,4476.5625,4570.3125,2.8902247999999995,0.17180375434875855,2.5998833,3.1228964,4.615423242857143,0.25732844926909965,4.1656566,4.8708353,21.75994902329773,1.5927858600926048,19.212305423672717,23.734983462025763,3.0,0.0,3.0,3.0,1.9523809523809528,0.5172752614857246,1.0,2.3333333333333335,2.0239657714285717,0.4728087693985886,1.5961677,2.8050835
131591,48.3447,10.9154,Germany,B,4,0.666194234771257,4,7.0588235294117645,3100.2871198329485,44.8626952532049,3074.3856306519383,3177.9915873759783,4435.546875,132.97037950676037,4335.9375,4664.0625,2.347085475,0.15561020784230983,2.1472247,2.5810976,4.252235000000001,0.2742733393091734,3.8474941,4.597472,29.68301062693581,1.661465656936465,26.982334182092448,31.50452374761168,3.0,0.0,3.0,3.0,1.8333333333333333,0.6009252125773314,1.0,2.6666666666666665,2.24850085,0.5717854016888044,1.5669446,3.051208
131611,54.2137,9.1037,Germany,A,4,0.6337743925410773,4,6.486486486486486,2901.436784821995,41.985232090671936,2877.196599772457,2974.1573399706103,3404.296875,55.89487508302416,3328.125,3468.75,3.520532975,0.05786718029947432,3.4507492,3.6078744,4.48300275,0.15295954663958533,4.341597,4.730918,14.587453996622452,0.4715096368158314,13.99278112650643,15.19581675436663,3.0,0.0,3.0,3.0,1.9166666666666667,0.7216878364870323,1.0,3.0,2.3525252,0.3047182485198253,1.9039193,2.7051253
131706,44.5919,5.5699,France,B,4,0.925211833595112,12,10.0,3618.669097354438,32.69470540063558,3510.2330269093236,3628.5269219403576,3724.609375,24.316210152321744,3679.6875,3750.0,1.737871116666667,0.18693554977292678,1.4788892,2.156473,4.321568358333334,0.32894415649413683,3.7579412,4.755721,33.259912138905726,0.46311243720142414,32.34236830566991,33.953336833072186,3.0,0.0,3.0,3.0,2.361111111111111,1.0315247015348412,0.6666666666666666,4.0,2.191614833333333,0.487388360094267,1.6253141,3.162159
131731,48.3447,10.9154,Germany,B,4,0.666194234771257,29,17.938144329896907,3967.3194139533643,60.448258216781696,3877.208470957242,4007.86933830162,4282.5969827586205,345.0581799028041,4031.25,4945.3125,2.3714680275862072,0.15205815053194321,2.1173532,2.7041414,4.791893365517242,0.37625121835825487,3.8849607,5.263796,27.328881144867825,1.9493736013609624,23.73219412165239,31.2473803288929,3.0,0.0,3.0,3.0,2.4367816091954024,0.8122786089220576,0.6666666666666666,3.6666666666666665,1.7292759034482759,0.6110770224791993,1.0462087,3.2906725
132001,44.5919,5.5699,France,A,3,0.8550884090947514,9,15.0,2614.6253946728516,27.587681375429224,2604.8716763839616,2692.655140983971,3906.25,572.2889553691386,2812.5,4218.75,2.817091488888889,0.2357892606134292,2.2970304,3.0534885,4.607960333333334,0.21707317334906012,4.2232347,4.9206715,29.459899409234183,1.4110080443019166,26.587203394204064,31.276533316106818,3.0,0.0,3.0,3.0,2.0370370370370368,0.531581484978049,1.0,2.6666666666666665,1.849292022222222,0.2982918896711771,1.4417013,2.4399865
132426,46.331,6.428,France,B,5,0.721378614498262,12,16.74418604651163,3603.412741815582,763.3710796792784,1750.062319644153,4007.86933830162,4117.1875,22.09708691207961,4078.125,4148.4375,2.3778504750000002,0.5575212434374005,1.5467904,3.178984,5.065965416666668,0.17817992044444775,4.7741337,5.3362665,16.851565050996054,2.603425454927417,11.175741229941211,20.546871024890837,3.0,0.0,3.0,3.0,2.3055555555555554,0.8655798028268268,1.3333333333333333,4.0,1.3884384875,0.34594610932160375,0.88947195,1.8662614
132578,44.3597,-1.1472,France,B,5,0.6303733924797725,5,16.666666666666668,3395.79564056698,0.0,3395.79564056698,3395.79564056698,3810.9375,146.44218142324976,3632.8125,3960.9375,4.26569892,0.30041395041020585,3.730796,4.543155,4.83205524,0.20247449363423148,4.5642114,5.125018,15.28363362008819,0.6981233656713468,14.522320305202385,16.479709621555386,3.0,0.0,3.0,3.0,2.3333333333333335,0.6992058987801011,1.6666666666666667,3.3333333333333335,1.9145808000000002,0.274289194128912,1.4338317,2.224323
133965,47.8227,6.6076,France,B,5,0.923443964392206,13,15.918367346938776,2804.810913518824,254.4300058102026,1933.0216536654648,2974.1573399706103,4528.846153846154,106.87319953326153,4359.375,4687.5,3.5185180230769224,0.4998779482214482,2.5067723,4.365845,4.776170492307693,0.22264767707210023,4.156637,5.021776,21.88686256407689,3.59610244480621,11.67712910243568,24.991432615619733,3.0,0.0,3.0,3.0,2.435897435897436,0.9372136862819009,0.6666666666666666,3.3333333333333335,1.8170625538461538,0.48864711627483776,1.3082094,2.9102921
134309,42.4731,9.1681,France,B,3,0.8281008369123812,21,20.32258064516129,3646.1853777979377,56.59175267917286,3510.2330269093236,3750.807288950415,4588.169642857143,12.327411849539354,4570.3125,4617.1875,2.714946633333333,0.1752235697524012,2.3215394,3.138829,4.350342614285714,0.43136904115864727,3.105648,4.9415264,27.274376117274976,2.099165299241927,23.701157005422996,30.70070021884231,3.0,0.0,3.0,3.0,2.4761904761904763,1.0418310527886945,0.3333333333333333,4.333333333333333,2.265150380952381,0.7312088447050448,1.466974,4.642257
134344,42.784,0.036,France,B,5,0.8725834085755145,24,16.0,3564.777852993035,76.24058239807887,3395.79564056698,3750.807288950415,3925.78125,41.15489747208101,3796.875,4031.25,3.173247183333333,0.23223293181500385,2.2717931,3.4714072,4.674027275,0.3259531426781978,4.1382794,5.2457757,15.03772923305389,0.9030788492020546,11.485026447031084,16.03382178469205,3.0,0.0,3.0,3.0,3.472222222222222,1.4716980198832894,1.0,6.0,1.98056685,0.5529893233432653,1.1599468,3.1107671
134883,48.3447,10.9154,Germany,B,5,0.6921619888361845,22,13.608247422680412,3693.0159259433044,530.706059956108,2358.322142798309,4142.933441216916,4270.951704545455,33.09422848084318,4242.1875,4382.8125,3.13268460909091,0.3058553853410106,2.201109,3.9604988,4.992207863636363,0.22611358124155317,4.398127,5.350604,20.605921798614116,1.6548635791579749,16.245076775661744,22.987609691236795,3.0,0.0,3.0,3.0,3.2121212121212115,1.0077750998979327,1.0,5.0,1.420601347727273,0.3014232453087204,0.93243325,2.1490083
135371,44.5861,5.543,France,A,5,0.8805064914728038,9,15.428571428571427,3807.4434603975346,85.61534063864525,3628.5269219403576,3877.208470957242,3937.5,24.705294220065465,3890.625,3984.375,3.1753449444444444,0.5329250060124013,1.9554514,3.9081366,4.499370188888889,0.41856455845338963,3.7633085,4.864708,20.047050197025317,3.837828399768839,17.20744780736685,30.506836048219228,3.0,0.0,3.0,3.0,1.962962962962963,0.8526566246830621,0.3333333333333333,2.6666666666666665,2.2390789,0.9510658464755868,1.5397986,4.397767
138015,48.3447,10.9154,Germany,B,6,0.715641355274845,18,11.020408163265307,3084.199189553291,382.5712500734701,2065.501535848521,3395.79564056698,5006.510416666667,294.6191936933755,3796.875,5109.375,3.4949380555555556,0.22760324007760913,3.0743773,4.0524216,5.015150272222223,0.29982374787205085,4.2526174,5.2657948,16.914946764901426,2.307389647982767,12.645053588434244,20.512310051534794,3.0,0.0,3.0,3.0,2.7037037037037037,0.8811390558052088,0.6666666666666666,3.6666666666666665,1.4197329388888889,0.45708832290836326,1.0492228,2.807853
138180,46.8072,1.2197,France,B,6,0.8241719616031613,7,15.555555555555555,3721.6662194824344,649.276555147017,2135.108373911701,4007.86933830162,4546.875,512.8782358624984,4148.4375,5367.1875,3.9615667714285716,0.1969338536155566,3.639174,4.313271,4.706136585714286,0.14812719938350705,4.437599,4.900206,19.701831432319075,1.4825781460511054,17.469413043277193,21.64850315410018,3.0,0.0,3.0,3.0,1.9523809523809526,0.5172752614857246,1.0,2.6666666666666665,1.8662536285714284,0.24908401742859324,1.5474576,2.3903608
138194,43.0495,3.0518,France,C,6,0.6297174506736269,25,19.736842105263158,2854.164583501454,298.03971550464263,2281.438294886726,3877.208470957242,4005.9375,561.4803257906727,3093.75,4617.1875,4.092472288,0.388443161259052,2.988678,4.3947673,5.101209283999999,0.13363965731475572,4.737467,5.3383126,12.283991529222176,2.006821001246997,9.023014253772423,17.377322068423815,3.0,0.0,3.0,3.0,3.3466666666666667,0.7332121111929345,2.0,4.666666666666667,1.365387336,0.1859843988568888,1.0497884,1.8495936
138198,43.0495,3.0518,France,B,6,0.6297174506736269,7,12.727272727272727,3768.864600665676,44.23119982877025,3750.807288950415,3877.208470957242,4185.267857142857,79.09159694877935,4054.6875,4289.0625,3.2493790571428574,0.07787602569593473,3.1244001,3.375265,4.813170171428571,0.13011576372157124,4.5901103,5.053279,17.77125180352502,0.3772560598435915,17.15922791262111,18.30726899351017,3.0,0.0,3.0,3.0,2.476190476190476,0.46656947481584343,1.6666666666666667,3.3333333333333335,1.7037876285714286,0.16938554381826026,1.3905146,1.991502
138200,43.0605,-0.4588,France,B,6,0.8638458709046117,11,15.714285714285715,2737.0406770167892,512.0289005376028,1998.1639558540896,3177.9915873759783,3965.1988636363635,202.56050375966134,3328.125,4078.125,3.176802472727273,0.24037463033936726,2.851716,3.6251445,4.8854220545454545,0.14957980041929195,4.5785356,5.1092453,19.157664604036963,2.2700597083029224,15.28116197250949,22.49011070797216,3.0,0.0,3.0,3.0,2.727272727272727,0.9828651357713245,1.0,4.333333333333333,1.6876991000000003,0.32793249767356364,1.2276628,2.3793185
139542,52.0775,4.3249,Netherlands,B,6,0.1800885029203276,7,13.125,3215.902372725268,230.01236896356906,2974.1573399706103,3750.807288950415,4131.696428571428,274.10405273967825,3843.75,4570.3125,2.720946885714285,0.5989892340712224,2.1148288,3.7439547,5.143339300000001,0.21344151951228083,4.7561584,5.481252,14.618002019945418,3.4085987838099223,9.502466312294397,19.538453036475023,3.0,0.0,3.0,3.0,2.8095238095238098,0.7315376902732008,1.6666666666666667,4.0,1.2298506285714286,0.2962522950822912,0.7865353,1.820461
142080,51.0383,3.9184,Belgium,B,4,0.531203761291669,13,17.72727272727273,3277.12839853728,51.41972575977242,3177.9915873759783,3395.79564056698,5415.865384615385,36.14772413899655,5343.75,5460.9375,3.4836033923076926,0.23151975806678746,3.017405,3.7200105,4.739265546153845,0.3845582419842132,4.103307,5.2670355,22.174916293753924,1.146918513044371,20.710136626836047,25.06957211134658,3.0,0.0,3.0,3.0,2.948717948717949,1.3129607296914982,1.0,4.666666666666667,1.894883907692308,0.6002768002835237,1.1281586,3.0520294
142808,51.0362,4.0066,Belgium,B,3,0.6456403862829505,11,16.923076923076923,3316.2553651199732,92.92760902985397,3074.3856306519383,3395.79564056698,4237.926136363636,107.5519556601474,4171.875,4476.5625,2.940641490909091,0.3114964208057161,2.5812957,3.6714106,4.773308663636363,0.30430140025839,4.0325227,5.150749,21.79952585398094,2.371602703108502,17.718637252757606,26.237337210295376,3.0,0.0,3.0,3.0,2.3636363636363638,0.7310507928372617,1.0,3.6666666666666665,1.737574836363636,0.403459427580274,1.1794679,2.6757042
156977,46.5762,0.322,France,C,5,0.4283011619396369,13,13.0,3197.5965837624203,551.1914541292696,1750.062319644153,3877.208470957242,3688.701923076923,500.87106885554306,3375.0,4640.625,3.959859707692308,0.28261074598006974,3.4883451,4.526722,5.207522946153846,0.09418683477489444,5.04578,5.346116,12.39864462317639,1.2060802538679043,10.01225309204442,14.849849429021727,3.0,0.0,3.0,3.0,2.8461538461538463,0.5790558866992931,1.6666666666666667,4.0,1.237316553846154,0.15688510462848826,1.0051831,1.5215644
161542,49.1482,2.6614,France,A,4,0.5608585155982383,4,12.631578947368421,2854.536927127798,78.96884717439052,2783.3968843840626,2974.1573399706103,4294.921875,55.89487508302416,4218.75,4359.375,3.5257591749999997,0.06749138595214853,3.4508615,3.6120362,4.4964178,0.4187057260098315,3.7951002,4.883484,19.297429344542962,1.2897326680553514,17.67722829126173,21.030895852181455,3.0,0.0,3.0,3.0,2.9166666666666665,1.2104865871944959,1.0,4.333333333333333,2.1780714,0.6609959534299246,1.5666897,3.2881758
169309,46.9883,7.0515,Switzerland,B,3,0.6329553364907579,6,20.0,3040.976200424829,47.24806933833563,2974.1573399706103,3074.3856306519383,4394.53125,29.491540762776367,4359.375,4453.125,3.4060627500000002,0.19880546677876462,3.0097692,3.6208267,4.948769016666667,0.22382254007659286,4.65212,5.2529473,17.130263479698677,1.585908312194445,15.013061541267142,19.60712302185047,3.0,0.0,3.0,3.0,2.2222222222222223,0.7617394000445605,1.3333333333333333,3.3333333333333335,1.5602458333333333,0.36588557348096623,1.0877684,2.108782
170174,46.9883,7.0515,Switzerland,B,3,0.6329553364907579,4,21.81818181818182,3102.0044094602645,113.34730670099137,2974.1573399706103,3285.0890365665714,3767.578125,472.9426753528612,3351.5625,4570.3125,4.092466,0.20963044876043171,3.821047,4.34565,4.722550825,0.3427052328392169,4.1876717,5.0366106,15.774936442390565,0.6179748784612049,14.82944850268524,16.543251965788283,3.0,0.0,3.0,3.0,2.75,1.1873172373979173,1.0,4.0,1.66416805,0.2786731558294457,1.3630117,1.9983978
170185,46.9883,7.0515,Switzerland,A,3,0.6329553364907579,10,17.647058823529413,3384.7249801669395,33.211981200122636,3285.0890365665714,3395.79564056698,4586.71875,542.3186305764467,3492.1875,4898.4375,3.41581271,0.17873670441903333,3.1343796,3.6967108,4.59721229,0.4482742271276935,3.6559782,5.0446944,21.640809656704995,1.7052972097796473,18.135773506384098,24.68440289563166,3.0,0.0,3.0,3.0,2.433333333333333,1.2115187896924164,0.3333333333333333,4.0,2.0054737400000002,0.8962276054762753,1.3845989,4.435739
170654,46.1743,5.9503,France,B,3,0.7089928562558803,4,10.90909090909091,3792.8172083342956,286.5904893374183,3510.2330269093236,4142.933441216916,4681.640625,10.14873520059889,4664.0625,4687.5,3.8402020749999997,0.24160016289902803,3.5370014,4.0912175,4.9927598500000006,0.27920191582244314,4.5134807,5.193762,18.42940110665032,2.0809140006790097,16.837086062903055,22.007327553222627,3.0,0.0,3.0,3.0,2.3333333333333335,0.816496580927726,1.0,3.0,1.47184765,0.41739805523354157,1.1610334,2.1877813
171456,48.3447,10.9154,Germany,C,3,0.6322068880157506,12,17.5609756097561,4090.2084066912844,174.86915658005788,3510.2330269093236,4142.933441216916,4220.703125,20.203282095290234,4171.875,4242.1875,3.8505507750000003,0.3344167834791617,3.3432825,4.34106,4.3818059,0.21892423519555806,4.047115,4.8004274,21.338772042879977,2.1256116804962844,17.790430613422046,24.24102412175923,3.0,0.0,3.0,3.0,0.75,0.19837301190396806,0.6666666666666666,1.3333333333333333,2.641647675,0.26297388663378457,2.0872335,3.034565
171460,48.3447,10.9154,Germany,C,3,0.6322068880157506,5,3.79746835443038,3510.233026909323,4.547473508864641e-13,3510.2330269093236,3510.2330269093236,3750.0,96.06516343087124,3585.9375,3867.1875,3.1800671799999995,0.2040732181251367,2.9193168,3.5345526,4.925891539999999,0.254904649807002,4.616124,5.324242,15.213928895996327,2.6121536058914043,11.136041223235663,18.10882565194433,3.0,0.0,3.0,3.0,2.8666666666666667,1.0666666666666667,1.3333333333333333,4.0,1.83469244,0.4856508151219664,1.0790024,2.4646611
171462,48.3447,10.9154,Germany,B,3,0.6322068880157506,15,4.128440366972477,3029.140739504227,553.4453556888596,2065.501535848521,3510.2330269093236,4040.625,448.85923113488485,3585.9375,4546.875,2.8512802533333335,0.3857986079863532,2.4204807,3.670478,4.9353169800000005,0.21127363177501093,4.438117,5.1826563,19.89603771630741,2.6386734290456473,15.14864693926102,25.074001782836294,3.0,0.0,3.0,3.0,3.088888888888889,1.2260545977007753,0.6666666666666666,5.0,1.6298892133333331,0.44138330892032585,1.1646842,2.7247303
171463,48.3447,10.9154,Germany,B,3,0.6322068880157506,5,13.636363636363637,3006.799514395735,627.7167675191719,2065.501535848521,3510.2330269093236,3998.4375,457.9857820527838,3609.375,4593.75,2.78842528,0.2861951418044366,2.593223,3.3565416,4.9925763199999995,0.111082855001524,4.8646746,5.182702,19.816662367501518,2.791345549046814,17.374147854289777,23.996793049739978,3.0,0.0,3.0,3.0,2.8666666666666663,0.5811865258054231,2.0,3.6666666666666665,1.4717360200000003,0.16486891821315988,1.2229401,1.7175373
171608,49.0203,9.0382,Germany,B,3,0.8497155645275299,15,18.367346938775512,3279.9381742174414,558.7759022597531,1933.0216536654648,3877.208470957242,4735.9375,1240.9476910309313,4195.3125,7968.75,3.943664153333333,0.22536248008854787,3.4465833,4.274175,4.724714586666666,0.14360995019668082,4.4838085,4.930637,18.776157913768483,1.1677785473295885,16.591588219242336,20.509101083974205,3.0,0.0,3.0,3.0,1.844444444444444,0.36243347622889094,1.3333333333333333,2.3333333333333335,1.9295969000000002,0.22960190878276543,1.6278033,2.3612006
172170,52.125,4.34,Netherlands,B,4,0.7666637585997719,14,8.484848484848484,3224.8799329892595,94.38981858354934,2974.1573399706103,3285.0890365665714,4618.861607142857,1044.3866122020959,3515.625,5789.0625,3.4880318857142854,0.21064623345250774,3.1457536,3.9422882,4.871314871428572,0.25521480148535514,4.3596992,5.185624,17.76807503474243,1.8630458924525604,14.157647469161866,19.82765992140652,3.0,0.0,3.0,3.0,2.4047619047619047,0.7985957062499249,1.0,4.333333333333333,1.5573659928571428,0.35079043230427376,1.1602304,2.341219
172453,52.0727,4.4515,Netherlands,A,4,0.7059104683121297,48,12.25531914893617,3717.689689551858,54.34019524278799,3628.5269219403576,3750.807288950415,3834.9609375,26.475472093214766,3773.4375,3890.625,2.9051035166666668,0.3953118900320603,2.181486,3.938377,4.860761739583333,0.28278351190599604,4.1166716,5.2878757,21.171803827842208,3.340267267852375,14.8379328642706,27.99669277365588,3.0,0.0,3.0,3.0,2.423611111111111,0.9147444070596515,0.6666666666666666,4.0,1.649963997916667,0.427138095420427,1.0929116,2.9211314
172565,46.98,7.038,Switzerland,B,4,0.5257085190655458,8,16.0,2941.049337390291,557.7080708321738,1482.796342429293,3285.0890365665714,5724.609375,1544.8650827108809,3492.1875,7265.625,4.7694699,0.27051629419907414,4.4559355,5.3560834,4.599846875,0.24826786591344613,4.315369,5.090266,13.840393858310064,5.295921739286406,0.6903149945251926,18.478608878310094,3.0,0.0,3.0,3.0,1.3333333333333335,0.408248290463863,1.0,2.3333333333333335,2.3443109250000003,0.3688397567508814,1.82569,2.7917395
175109,52.118,4.34,Netherlands,A,4,0.7313150840355606,8,5.274725274725275,3544.970832647804,191.75472276035865,3074.3856306519383,3750.807288950415,6029.296875,1238.6308531523262,4664.0625,7570.3125,4.293970612500001,0.23011983021960772,3.755986,4.546793,4.5568553000000005,0.26986954838123184,4.1292005,5.036258,16.16735517774582,1.468457604779458,13.923931388196012,18.19765579175421,3.0,0.0,3.0,3.0,1.5833333333333333,0.4930066485916346,1.0,2.6666666666666665,2.1209159125,0.3059875480659811,1.5270854,2.5555813
175274,52.3342,13.8088,Germany,C,4,0.7471893609209808,5,16.666666666666668,2877.196599772457,0.0,2877.196599772457,2877.196599772457,4040.625,11.481983169296146,4031.25,4054.6875,2.6753896200000002,0.545681342171991,2.295516,3.759963,4.858704179999999,0.14040252837530243,4.6291933,5.0385556,16.160958029077648,1.211334881258332,14.647507467879,17.482065149666596,3.0,0.0,3.0,3.0,2.7333333333333334,0.7423685817106698,1.3333333333333333,3.3333333333333335,1.7537919600000003,0.2890325786640503,1.4524729,2.2783017
176124,52.124,4.338,Netherlands,B,4,0.7916422045386458,50,16.666666666666668,3210.4699713798123,67.87134482697822,3074.3856306519383,3285.0890365665714,3698.4375,398.6029068430761,3351.5625,4289.0625,3.0921229319999997,0.17328967951038682,2.6484065,3.4548979,4.868660218,0.12660316145387945,4.6063547,5.1100826,18.1313064486441,2.1172479002868174,11.32917649795834,21.562061110201473,3.0,0.0,3.0,3.0,2.0,0.4371625682868001,1.3333333333333333,3.0,1.7098936160000002,0.19247971255345575,1.3507432,2.0956218
181235,48.3126,10.9312,Germany,B,5,0.8319861124378077,52,8.041237113402062,2826.062221610856,173.9896962050394,2358.322142798309,3628.5269219403576,4305.288461538462,331.2184131243084,2953.125,5250.0,3.9127381557692305,0.3608498837241312,2.457393,4.6294947,4.788151307692308,0.3240800944539369,3.83167,5.3599825,16.627066096480764,2.4044924765928535,9.98210502014724,20.382097516314907,3.0,0.0,3.0,3.0,2.173076923076923,1.2497698670469561,0.3333333333333333,4.666666666666667,1.9790761326923076,0.6167345378616916,1.047862,4.281069
183598,48.3447,10.9154,Germany,C,6,0.7010669279124822,4,2.2222222222222223,3284.931805970606,592.2766649866355,2692.655140983971,3877.208470957242,4886.71875,1276.1605758797314,3960.9375,7054.6875,5.0196950000000005,0.260708246136136,4.711359,5.4239864,5.250351,0.131836068204039,5.065913,5.434186,9.673350780379032,2.2209163755927386,6.576578174348106,12.74981695708442,3.0,0.0,3.0,3.0,1.25,0.27638539919628335,1.0,1.6666666666666667,1.315262325,0.22863130274072677,1.0582701,1.6793609
190675,52.6272,13.3078,Germany,C,4,0.5651263514475924,4,4.363636363636364,2390.017941279952,717.0959849206835,1933.0216536654648,3628.5269219403576,4423.828125,446.3520965468818,3750.0,4921.875,4.752205225,0.3606305048376411,4.3561635,5.1496224,5.1878496499999995,0.14400378933008148,5.042066,5.371842,9.583969950682869,2.597735037806101,6.2618042806050855,13.073831086605487,3.0,0.0,3.0,3.0,1.9166666666666667,0.7216878364870323,1.0,3.0,1.4435442250000001,0.35269731960538325,1.0512123,1.9423294
216367,49.0114,8.9031,Germany,B,3,0.7831946823841357,3,15.0,3008.655953692111,92.95580060698987,2877.196599772457,3074.3856306519383,7367.1875,22.09708691207961,7335.9375,7382.8125,4.229096566666667,0.09795078454190942,4.1030316,4.3418508,4.2233103666666665,0.3868018617415063,3.8452942,4.7547383,17.33882174256014,1.2884764485517604,15.530359199307004,18.43632680947888,3.0,0.0,3.0,3.0,1.0,0.47140452079103173,0.6666666666666666,1.6666666666666667,2.5482552999999997,0.6213130824935901,1.6746109,3.0663426
216369,49.0113,8.9029,Germany,B,3,0.7843350907771189,13,13.68421052631579,2950.8274604732596,1179.2073528554452,1482.796342429293,4282.549167540185,4537.860576923077,1443.9811505672146,3304.6875,7804.6875,4.5606061,0.7726896652196623,3.5372026,5.4571195,4.4290507923076925,0.5467020189422479,3.6868196,5.3848667,11.513440457329638,9.107190075040371,1.1843514572419649,21.942071724003373,3.0,0.0,3.0,3.0,1.4102564102564104,0.5415054379985353,0.6666666666666666,2.3333333333333335,2.6392118923076926,0.7775189881577768,1.1889886,3.6663125
217469,49.0314,8.9814,Germany,B,3,0.8025016246696839,10,20.689655172413794,2702.4979504269486,339.10114044237804,1693.0083986477366,2877.196599772457,4579.6875,303.6400263881559,3679.6875,4781.25,4.377829759999999,0.436738013647496,3.9734933,5.426488,4.31389867,0.28944487089097987,4.006471,4.976227,17.27363689022576,5.3367253195439694,1.425940139760704,20.794383788499523,3.0,0.0,3.0,3.0,1.1666666666666665,0.22360679774997896,1.0,1.6666666666666667,2.5065570200000002,0.3136814494547257,1.9529307,2.860466
217471,49.02,9.0169,Germany,B,3,0.817627813897839,8,18.46153846153846,4354.709536639142,72.16036909895638,4282.549167540185,4426.869905738098,4628.90625,31.00489817653817,4570.3125,4664.0625,2.9010943375,0.16927406948945203,2.61135,3.1634545,4.2056871625,0.1522648489649117,3.9672363,4.520716,23.240270999379153,1.0845157342949183,21.795321926767524,24.83663676833641,3.0,0.0,3.0,3.0,1.1666666666666667,0.47140452079103173,0.6666666666666666,2.3333333333333335,2.835954825,0.2903900209178457,2.2806628,3.190119
217472,49.0206,9.0183,Germany,B,3,0.8192703876196697,23,15.333333333333334,3231.3195540258284,446.8721915077403,2783.3968843840626,3750.807288950415,4813.858695652174,361.7570230913387,3890.625,5085.9375,3.223293978260869,0.4118644208786145,2.3869512,4.0387883,5.147995343478261,0.16962885563905278,4.7478786,5.502393,16.33985613590044,2.712469423717704,9.593613778651722,21.286562040861796,3.0,0.0,3.0,3.0,3.304347826086956,1.0163543995528543,1.6666666666666667,5.333333333333333,1.2914423378260873,0.23461206923040367,0.7911098,1.7908171
218029,48.3062,10.9337,Germany,C,3,0.7427027344312568,7,2.916666666666667,3612.748219888454,98.10603987283315,3395.79564056698,3750.807288950415,3977.6785714285716,27.201021444093612,3937.5,4031.25,3.504624228571429,0.2269204632480396,3.0261586,3.7832665,5.087009685714285,0.1842152121313346,4.814949,5.3556094,15.311045737433782,1.8671655625663337,12.280268473251146,17.241942285769042,3.0,0.0,3.0,3.0,2.857142857142857,0.8518354199999199,1.6666666666666667,4.0,1.368243342857143,0.2814151165548141,0.9891585,1.8259865
225389,49.0356,8.9537,Germany,B,3,0.8261439772074215,9,13.170731707317072,3678.4079522884194,469.81030097885736,2437.796955402183,4142.933441216916,4359.375,15.625,4335.9375,4382.8125,2.6222793111111113,0.19450689864632592,2.3142767,2.9096372,4.356750811111111,0.2185643770633035,4.1132755,4.84902,16.48093948216809,1.2535578747102236,14.460288866562532,17.824086440291,3.0,0.0,3.0,3.0,1.3333333333333333,0.3849001794597506,1.0,2.3333333333333335,2.5840634666666666,0.3459109405187796,1.8864554,2.9654696
233509,43.2835,5.3711,France,B,3,0.1116985627677111,15,15.254237288135593,2823.7460930541292,557.5051124312823,1532.7661745000066,3285.0890365665714,3800.0,902.3839953146332,2156.25,5156.25,4.114779513333334,0.3781478056673146,3.6359854,4.7459764,5.148746886666668,0.14370336323734784,4.786195,5.3121095,13.122667085784878,2.019930247946826,9.46510633696657,16.017578658212567,3.0,0.0,3.0,3.0,2.844444444444444,1.4239572749867373,0.6666666666666666,4.666666666666667,1.3875148400000001,0.2985506036770535,1.0497136,1.9956378
235079,43.9505,7.5265,France,C,4,0.8429811498708677,4,12.0,3126.1886090139583,51.802978362019985,3074.3856306519383,3177.9915873759783,4792.96875,48.31764405020696,4734.375,4851.5625,3.646391475,0.20635075825975752,3.322168,3.8960745,4.655802525,0.1894223715525092,4.361677,4.8466816,18.590498343237734,2.5337298837188413,14.712839586759424,21.15121577183266,3.0,0.0,3.0,3.0,1.9166666666666665,0.6400954789890507,1.0,2.6666666666666665,1.9762194749999997,0.4230243935418758,1.6375333,2.6832564
235214,43.9253,7.4826,France,B,4,0.9012871924827862,18,13.170731707317072,3750.807288950415,0.0,3750.807288950415,3750.807288950415,3867.1875,22.09708691207961,3820.3125,3914.0625,2.41562385,0.36445246859101643,1.8494565,3.299584,4.664935016666666,0.21707724376882598,4.2246113,5.0523524,21.427529233144,2.2068295865806564,16.353247978069515,24.821727912675673,3.0,0.0,3.0,3.0,1.6481481481481481,0.7574504198599096,0.3333333333333333,3.3333333333333335,1.9602073722222224,0.4582424865496382,1.3116941,3.1802406
235332,48.7303,11.1888,Germany,C,3,0.2570968349367405,34,10.355329949238579,3038.397685669059,545.2192429537954,1809.0389422075937,4142.933441216916,4245.63419117647,216.9138336843625,3234.375,4570.3125,4.154384567647059,0.8053146557430045,3.1147826,5.4995627,5.333661270588235,0.1982835366635076,4.810612,5.581236,10.19649121479128,4.537142330783408,3.7333078821544414,16.87552767447284,3.0,0.0,3.0,3.0,3.274509803921569,0.8573808278068802,1.3333333333333333,4.666666666666667,1.0822988214705884,0.3054639723947592,0.6776984,1.9207668
235333,48.7303,11.1888,Germany,C,3,0.2570968349367405,92,15.637393767705383,2782.612000228318,450.17881570575963,1637.8144970715018,3285.0890365665714,4118.376358695652,868.0637333305853,2484.375,6445.3125,5.008721658695651,0.30331293746865096,4.1908245,5.4667344,5.406130789130434,0.1430518951151967,4.919504,5.588119,7.245966976090548,2.4029002005992846,2.7869298470225017,12.85890659578336,3.0,0.0,3.0,3.0,2.6739130434782608,0.825292015175816,0.6666666666666666,4.333333333333333,0.9961551144565218,0.2389401302862155,0.65039027,1.9297966
235342,48.7303,11.1888,Germany,C,3,0.2570968349367405,92,15.637393767705383,2782.612000228318,450.17881570575963,1637.8144970715018,3285.0890365665714,4118.376358695652,868.0637333305853,2484.375,6445.3125,5.008721658695651,0.30331293746865096,4.1908245,5.4667344,5.406130789130434,0.1430518951151967,4.919504,5.588119,7.245966976090548,2.4029002005992846,2.7869298470225017,12.85890659578336,3.0,0.0,3.0,3.0,2.6739130434782608,0.825292015175816,0.6666666666666666,4.333333333333333,0.9961551144565218,0.2389401302862155,0.65039027,1.9297966
235549,48.3206,-4.2989,France,C,4,0.7796425547638008,14,15.555555555555555,3549.662129439206,523.6490755307237,1750.062319644153,4007.86933830162,4238.839285714285,12.072158288383893,4218.75,4265.625,3.157301964285714,0.5895462928487993,2.5332534,4.500855,5.029590064285715,0.14127243840860723,4.6598163,5.2647486,12.59479870095957,1.5791282132357891,7.5634397730426,13.89821066183674,3.0,0.0,3.0,3.0,3.3809523809523805,0.628138378965377,2.0,4.0,1.5607734714285715,0.24403879634856487,1.188386,2.1816568
236600,43.2847,5.3724,France,C,4,0.0883568961492238,12,14.693877551020408,2712.837605259687,285.16969060520904,2519.9500475013783,3628.5269219403576,4085.9375,86.29188294677547,3867.1875,4171.875,4.103919983333333,0.22550144467414854,3.6994908,4.469094,5.190261033333333,0.1863462376889202,4.7203665,5.417878,11.18076109059698,1.0411851183910672,10.119518257871627,13.250132711253418,3.0,0.0,3.0,3.0,3.75,1.3684608818615112,1.0,5.666666666666667,1.4006758250000002,0.3265230212219325,1.0226196,2.1170382
236601,43.2847,5.3724,France,B,4,0.0883568961492238,7,9.545454545454547,3061.4585248692006,529.7607707931921,2519.9500475013783,3750.807288950415,4168.526785714285,50.77818377713092,4125.0,4265.625,3.629841914285715,0.11543233037230607,3.3686159,3.7352865,5.266745614285715,0.049400328665923095,5.1502647,5.3130226,12.639275240254026,0.8351587244734618,11.473529912808758,13.761083830327289,3.0,0.0,3.0,3.0,4.571428571428571,0.3433858357584752,4.333333333333333,5.333333333333333,1.2223824428571428,0.0433916426110854,1.1690288,1.3156978
236602,43.2847,5.3724,France,B,4,0.0883568961492238,5,13.636363636363637,3628.5269219403576,0.0,3628.5269219403576,3628.5269219403576,4129.6875,27.332587007087344,4101.5625,4171.875,3.6425797799999997,0.16936844356477268,3.4971824,3.968546,4.80500656,0.3609164657472784,4.195249,5.1815805,13.425869824382906,0.11512145778937034,13.279174685009744,13.61315777074517,3.0,0.0,3.0,3.0,2.8,1.2400716825158848,1.0,4.333333333333333,1.8709993599999997,0.5718075401840748,1.3074803,2.8965368
236968,44.4087,-1.1749,France,B,4,0.6824706035831508,7,7.636363636363637,3960.2992478837405,258.997352353821,3395.79564056698,4282.549167540185,4968.75,151.89236011893422,4781.25,5250.0,3.8736613714285717,0.12213208189414924,3.7066493,4.061585,4.866353728571428,0.23283597112441146,4.494624,5.24881,13.184302091779216,0.7807039503010929,11.997418385721687,13.989963448308128,3.0,0.0,3.0,3.0,2.523809523809524,0.39267672624930106,2.0,3.3333333333333335,1.5700793857142856,0.3542076600926856,1.1377978,2.1655653
237067,48.7298,11.1889,Germany,C,3,0.253096687877449,8,1.6608996539792389,2494.4578450733075,638.0239006114374,1584.4199762742635,3285.0890365665714,4558.59375,410.4909348782108,3867.1875,4945.3125,5.0711911999999995,0.24259184974334977,4.598441,5.406498,5.38073375,0.09090418206824974,5.2808857,5.572484,6.811027254785328,1.5037532705611742,4.334816494612991,8.749516435548786,3.0,0.0,3.0,3.0,2.916666666666667,0.39965262694272663,2.3333333333333335,3.6666666666666665,1.038637125,0.1437449953214698,0.7016306,1.1875473
238554,48.7084,11.26,Germany,C,3,0.6408863812653675,11,19.411764705882355,3271.0355824090902,679.0090264500617,1693.0083986477366,4142.933441216916,5224.431818181818,1591.8203939251478,4195.3125,7945.3125,4.460627081818181,0.5612871262445789,3.597665,5.38289,4.876624572727272,0.2861458094686696,4.3513613,5.2101717,14.51767664011092,4.375433932270331,7.653298716699347,22.288420437362102,3.0,0.0,3.0,3.0,1.424242424242424,0.3784847271756605,0.6666666666666666,2.0,2.0093253,0.4778589300866788,1.3067877,2.6557298
238556,48.7084,11.26,Germany,C,3,0.6408863812653675,29,9.56043956043956,3283.779199808287,898.8395945022734,1693.0083986477366,4007.86933830162,4276.131465517241,555.5738117747851,2132.8125,4570.3125,4.193432544827585,0.5504758421187403,3.1133883,4.9871264,5.218138613793104,0.26111350709008513,4.5534606,5.590104,12.341741315340041,5.606756053688543,3.4591028121124414,23.526573952868983,3.0,0.0,3.0,3.0,2.333333333333333,0.6064784348631227,1.3333333333333333,3.6666666666666665,1.269615295862069,0.38951140513632665,0.63807833,2.289888
238557,48.7084,11.26,Germany,C,3,0.6408863812653675,7,16.153846153846153,3242.801216276858,377.1210037726479,2974.1573399706103,4142.933441216916,4359.375,12.527870714644893,4335.9375,4382.8125,3.2769650857142856,0.3502233933572091,2.8845859,3.7689884,4.430149171428572,0.2565984738154965,4.071562,4.740139,21.083998759641673,2.0634295350127174,19.25654088950825,24.43917650049793,3.0,0.0,3.0,3.0,1.3333333333333335,0.4364357804719848,0.6666666666666666,2.0,2.445312714285714,0.439815209841625,1.912365,3.0977006
239720,44.3597,-1.1472,France,B,4,0.6321077711127998,9,10.384615384615385,2950.1256969348688,435.7614316746426,2437.796955402183,3877.208470957242,4085.9375,24.705294220065465,4054.6875,4125.0,2.7546695555555556,0.11215273338848748,2.5841634,2.9589934,5.144302877777778,0.14316739174052925,4.821232,5.3131294,14.859384690222065,0.838687630637898,13.407259625663745,16.26789820630895,3.0,0.0,3.0,3.0,2.851851851851852,0.3552467795046459,2.3333333333333335,3.3333333333333335,1.3224387333333334,0.12694714070959703,1.1191505,1.5315684
239975,48.7088,11.2586,Germany,C,3,0.6280738447734439,9,4.462809917355372,1769.612385900723,152.6456878992294,1532.7661745000066,1998.1639558540896,4559.895833333333,677.5839495446712,3281.25,4945.3125,5.115856466666667,0.23861732121651263,4.678718,5.3627305,5.534135066666667,0.04138078348592363,5.4728894,5.608362,4.725582626970521,0.7349488590843591,3.474790822675617,5.727167365016867,3.0,0.0,3.0,3.0,2.9999999999999996,1.2862041003100249,1.3333333333333333,4.333333333333333,0.780697038888889,0.10105269993850186,0.60654867,0.9484265
239985,48.7088,11.2586,Germany,C,3,0.6280738447734439,18,20.37735849056604,3110.2543265087083,1077.7612721780326,1298.6852249982062,4007.86933830162,4209.635416666667,876.9209831557145,1570.3125,4546.875,3.7926457333333334,0.462499147037372,3.219067,4.567277,5.017398322222222,0.29032132670293,4.4041924,5.426305,14.17656933337437,5.810317503698919,4.483738075275785,20.794684846514585,3.0,0.0,3.0,3.0,2.555555555555556,0.8958064164776165,1.3333333333333333,4.333333333333333,1.529295661111111,0.35657986772022704,0.9876408,2.2015812
239990,48.7088,11.2586,Germany,C,3,0.6280738447734439,33,11.927710843373495,3733.460462413678,486.3239171994504,1750.062319644153,4142.933441216916,4477.272727272727,159.84690001278832,4171.875,4640.625,3.585885478787879,0.3484173439004764,3.1363971,4.3249755,5.044178884848484,0.15745826643883287,4.6835284,5.330626,15.893654057957722,2.5317654519586053,11.413332234934291,21.11777582438463,3.0,0.0,3.0,3.0,2.818181818181819,1.1164243943149978,0.6666666666666666,5.0,1.4754752454545454,0.24868943727846352,1.0502028,2.1374602
240121,47.501,9.668,Austria,B,3,0.4566899851377602,14,14.73684210526316,3177.991587375978,4.547473508864641e-13,3177.9915873759783,3177.9915873759783,3706.473214285714,847.084980133776,3234.375,5343.75,4.416322871428571,0.21973404320814224,4.075145,4.868282,4.561294221428571,0.14746491898275907,4.356527,4.869633,21.661122814020384,2.195234637350361,16.797077374720622,25.19886695196764,3.0,0.0,3.0,3.0,1.0,0.0,1.0,1.0,2.3933391357142852,0.19241387951580394,2.0015829,2.7265623
241436,42.9758,9.3828,France,C,5,0.8578864445473231,6,20.0,2024.3512064646238,613.3285964033198,1750.062319644153,3395.79564056698,5660.15625,686.0891952137582,5156.25,7148.4375,5.203574683333334,0.06755576684814836,5.1414814,5.338761,4.89342675,0.08732482002563285,4.7494907,4.9958963,3.7896086186561853,3.177233906933245,0.9893746922137412,10.564790632363207,3.0,0.0,3.0,3.0,2.7222222222222228,0.2991758226185835,2.3333333333333335,3.0,1.8703546999999998,0.10695993315118829,1.7438586,2.0196896
243306,48.7184,11.2311,Germany,C,3,0.5305282692240262,14,14.237288135593221,2802.120995820408,927.3154076632409,1584.4199762742635,4007.86933830162,4287.388392857143,144.33289270507095,4125.0,4476.5625,4.335117535714285,0.25345386157223015,3.8898168,4.8306446,5.362623042857143,0.07436793957115917,5.2575808,5.507538,9.059531582492713,1.7853402090589305,6.034611711687945,11.630281482101626,3.0,0.0,3.0,3.0,2.7619047619047623,0.5694409877667332,1.3333333333333333,3.6666666666666665,1.0596941699999998,0.13763016221724686,0.78504664,1.2876227
243871,46.8468,15.7486,Austria,B,5,0.7048730795144669,14,17.5,2586.6164005175447,167.81206184765398,1998.1639558540896,2692.655140983971,3996.09375,36.25514703299283,3960.9375,4078.125,3.3989741857142852,0.5357620359996922,2.462106,4.3049526,4.961594849999999,0.09660215643217684,4.7697763,5.1052127,15.750526333984315,2.6347516114072347,9.047853050132778,19.248597114813297,3.0,0.0,3.0,3.0,1.785714285714286,0.5286572216946314,1.0,2.6666666666666665,1.6145393071428573,0.17549381111840004,1.3678983,1.9284858
247553,46.9338,7.4967,Switzerland,B,6,0.5373779659973331,3,16.363636363636363,1851.029011388587,75.8882528954183,1750.062319644153,1933.0216536654648,5585.9375,1454.5523903421285,4289.0625,7617.1875,5.447519666666667,0.11719852422942689,5.31519,5.600113,4.8889232,0.06266143357079113,4.8164196,4.969301,4.6894259004882874,4.668292173119719,1.2398782479265698,11.289124696955426,3.0,0.0,3.0,3.0,1.4444444444444444,0.1571348402636773,1.3333333333333333,1.6666666666666667,2.014249466666667,0.12668134322002159,1.9064503,2.1920714
281635,50.233,5.466,Belgium,A,3,0.8139535593346708,10,14.634146341463415,3318.301017766694,50.73213927633743,3285.0890365665714,3395.79564056698,3876.5625,159.7192972256327,3398.4375,3937.5,2.0513077599999994,0.3539876885899797,1.5582122,2.9393277,4.72120342,0.24210782143005952,4.289605,5.0657315,27.0859098954179,3.1643010179603444,19.68049783074544,30.901459214967915,3.0,0.0,3.0,3.0,3.033333333333333,1.0268614533832907,1.6666666666666667,4.333333333333333,1.82178766,0.36898947878226335,1.3165483,2.4557447
281636,50.054,4.625,Belgium,A,6,0.992648406933444,9,15.882352941176471,2692.9838386284246,42.08328814940933,2604.8716763839616,2783.3968843840626,4197.916666666667,17.27408744976771,4171.875,4218.75,1.9697703333333334,0.3023350384078563,1.5906872,2.5605385,4.33390261111111,0.2980253099484093,3.7856152,4.724019,26.860951680494264,1.7722241004057466,23.585589216321235,29.24685446333371,3.0,0.0,3.0,3.0,2.185185185185185,0.7046776885348315,1.0,3.3333333333333335,2.2093468777777776,0.4463832570101088,1.7735891,3.3562615
281638,50.233,5.466,Belgium,A,3,0.8139535593346708,11,17.83783783783784,3706.341700946759,58.82244387896707,3628.5269219403576,3750.807288950415,4425.426136363636,493.7392524852884,3773.4375,4875.0,4.000550427272727,0.3988416907344523,3.1597795,4.522984,4.390579254545455,0.18280928878815136,4.0243206,4.587516,21.88776568435969,1.8010744963947913,18.88409202802334,24.45604197561465,3.0,0.0,3.0,3.0,1.3939393939393938,0.39742051662436373,0.6666666666666666,2.0,2.443403336363636,0.3881630516490514,2.0518076,3.1843185
281639,51.371252,4.612641,Belgium,A,6,0.8187455419332247,11,16.5,3353.827524285085,438.7870200857066,2604.8716763839616,4007.86933830162,5296.875,1209.7432710952467,4125.0,7265.625,3.7268265636363633,0.4380189293294387,2.7687821,4.288633,4.446222763636363,0.26288978520739026,3.9806597,4.861863,20.04454682660531,4.742763067159144,12.761910595734742,27.504894556966494,3.0,0.0,3.0,3.0,1.3333333333333333,0.4714045207910317,0.6666666666666666,2.0,2.4776472363636364,0.4151258399423925,1.9004523,3.1784735
281640,51.371252,4.612641,Belgium,A,6,0.8187455419332247,13,15.294117647058824,3723.498700613229,94.59972496598259,3395.79564056698,3750.807288950415,3977.1634615384614,24.981502032243423,3937.5,4031.25,2.0242710923076923,0.33653261131602885,1.5764072,2.7659166,4.087403592307692,0.2501280274042304,3.679563,4.4425745,26.156860390185276,3.448744248840088,19.92792918345835,31.081507716767224,3.0,0.0,3.0,3.0,0.9230769230769231,0.296816330840775,0.6666666666666666,1.6666666666666667,2.861773846153847,0.3862544091963156,2.224398,3.68164
281641,50.949,3.719,Belgium,B,4,0.7246819484021578,4,21.81818181818182,3635.407929603646,220.54205325839806,3285.0890365665714,3877.208470957242,4160.15625,26.20392161132566,4125.0,4195.3125,3.6163478,0.2891393630337194,3.2111185,3.974081,4.56018285,0.27169908807312465,4.22884,4.93501,17.85201970907518,1.4748710053126077,15.929919235736453,20.00815374133761,3.0,0.0,3.0,3.0,1.5833333333333335,0.14433756729740652,1.3333333333333333,1.6666666666666667,2.322149775,0.3739605494166622,1.8722275,2.8916814
281643,50.949,3.719,Belgium,B,4,0.7692259089013281,5,14.285714285714286,4205.462243146649,950.0982516637789,2692.655140983971,5224.789132745205,5310.9375,48.260766285876564,5250.0,5367.1875,3.52872136,1.012229059089842,2.2307227,5.1334267,4.4414320400000005,0.34993279727162824,4.0952277,5.021764,19.10933279564795,6.717153550761804,10.393650169523074,25.828232928808635,3.0,0.0,3.0,3.0,1.4666666666666666,0.4988876515698589,1.0,2.3333333333333335,2.6107913,0.5169249990882236,1.6450076,3.0828438
281644,50.233,5.466,Belgium,A,3,0.8139535593346708,15,20.454545454545457,1606.7297645668332,61.784934773688974,1532.7661745000066,1750.062319644153,3435.9375,996.7157984162286,1921.875,4640.625,5.17583976,0.14058252011230413,5.0143476,5.482443,4.813719320000001,0.19164785378542662,4.4555807,5.060191,8.7616589927795,3.0752344221714663,5.4723719123419565,17.541523357338935,3.0,0.0,3.0,3.0,2.4888888888888885,0.499876527964533,1.3333333333333333,3.0,1.9496068733333334,0.260197882715576,1.5490651,2.414629
281645,50.233,5.466,Belgium,A,3,0.8139535593346708,5,23.076923076923077,1764.5891622472896,101.73685439190422,1637.8144970715018,1933.0216536654648,3693.75,261.2414023704895,3445.3125,4171.875,4.85843116,0.08065238249992643,4.7659736,5.0007815,4.95910342,0.20547602187756503,4.6663513,5.2247524,4.5733797133488014,0.5716250343704505,3.5538597415413715,5.193963281265533,3.0,0.0,3.0,3.0,2.666666666666667,0.760116950066092,2.0,4.0,1.59707852,0.16607869652280394,1.3529387,1.8409083
282980,48.3062,10.9337,Germany,C,4,0.8048209348968378,3,7.826086956521738,4097.9120735784845,63.669828710855995,4007.86933830162,4142.933441216916,4718.75,370.24986284602454,4195.3125,4992.1875,3.1939998333333333,0.41564971629087166,2.6084697,3.53163,4.720101433333333,0.11531045269897383,4.613816,4.880353,21.934413489126012,4.9044227687892,17.50867176864614,28.772179127653313,3.0,0.0,3.0,3.0,2.222222222222222,0.3142696805273544,2.0,2.6666666666666665,1.8334396000000002,0.14865680236991063,1.6262927,1.9680918
291208,48.3289,10.9351,Germany,C,3,0.7283152482516534,16,14.328358208955224,2840.417390619875,269.35925183782194,2692.655140983971,3877.208470957242,4097.16796875,25.15951763278955,4054.6875,4148.4375,2.2173308124999997,0.21100661338720783,1.7383356,2.4798722,4.6550122062499995,0.39038180091041397,3.9556222,5.1971045,19.177332606921073,2.201579013805217,14.66154501740935,22.022698587328733,3.0,0.0,3.0,3.0,2.0208333333333335,1.1021995055342748,0.3333333333333333,4.0,2.13440016875,0.7754884642357275,1.2192912,3.5708911
303312,51.576,7.2223,Germany,A,4,0.3953507643068266,3,12.0,3750.807288950415,0.0,3750.807288950415,3750.807288950415,4453.125,19.136638615493577,4429.6875,4476.5625,2.803463066666667,0.27238923162055356,2.4277072,3.0648222,4.5843262000000005,0.19200858906712107,4.414602,4.8527536,21.618717791196342,0.9587416110347546,20.26378268509286,22.339675099139704,3.0,0.0,3.0,3.0,2.3333333333333335,0.5443310539518174,1.6666666666666667,3.0,1.9676297666666667,0.255637828485983,1.6249331,2.2387042
303316,51.3888,7.0014,Germany,A,5,0.6148422098902513,5,9.677419354838708,3094.211130495575,330.8177320812087,2437.796955402183,3285.0890365665714,4092.1875,18.75,4078.125,4125.0,2.1430102,0.23568314796932763,1.9554449,2.5874324,4.929022720000001,0.11914972588232664,4.747882,5.103914,19.844581634561003,2.1937355176781335,17.1317753059746,22.64525693382375,3.0,0.0,3.0,3.0,2.533333333333333,0.8055363982396381,1.3333333333333333,3.6666666666666665,1.5196766400000001,0.2010387910801356,1.3430293,1.8517314
303321,51.3954,7.0079,Germany,A,5,0.6430094937976948,65,13.087248322147651,2237.132353253757,593.959589248625,1637.8144970715018,3877.208470957242,3832.2115384615386,296.6380243850992,2343.75,4101.5625,2.7341757184615383,0.8921523409305576,1.3758062,4.2840686,4.997235353846152,0.21925196411315734,4.4909763,5.325147,17.500111599793527,4.397614796000577,10.600418539079724,29.739432723669744,3.0,0.0,3.0,3.0,2.5743589743589745,0.7635000205591483,1.0,4.666666666666667,1.489617910769231,0.2784708541513683,1.033303,2.1687756
303395,51.3954,7.0079,Germany,A,3,0.5192722745886181,5,10.714285714285714,4008.7499854158036,84.03653545309965,3877.208470957242,4142.933441216916,5095.3125,1016.1825392738256,4500.0,7125.0,3.8228094999999995,0.08887467995304406,3.696822,3.9278805,4.469813480000001,0.15490737327109266,4.1825733,4.653134,20.69677079312802,2.0926140430605122,17.148592025952016,22.971109263307618,3.0,0.0,3.0,3.0,1.3333333333333333,0.21081851067789198,1.0,1.6666666666666667,2.1997073200000004,0.24271073053914527,1.9039655,2.6432137
303403,48.3596,7.3213,France,A,4,0.8220013925203669,19,17.53846153846154,3863.903083377575,38.79153745965221,3750.807288950415,3877.208470957242,4168.174342105263,73.04048360076051,4007.8125,4382.8125,3.771538773684211,0.30311467036772316,3.2423692,4.3426733,4.691064747368422,0.31164633798801883,3.8237772,5.189399,18.063768399572336,2.3716890929764225,16.15625704540714,27.63374936133846,3.0,0.0,3.0,3.0,1.9298245614035086,0.5781493702906696,0.6666666666666666,3.0,1.8502951263157896,0.5084032129523769,1.225973,3.3869145
303404,48.3596,7.3213,France,A,4,0.8220013925203669,9,11.25,4267.036309059822,43.87698970820829,4142.933441216916,4282.549167540185,4322.916666666667,11.646187382811403,4312.5,4335.9375,1.8953148555555555,0.20599128002881364,1.5876215,2.2256997,4.726463822222223,0.10319351249258503,4.5692916,4.900559,26.236898692782383,1.4807372842113953,23.88579633514392,28.621014260774903,3.0,0.0,3.0,3.0,2.851851851851852,0.3186046395200973,2.6666666666666665,3.6666666666666665,1.6595434111111111,0.11872885529677785,1.5063274,1.857617
303416,48.3581,7.3218,France,A,4,0.8168086216889664,8,12.307692307692307,3750.807288950415,0.0,3750.807288950415,3750.807288950415,3855.46875,16.572815184059706,3843.75,3890.625,2.4922602875,0.16830139716078882,2.1824918,2.654763,4.4968611625,0.35354942385858495,3.8452659,4.834154,22.790508107246048,2.2136128368345336,20.14409331681373,25.640321399136077,3.0,0.0,3.0,3.0,1.75,0.5951190357119043,1.0,2.3333333333333335,2.0245211625,0.4861531420382469,1.5616376,2.9238274
303422,48.3498,7.3288,France,A,4,0.8401375848523833,17,14.782608695652176,3658.7335887875256,252.64708528465778,3177.9915873759783,4007.86933830162,4126.378676470588,26.012815621479604,4031.25,4148.4375,2.3898485705882355,0.27977345729486364,1.9797117,2.8711212,4.424845911764705,0.6330814459165609,3.0498323,5.3675456,24.04502312614975,0.8609636144953071,22.05521932208227,25.843661254323884,3.0,0.0,3.0,3.0,2.333333333333333,1.4002800840280096,0.3333333333333333,5.666666666666667,2.3337169705882355,1.041330048485942,1.0307785,4.9499526
303436,48.3272,7.3139,France,A,4,0.7651646655849629,18,14.594594594594595,3023.9094918782093,420.26190813369107,2604.8716763839616,3628.5269219403576,3885.4166666666665,176.3541974305939,3632.8125,4078.125,2.5378822555555556,0.5116800264134319,1.7247739,3.5686955,4.636223538888888,0.27927182362984865,3.956844,5.2495565,19.62325863300749,3.032481337630107,15.766718966264374,24.975317025126515,3.0,0.0,3.0,3.0,1.5925925925925926,0.6809176411426013,0.6666666666666666,3.3333333333333335,1.9086781277777776,0.40229583237457484,1.1336292,2.8788433
303437,48.3263,7.3132,France,A,4,0.7717624178973412,8,19.2,3258.314674268923,46.374555839783405,3177.9915873759783,3285.0890365665714,3659.1796875,236.83402399029072,3492.1875,4078.125,3.1598196625,0.25239574061225234,2.7285767,3.6843357,4.6742191125,0.3209190358540353,3.9918573,5.001087,18.55888672210099,1.196476402654499,16.689546051354608,20.56705468591429,3.0,0.0,3.0,3.0,2.375,0.8730136183232069,1.3333333333333333,3.3333333333333335,1.8947500875,0.3850350179814411,1.4699765,2.4804137
303440,48.3268,7.3137,France,A,4,0.7641818820988379,23,19.71428571428571,2822.4293194127413,125.24660086840076,2604.8716763839616,3074.3856306519383,4716.032608695652,228.38366504881537,3656.25,4804.6875,3.4928463956521734,0.3190584734993605,2.7751043,4.215361,4.874675982608696,0.26159689803856734,4.3664675,5.2491584,18.724953497294642,1.3182563465069546,15.99944837376272,21.008384108961373,3.0,0.0,3.0,3.0,2.8985507246376807,0.9702571132357128,1.3333333333333333,4.666666666666667,1.6318561565217389,0.37340858102773883,1.1431544,2.3679838
304745,48.3592,7.3186,France,A,4,0.8362968812624436,12,12.413793103448276,3445.449825294698,133.93648119087973,3395.79564056698,3877.208470957242,4056.640625,78.00283417076507,4007.8125,4312.5,3.1759565916666666,0.29854498172694577,2.3305473,3.607856,4.553815066666667,0.3054004945591971,4.1025743,5.041852,20.7312023478926,3.0486636288029323,18.651797169268637,30.674360930279647,3.0,0.0,3.0,3.0,2.138888888888889,0.9570240653862342,0.3333333333333333,3.6666666666666665,2.1339086166666665,0.6500354751238682,1.3597145,3.8801315
304746,48.3592,7.3186,France,A,4,0.8362968812624436,34,15.572519083969468,3949.7432941738625,166.69608842342595,3177.9915873759783,4007.86933830162,4172.564338235294,19.26450635912057,4148.4375,4218.75,2.722871179411764,0.2148436729396349,2.13621,3.1068895,4.624799997058823,0.24237743048577878,3.9159212,5.002299,23.841928458501005,1.6622986884947553,19.39364727063113,27.11061820885383,3.0,0.0,3.0,3.0,2.264705882352941,0.6704764268674968,1.0,3.3333333333333335,1.9187366382352944,0.38623069427577256,1.345011,3.0307684
304747,48.3592,7.3186,France,A,4,0.8362968812624436,16,20.0,3383.3261993864285,101.43232151818965,3074.3856306519383,3510.2330269093236,3856.93359375,551.0908839186662,3492.1875,4828.125,2.6008876499999998,0.19408538530106406,2.2382832,2.987326,4.767792131249999,0.27425569243483755,4.1930127,5.155812,25.411977148368887,2.415968152677574,21.937949476116035,29.575910046594,3.0,0.0,3.0,3.0,2.5625,1.0718542474505466,0.6666666666666666,4.0,1.78389185,0.5156540829642327,1.193682,3.1087744
304752,48.7558,5.9045,France,A,4,0.7467601126811619,10,11.11111111111111,3189.0504815416925,56.96571786020275,3074.3856306519383,3285.0890365665714,4875.0,23.4375,4851.5625,4921.875,3.08775367,0.22938636602214638,2.6689398,3.438476,4.743446270000001,0.42334081526113704,3.7876995,5.2113743,20.303095315850033,2.8295508886338494,15.462091042284843,24.986220140104304,3.0,0.0,3.0,3.0,2.933333333333333,0.9865765724632495,1.0,4.0,1.76847579,0.5613455679090581,1.2115124,3.1114933
304754,51.3909,7.002,Germany,A,5,0.5996622992259759,12,9.72972972972973,3381.131309172051,698.5154973611408,1933.0216536654648,4142.933441216916,3988.28125,212.84582384101995,3796.875,4265.625,2.9155861916666663,0.2790053364064848,2.6048524,3.67825,5.113620366666667,0.16604101664469492,4.7456255,5.3707337,13.834298914006181,1.484151655272234,10.632582653539746,15.67129277865338,3.0,0.0,3.0,3.0,2.777777777777778,0.8854098583616238,1.3333333333333333,4.0,1.3558400083333335,0.22601362235938882,0.987058,1.725477
307908,44.3494,-1.067,France,B,3,0.4293531852043331,4,2.926829268292683,3129.5969675943265,447.6829924503252,2783.3968843840626,3877.208470957242,3925.78125,576.1288384350869,2929.6875,4312.5,3.131358775,0.6363877618875633,2.4851487,3.9914656,5.2111735999999995,0.1201820431744069,5.0517964,5.356447,12.517793330137692,2.18904982445014,9.798035983018938,15.499825322444794,3.0,0.0,3.0,3.0,3.1666666666666665,0.2886751345948128,3.0,3.6666666666666665,1.2887056249999997,0.18481576521589518,1.0639093,1.5296977
308685,49.0374,8.9858,Germany,C,3,0.7872968677674117,4,11.428571428571429,2169.039000271455,662.3244842522055,1482.796342429293,2877.196599772457,4400.390625,1239.1296753346367,3046.875,5648.4375,4.8641806249999995,0.6339832009451765,3.8546462,5.503335,4.959394575,0.459483518429597,4.2568593,5.485691,8.794861489372494,6.726058357294659,1.6686610966158368,16.88790161858819,3.0,0.0,3.0,3.0,2.3333333333333335,0.8164965809277259,1.6666666666666667,3.6666666666666665,1.8276774100000002,0.7244392782939612,0.95959544,2.9005685
309824,51.3954,7.0079,Germany,A,3,0.5508780929393918,11,14.042553191489361,2558.3775413493695,614.1609753482653,2065.501535848521,3395.79564056698,3730.8238636363635,325.0389856623559,3609.375,4757.8125,3.2464633181818177,0.12834480214588723,3.046178,3.4243379,4.797986072727273,0.37883151671513693,3.9919431,5.2302127,17.450028573134347,2.0652016095804044,14.74840921955698,22.57860191737587,3.0,0.0,3.0,3.0,2.7272727272727275,1.0032088095301122,0.6666666666666666,4.0,1.7463872,0.6199387242879676,1.0822091,3.136695
309826,51.3937,7.0164,Germany,A,3,0.5135775012341938,7,7.9245283018867925,2532.0817087703185,29.716379841189628,2519.9500475013783,2604.8716763839616,6391.741071428572,1852.3766696790299,3023.4375,8273.4375,4.627946757142857,0.15112749167764533,4.379923,4.8606806,4.671056985714285,0.07036874477817193,4.5879083,4.7955694,21.299397577793208,0.9708681260500047,19.68564450547957,22.937920534130864,3.0,0.0,3.0,3.0,2.1904761904761907,0.16495721976846459,2.0,2.3333333333333335,1.8306449142857144,0.1389355153091475,1.6537068,2.004479
309828,51.3952,7.0089,Germany,A,3,0.5634306166784527,12,10.434782608695652,2950.540020888278,648.7200387428583,1693.0083986477366,3510.2330269093236,4605.46875,741.7453452678773,3539.0625,5156.25,3.5795659416666665,0.29792988540235005,3.1506643,4.165104,4.781458925,0.2288870611963578,4.4575095,5.2683487,18.66208004972705,2.7896697409804134,14.504150893230488,24.06277056224367,3.0,0.0,3.0,3.0,2.6666666666666665,1.1547005383792517,1.0,4.666666666666667,1.7957635250000001,0.35940097651662484,1.123323,2.3250077
309830,51.3955,7.0093,Germany,A,3,0.5751676993572422,15,15.789473684210527,3860.354980023,42.96813957293352,3750.807288950415,3877.208470957242,4031.25,262.2487637006131,3867.1875,4570.3125,2.4527796866666667,0.17547897441791657,2.2038825,2.8158066,4.69586182,0.28258272608096,4.2268434,5.0679564,25.248090397314318,2.109707502351769,21.13968992833843,28.348769919782807,3.0,0.0,3.0,3.0,2.844444444444444,0.9802997777827901,1.3333333333333333,4.333333333333333,1.87026004,0.40260038928484876,1.3658328,2.537903
310649,45.0137,3.4464,France,B,3,0.9066738769204006,4,8.571428571428571,3453.0143337381514,57.21869317117171,3395.79564056698,3510.2330269093236,3896.484375,345.8024221799883,3539.0625,4242.1875,2.9836748249999996,0.09382641526799308,2.8508348,3.0870245,5.137466,0.08703922774243826,5.020712,5.222112,15.88645469263922,2.460609256777222,12.267414119397715,19.105636921887648,3.0,0.0,3.0,3.0,3.1666666666666665,0.5527707983925667,2.6666666666666665,4.0,1.2876246750000002,0.14925396129695143,1.1303775,1.4477679
312698,45.04,3.0866,France,B,4,0.5451112704223189,7,10.769230769230768,3484.348169502807,215.3625839737533,2974.1573399706103,3628.5269219403576,3820.3125,296.99245796700916,3679.6875,4546.875,2.807096071428571,0.14052004045416153,2.5673618,3.0770626,4.713515799999999,0.2256315294163662,4.3816824,4.992156,22.631435312621768,2.718025077032017,19.02942751581083,28.197446609532953,3.0,0.0,3.0,3.0,2.4285714285714284,0.8857654875113464,1.3333333333333333,3.3333333333333335,1.927082442857143,0.4129519281972621,1.4374506,2.524201
312699,45.04,3.0866,France,B,4,0.5451112704223189,7,21.0,3594.7286662172046,53.43973451299174,3510.2330269093236,3628.5269219403576,4433.035714285715,298.68623769862785,3703.125,4593.75,2.8634694714285716,0.28750665543948567,2.5447245,3.496031,4.361809414285714,0.48961186038303683,3.4126894,4.8863144,24.433012191785668,3.391469670640515,19.31499872604832,29.53704969037168,3.0,0.0,3.0,3.0,1.6190476190476188,0.8053111678708459,0.6666666666666666,2.6666666666666665,2.5591617428571425,0.7706642016741659,1.5941652,3.9557514
313114,49.1657,6.7738,France,B,4,0.7222380013254283,4,14.117647058823529,4007.86933830162,0.0,4007.86933830162,4007.86933830162,4529.296875,10.14873520059889,4523.4375,4546.875,3.3652729500000005,0.12996820749307306,3.2336779,3.5588403,5.056849,0.26466902821637445,4.618596,5.291006,17.534685976328852,0.49694611874057953,17.08333295542025,18.37144114316181,3.0,0.0,3.0,3.0,3.8333333333333335,1.2583057392117916,2.0,5.0,1.276612425,0.19430676914423722,1.0646212,1.5525599
315677,53.7472,9.6669,Germany,A,4,0.4085511697017327,11,15.000000000000002,3661.876112943101,54.459000860890605,3628.5269219403576,3750.807288950415,3862.9261363636365,113.42754250743891,3796.875,4101.5625,2.6544606909090906,0.10067086098093452,2.4586992,2.7698317,4.482828309090909,0.5772017779300429,3.2547934,5.168496,25.49530112580204,1.780896669044728,21.90615557714568,27.95675469602424,3.0,0.0,3.0,3.0,2.393939393939394,1.293481573964427,0.6666666666666666,5.0,2.0542440454545456,0.8282038847617397,1.1314279,3.8201
315852,53.049,11.429,Germany,B,5,0.7599556604976598,10,6.666666666666667,3419.5620165303408,475.99929612819625,2692.655140983971,3877.208470957242,4178.90625,114.84375,3843.75,4265.625,4.48126016,0.32874273417368843,3.8042068,4.961764,5.0832594900000005,0.17533212304381335,4.7215605,5.377554,11.94565880040138,2.5595483842522415,9.261748738978284,17.37745107359473,3.0,0.0,3.0,3.0,2.2,0.9333333333333333,0.6666666666666666,3.6666666666666665,1.58602376,0.38618269847964765,1.008112,2.4408584
315872,50.792,4.423,Belgium,B,5,0.7680207884253192,22,15.903614457831326,4007.8693383016202,4.547473508864641e-13,4007.86933830162,4007.86933830162,4327.414772727273,392.66448472691985,4101.5625,5179.6875,2.737492536363636,0.2704392039302357,2.2018712,3.1220136,4.362602204545454,0.4885587620974477,3.1338964,5.0426426,22.882345783131665,2.1166409938016986,19.008421575503174,29.369047913603897,3.0,0.0,3.0,3.0,1.9393939393939392,0.8798321903610894,0.3333333333333333,3.6666666666666665,2.3391811227272727,0.9551723699904066,1.2806635,5.164049
315874,50.792,4.423,Belgium,B,5,0.7680207884253192,13,16.25,3897.3101428563778,47.14259933725145,3877.208470957242,4007.86933830162,4094.3509615384614,21.3320184486765,4054.6875,4125.0,2.259538169230769,0.2071378592502713,1.9826367,2.619394,4.53668133076923,0.33437763447401425,3.9295073,5.0008793,20.523743819063434,1.3118128138780645,17.97319317708633,22.11298640757813,3.0,0.0,3.0,3.0,1.8974358974358974,0.6322475900481002,1.0,3.0,2.0904809153846156,0.5248036566282184,1.4337065,3.0828242
31643,52.8176,6.4326,Netherlands,B,3,0.7883213118666635,4,8.275862068965518,3153.8073878222845,112.55971971161897,2974.1573399706103,3285.0890365665714,4511.71875,454.92302211988294,3726.5625,4804.6875,4.030438875000001,0.1223258280093656,3.9022331,4.1951904,4.961267675,0.09913872794244866,4.8420534,5.0713677,17.16525709123814,1.7266590594637892,14.45537096522814,19.090024567744216,3.0,0.0,3.0,3.0,3.0,0.23570226039551595,2.6666666666666665,3.3333333333333335,1.519639575,0.16400392463982957,1.2748395,1.687756
316559,43.8959,3.7364,France,B,5,0.6844725100876591,15,20.0,3365.235141384009,391.2304471655896,2877.196599772457,4426.869905738098,4185.9375,310.67435473096265,3750.0,4593.75,3.0483102800000004,0.566940208505999,1.698875,3.7292259,4.763744873333334,0.26867941830528935,4.2720757,5.2603793,22.62271557459059,5.291446835888316,16.393879364761958,31.374158370252616,3.0,0.0,3.0,3.0,2.7777777777777777,1.030402055055078,1.0,5.0,1.7560292400000002,0.4519715464607565,1.1009929,2.7859938
318113,48.3447,10.9154,Germany,B,4,0.6508737150989353,79,14.407294832826748,2304.3781726651673,583.4293198655632,1532.7661745000066,3510.2330269093236,4235.067246835443,675.9930807711057,3398.4375,5203.125,3.478810837974684,0.3720270447134882,1.992719,4.4514775,4.983804208860759,0.21604803667679442,4.198183,5.3151145,16.60828126075899,3.3180705005820874,9.949985928073248,25.30206829595338,3.0,0.0,3.0,3.0,2.4767932489451474,0.8869796476635368,0.3333333333333333,5.0,1.5725689544303798,0.40651922366012766,1.0533599,3.1457283
318127,48.3447,10.9154,Germany,B,4,0.6508737150989353,13,8.764044943820224,2994.742643803603,381.2988506001367,1933.0216536654648,3510.2330269093236,4150.240384615385,403.38712322232453,3703.125,4546.875,2.9327182461538466,0.2565624568560185,2.4129126,3.4603791,4.56541356923077,0.2482615966321053,4.0860004,4.810068,21.43248545722813,1.6130887387249135,17.52138887780166,23.910866842100685,3.0,0.0,3.0,3.0,1.9999999999999998,0.6666666666666667,1.3333333333333333,3.3333333333333335,2.1638000153846155,0.4707947476302448,1.6998296,3.1261735
318827,48.3126,10.9312,Germany,C,5,0.8298671101900413,35,11.864406779661016,2944.4518390180965,849.0646883869423,1584.4199762742635,3628.5269219403576,3711.160714285714,17.66639190840123,3679.6875,3773.4375,2.816030211428571,0.40596285475766647,2.2047007,3.817329,4.949948605714285,0.22394155944806912,4.202988,5.2235875,17.143362320029034,2.338408251104695,11.550702231902871,21.85784016519594,3.0,0.0,3.0,3.0,2.314285714285714,0.9118021824686802,0.3333333333333333,3.6666666666666665,1.6246074085714284,0.4894331570232022,1.1127498,3.2361152
321440,48.3447,10.9154,Germany,B,4,0.6508737150989353,22,8.148148148148147,2472.8724232571512,770.0531331112278,1298.6852249982062,3628.5269219403576,3946.0227272727275,627.4450977502793,1500.0,4570.3125,3.588638468181818,0.7968125001405499,2.4663594,5.201537,4.973594722727272,0.20727023615259768,4.264326,5.2738085,15.384873244254583,3.3475259468294607,10.764547791608946,21.542673629947707,3.0,0.0,3.0,3.0,2.6515151515151514,1.0370766641604607,0.6666666666666666,4.666666666666667,1.7033958954545454,0.4356172420079357,1.1573284,3.3579752
321441,48.3447,10.9154,Germany,B,4,0.6508737150989353,37,9.823008849557523,2933.869719651672,743.1678291401989,1584.4199762742635,3750.807288950415,3931.1655405405404,221.25315705117796,3726.5625,4664.0625,3.3527020783783783,0.6615151432399733,2.4059374,5.076831,4.73769225135135,0.1999171123115948,4.2433023,5.2047257,17.989782858175115,3.450377572897346,9.10620479974205,23.363140463849863,3.0,0.0,3.0,3.0,2.063063063063063,0.6335838188294503,0.6666666666666666,3.3333333333333335,2.0901040918918916,0.3180282061074299,1.6357182,3.217027
321442,48.3447,10.9154,Germany,B,4,0.6508737150989353,8,5.647058823529411,2707.2271584812997,882.8307176940043,1870.0030608561433,3877.208470957242,4095.703125,345.8024221799883,3796.875,4992.1875,3.6052842,0.4998391238833526,3.0198064,4.6824794,5.11230325,0.2973049089196728,4.475048,5.3654203,12.087227224827192,4.623003556908372,8.739402822177707,22.393750222423595,3.0,0.0,3.0,3.0,2.375,0.8730136183232069,1.3333333333333333,4.0,1.466512425,0.4961081742411395,1.0391088,2.6676455
321444,48.3447,10.9154,Germany,B,4,0.6508737150989353,6,2.0930232558139537,3324.47910926377,141.48614641877245,3177.9915873759783,3628.5269219403576,3750.0,13.531646934131853,3726.5625,3773.4375,1.8253783333333333,0.23263735234015814,1.4829594,2.1948,4.680380616666667,0.07582039858156926,4.5990496,4.8000636,23.30444208697209,2.12849830068279,19.861604602808107,25.791129860841775,3.0,0.0,3.0,3.0,1.388888888888889,0.22906142364542562,1.0,1.6666666666666667,1.7453721,0.08818659191358587,1.6090606,1.8881031
321447,48.3447,10.9154,Germany,B,4,0.6508737150989353,16,11.851851851851851,3271.604028207368,576.5965531960952,1750.062319644153,3628.5269219403576,3965.33203125,349.6254006234507,3726.5625,4570.3125,3.3151348875,0.4973807478092134,2.784149,4.574783,4.94679794375,0.11128856554745965,4.698364,5.16553,16.882468393052115,2.110738885257586,11.991323258758902,19.910143312675956,3.0,0.0,3.0,3.0,2.1875,0.7067998105703073,1.3333333333333333,4.0,1.66360670625,0.2032739129988261,1.3468412,2.1329925
326332,48.3447,10.9154,Germany,B,4,0.6508737150989353,10,2.7149321266968323,3308.4644325552013,877.684225956949,1933.0216536654648,4007.86933830162,4389.84375,511.78076914247424,3750.0,5132.8125,3.88270976,0.4567646780446846,2.582892,4.236366,4.646287580000001,0.17894051950324602,4.4648557,5.045212,17.757397713870187,1.846085423096905,12.92671584523356,19.676163218208664,3.0,0.0,3.0,3.0,1.6666666666666665,0.6146362971528591,0.6666666666666666,2.6666666666666665,2.13524519,0.3300677981974111,1.48718,2.5254755
326334,48.3447,10.9154,Germany,B,4,0.6508737150989353,8,9.23076923076923,3031.4360106857257,543.6101021147472,1998.1639558540896,3395.79564056698,4168.9453125,18.295892573432806,4148.4375,4195.3125,3.3401512125,0.4929671161413037,2.7658195,4.147062,4.277624425,0.23051528864492773,3.9457564,4.712833,19.499874658783583,2.922576650902567,14.113529554913692,24.029046341499992,3.0,0.0,3.0,3.0,0.9999999999999999,0.23570226039551584,0.6666666666666666,1.3333333333333333,2.844568275,0.4739322229109737,2.171503,3.4978817
327767,43.7426,6.8639,France,B,5,0.938141632087661,9,9.310344827586206,3383.494906789157,34.79172907147681,3285.0890365665714,3395.79564056698,3479.1666666666665,42.9490169335173,3375.0,3515.625,3.094246455555555,0.3152166029291467,2.7359567,3.6904402,4.986658288888889,0.18751471314282075,4.580531,5.2097125,16.851351012317917,1.1438306539217118,14.21215395485316,18.541108040425563,3.0,0.0,3.0,3.0,2.296296296296296,0.823189287810847,1.0,3.6666666666666665,1.5495540444444444,0.32072800400126555,1.1412615,2.2056158
327773,43.7531,6.8637,France,B,5,0.890598234893613,4,14.117647058823529,3153.8073878222845,112.55971971161898,2974.1573399706103,3285.0890365665714,4898.4375,40.59494080239556,4828.125,4921.875,3.8587357,0.48413097093827306,3.2122297,4.4663115,4.694005000000001,0.24829665297280992,4.426496,5.031479,17.549157269369598,3.6575060551621967,14.315469857317677,23.430492960358833,3.0,0.0,3.0,3.0,1.5,0.5,1.0,2.0,2.26861465,0.4600929533714111,1.716502,2.8157194
330378,48.3447,10.9154,Germany,B,4,0.6508737150989353,8,6.4,3079.1642651515194,715.0313666215073,1387.690780251243,3628.5269219403576,3776.3671875,159.58059177417564,3679.6875,4195.3125,3.135850225,1.0100111937128626,2.2355132,5.5547695,4.857597050000001,0.3292958138906186,4.360837,5.5212593,18.620796623991644,6.370262838342875,5.717763998340881,25.552093257904843,3.0,0.0,3.0,3.0,2.875,0.33071891388307384,2.3333333333333335,3.3333333333333335,1.75195740875,0.45287019307259485,0.80829597,2.447271
330384,48.3447,10.9154,Germany,B,4,0.6508737150989353,12,7.659574468085107,3320.378977261846,230.70680896998965,2974.1573399706103,3628.5269219403576,4126.953125,368.5304149565499,3820.3125,4664.0625,3.159075325,0.39754121658936004,2.6887815,4.190111,4.273946958333333,0.21225630837895207,3.8503797,4.646065,22.641668338839136,2.0613932124901475,19.072894056917075,25.569692214920487,3.0,0.0,3.0,3.0,1.9166666666666667,0.4930066485916347,1.0,3.0,2.5804861333333338,0.29052199061797757,2.0556362,3.2789202
330389,48.3447,10.9154,Germany,B,4,0.6508737150989353,7,13.125,2918.7512027145226,47.98312238933935,2877.196599772457,2974.1573399706103,3873.8839285714284,29.947338984372184,3820.3125,3914.0625,2.9179162285714284,0.30972377795468803,2.3226163,3.3838649,3.9477806857142856,0.08177344064306029,3.840842,4.081419,22.573717692413457,1.2736248531549301,21.224980278123848,24.77747254626756,3.0,0.0,3.0,3.0,0.6666666666666666,0.0,0.6666666666666666,0.6666666666666666,2.9687246857142857,0.2116340704189288,2.5297308,3.2273643
330457,48.3447,10.9154,Germany,B,4,0.6626322257189414,5,3.1914893617021276,3558.321886659475,93.28832728413329,3395.79564056698,3628.5269219403576,4795.3125,35.0780380010057,4757.8125,4851.5625,3.8489303199999996,0.22330020387964186,3.5382683,4.11892,5.012379220000001,0.18303859837486083,4.789671,5.226969,15.740321911245477,2.515989379903339,13.089085115370304,19.44216514411825,3.0,0.0,3.0,3.0,2.0666666666666664,1.2364824660660936,0.6666666666666666,4.333333333333333,1.6158986599999998,0.4068399988504306,1.2140243,2.2388272
330466,48.3447,10.9154,Germany,B,4,0.6626322257189414,15,8.571428571428571,3188.6063601293117,500.0662959556218,2065.501535848521,3750.807288950415,4129.6875,403.70597670210435,3726.5625,4570.3125,3.177689993333333,0.7008169274274468,2.3979716,4.984699,4.773478533333334,0.23039418599170036,4.2086444,5.1357737,18.647214451190237,4.741960507901422,8.767198842754498,26.555601457766073,3.0,0.0,3.0,3.0,2.0,0.6776866969767514,1.0,3.0,1.9141449600000002,0.3058048348930361,1.342935,2.4742358
330964,52.6135,13.2825,Germany,B,6,0.8789592326242761,4,2.6666666666666665,2573.813627669117,407.5581841496149,2065.501535848521,2974.1573399706103,5214.84375,1567.2048307242142,2554.6875,6609.375,5.130609175,0.13505868539728172,4.998253,5.353455,5.152340625,0.04913056483816235,5.110154,5.2360773,4.834867519011255,0.6811172902275406,3.9555080135485032,5.8273185895739354,3.0,0.0,3.0,3.0,3.9166666666666665,0.5464532103584999,3.0,4.333333333333333,1.4511508,0.09988259297442677,1.3142151,1.594502
331371,52.6408,13.2956,Germany,A,4,0.715636256596076,20,12.244897959183673,3074.892280558345,55.827672207544175,2974.1573399706103,3177.9915873759783,3439.453125,25.540423497308634,3375.0,3468.75,3.02262111,0.15778267688456457,2.777557,3.2871103,4.436701265,0.33733359517183764,3.8012505,5.0820556,16.81841098376353,0.5543067716306486,15.733991221885114,17.430361034328293,3.0,0.0,3.0,3.0,2.466666666666667,0.9797958971132712,0.6666666666666666,4.666666666666667,2.1482742999999997,0.6040205186004513,1.2658911,3.5521677
33361,52.5481,4.6178,Netherlands,B,4,0.7212404541270052,9,20.76923076923077,3055.3510089384968,276.8693617926865,2281.438294886726,3177.9915873759783,3833.3333333333335,340.5588939420839,3468.75,4218.75,3.1898926333333333,0.2399872148993682,2.947333,3.8195522,4.631384944444444,0.22831307371046985,4.2148204,4.9512043,21.54984139699356,2.4246357136698236,16.834141227045254,24.07522007660983,3.0,0.0,3.0,3.0,2.2222222222222223,0.7200822998230956,1.0,3.3333333333333335,1.777776011111111,0.36830722604708527,1.3259805,2.4340322
334302,49.0238,8.9921,Germany,B,4,0.7463006291415909,25,18.51851851851852,3428.6673515861016,483.911390293049,3177.9915873759783,4730.26599157077,4992.1875,692.9260309549642,4218.75,6070.3125,3.4549806519999997,0.3381342766194934,2.8576226,4.4329047,4.846778004,0.16747975956142144,4.481975,5.212611,18.640971571435475,1.826777223855158,14.07913966900478,22.108524148876775,3.0,0.0,3.0,3.0,2.16,0.5744175794276805,0.6666666666666666,3.0,1.7684226800000002,0.32471429072225694,1.2745265,2.6836128
337751,48.3447,10.9154,Germany,B,4,0.6626322257189414,21,9.692307692307693,3325.391601953031,487.7024926070601,2065.501535848521,3628.5269219403576,3834.8214285714284,104.43471040437129,3750.0,4101.5625,3.3580420999999996,0.31098118690233917,2.8293996,4.1351094,4.8678524761904765,0.17046871256872603,4.50884,5.172362,17.65956987442741,3.161486842725473,9.575371902749554,23.301487643751727,3.0,0.0,3.0,3.0,2.26984126984127,0.8074982439350415,0.6666666666666666,4.0,1.8383341571428569,0.3107186977380154,1.3919028,2.4815662
337753,48.3447,10.9154,Germany,B,4,0.6626322257189414,15,11.39240506329114,3542.3095951814685,81.77952377438065,3510.2330269093236,3750.807288950415,5137.5,29.892385108920298,5062.5,5203.125,2.6504922199999994,0.36678492253397443,2.2387724,3.6111398,4.64831318,0.16596068668745703,4.3641286,4.9122887,20.399432536789885,1.6156614689145128,17.194673054040504,22.843158587852436,3.0,0.0,3.0,3.0,2.1333333333333333,0.7483314773547883,0.6666666666666666,3.3333333333333335,2.0371118266666666,0.34641129437374196,1.5828391,2.686332
337755,48.3447,10.9154,Germany,B,4,0.6626322257189414,17,6.845637583892617,3349.755453291436,576.0549186168337,1584.4199762742635,3628.5269219403576,4130.514705882353,389.91447057135866,3703.125,4593.75,3.3054307411764707,0.7968565497193959,2.6609678,5.424372,4.6279299882352944,0.38768196660170084,3.8527403,5.5682564,21.193108917011653,5.632976001789641,4.058169733920293,24.764186142995488,3.0,0.0,3.0,3.0,1.980392156862745,0.85917263922379,0.6666666666666666,3.6666666666666665,2.133543182352941,0.7285206654029603,0.7013341,3.8368576
337756,48.3447,10.9154,Germany,B,4,0.6626322257189414,36,5.806451612903226,2867.5262611460616,587.7580450725263,1532.7661745000066,3510.2330269093236,4055.3385416666665,555.140827934733,3679.6875,5226.5625,3.5871942472222225,0.46428377234809537,2.6730604,4.9236865,4.908100575,0.2040966701364581,4.440939,5.2722254,15.545584322345393,2.1031545234954945,11.26019551642876,19.519638371597676,3.0,0.0,3.0,3.0,2.2407407407407405,0.9283302118143912,0.6666666666666666,4.0,1.8493850805555556,0.4337459442682566,1.2575053,3.1277814
337762,48.3447,10.9154,Germany,B,4,0.6626322257189414,166,10.225872689938397,2410.6106262055887,617.2171257121729,1387.690780251243,3750.807288950415,4660.673945783133,503.91619925016795,3468.75,5226.5625,3.173874220481928,0.5667022554544657,1.7782383,4.418059,4.980770934337349,0.3151578134714227,3.9841094,5.521575,18.9329773992102,5.7178512579461875,6.824104810068951,30.31012747412402,3.0,0.0,3.0,3.0,2.887550200803213,1.0313390633269626,0.6666666666666666,5.333333333333333,1.4777656519879518,0.45519574367504895,0.75943923,3.4868155
337763,48.3447,10.9154,Germany,C,4,0.6626322257189414,14,5.6,3961.5192596479797,80.4448650366213,3877.208470957242,4142.933441216916,4958.705357142857,345.56426377073217,4101.5625,5132.8125,3.822948135714286,0.21003671624161885,3.5102339,4.241558,4.432916249999999,0.25015394005902414,4.0300317,4.957363,20.381379349769553,1.0558976750622446,18.048656085701055,21.610525520602938,3.0,0.0,3.0,3.0,1.1666666666666665,0.6009252125773316,0.3333333333333333,2.3333333333333335,2.2870518142857144,0.5056830635871047,1.5815904,3.451547
337766,48.3447,10.9154,Germany,B,4,0.6626322257189414,19,10.178571428571429,2875.7903412426444,537.9134745229493,1434.4555808317646,3510.2330269093236,4131.167763157895,345.45200418103514,3773.4375,4664.0625,3.5556512894736847,0.6589812139639538,2.5132816,4.870378,4.851898947368421,0.2921491279299474,4.116622,5.50294,16.80617330014045,5.285874771844039,5.617388618187729,24.52123839747249,3.0,0.0,3.0,3.0,2.3684210526315788,0.8576776534442327,0.6666666666666666,4.333333333333333,1.8589335999999999,0.47390691086270137,0.8011147,3.2864513
337767,48.3447,10.9154,Germany,A,4,0.6626322257189414,24,8.22857142857143,2877.911800591377,674.9141337400183,1482.796342429293,3510.2330269093236,4166.9921875,421.3309842378182,3726.5625,4640.625,3.2300911375000005,0.6405039861613996,2.176688,4.9320507,4.7427263375,0.2903299349354165,3.989497,5.115114,19.6855281922024,3.6539932553190173,11.041218842551062,24.896563052243636,3.0,0.0,3.0,3.0,2.5416666666666665,1.0310570807204145,0.3333333333333333,4.666666666666667,1.9757871166666667,0.526806901423476,1.4046173,3.87747
35054,52.8176,6.4326,Netherlands,B,3,0.8171329708659995,5,14.285714285714286,2915.980895851718,47.50086771360828,2877.196599772457,2974.1573399706103,5404.6875,1635.1650217753254,3984.375,7429.6875,4.91480612,0.07370143807127259,4.8529677,5.0551963,4.29260626,0.09825379509970279,4.2174354,4.48675,11.755342253144407,1.1049495016296451,10.69992224592399,13.569350500889684,3.0,0.0,3.0,3.0,0.8666666666666666,0.16329931618554522,0.6666666666666666,1.0,2.69228146,0.22344042596353603,2.3187914,2.962184
351439,47.6037,7.6657,Germany,A,4,0.4467653053844058,180,15.606936416184972,3202.104246809221,284.3196484896281,2065.501535848521,3628.5269219403576,4165.755208333333,759.8007257673021,3117.1875,5132.8125,3.615880285555556,0.36813445304220077,2.195462,4.4727197,5.022809055555555,0.19542926317080908,4.358417,5.335052,15.947578199188694,2.283680231950192,9.971301551898373,21.885413044282227,3.0,0.0,3.0,3.0,2.777777777777778,1.1016261829284835,0.6666666666666666,5.666666666666667,1.5024345044444443,0.3199622835303061,1.042393,2.491202
351440,47.6037,7.6657,Germany,B,4,0.4467653053844058,150,11.11111111111111,3421.7172394055915,754.0348687126585,2604.8716763839616,4426.869905738098,4960.0,679.7874208162431,3000.0,6937.5,3.8013443053333336,0.4891392304402329,2.577908,4.803968,4.9838849540000005,0.1956855103372513,4.4237576,5.399211,14.692030506492923,3.910032493849929,7.05457139799427,26.403385598589356,3.0,0.0,3.0,3.0,2.8533333333333335,0.9824233077220611,0.6666666666666666,5.0,1.5542152093333335,0.3087902668034106,0.9961085,2.552844
351442,47.6037,7.6657,Germany,B,4,0.4467653053844058,54,11.530249110320284,3295.385027524282,481.9597225952503,2604.8716763839616,4282.549167540185,4572.048611111111,1041.574069958482,3000.0,7078.125,3.690873503703704,0.4790203064592595,2.4442317,4.643233,4.969832599999999,0.23504749519260446,4.0534368,5.342644,15.078868386697899,2.2541703804128543,10.818316016764676,20.469759377940772,3.0,0.0,3.0,3.0,2.759259259259259,1.0372023677733664,1.0,5.0,1.5599295037037035,0.33585675611357596,1.0747166,2.7164724
357767,46.9769,7.1444,Switzerland,A,3,0.5363989954151154,12,20.57142857142857,3753.5664487535796,144.56288646500624,3510.2330269093236,4007.86933830162,4277.34375,33.829117335329634,4242.1875,4359.375,2.6857570083333333,0.25381835497052296,2.2449555,3.1487825,4.163352466666667,0.38222649690262706,3.0770912,4.5105515,23.64809056966901,1.4635283200655793,21.684016767430226,26.169577008096,3.0,0.0,3.0,3.0,2.027777777777778,0.7385964333504628,0.6666666666666666,3.0,2.7289096166666664,0.6891966263376365,2.08236,4.492339
358210,48.3062,10.9337,Germany,B,3,0.7677022328627506,57,19.0,1895.919826524632,565.5679216590573,1342.4505626571586,4426.869905738098,4908.305921052632,2040.7606329244538,2929.6875,7875.0,5.164819877192983,0.3221344202307396,3.7612782,5.523754,5.0627033754385975,0.2405167924889699,4.016138,5.4478106,6.326970158141578,4.6754508566452815,0.40770995829305,16.153110198281976,3.0,0.0,3.0,3.0,3.0292397660818713,1.08557923158482,0.6666666666666666,5.0,1.5151639666666665,0.33258670743364094,1.0137618,2.6985092
358601,51.0455,5.0008,Belgium,B,3,0.7199906041718593,3,7.826086956521738,3177.9915873759783,0.0,3177.9915873759783,3177.9915873759783,4976.5625,44.19417382415922,4945.3125,5039.0625,2.5752026333333333,0.23591696366832585,2.3986466,2.9086463,4.466663,0.23272898037130366,4.142112,4.676311,29.395598632506545,1.4682054071384474,27.36393435164171,30.78250470589484,3.0,0.0,3.0,3.0,1.8888888888888886,0.4157397096415491,1.3333333333333333,2.3333333333333335,2.154816,0.372036338451134,1.726315,2.6334653
359045,52.2266,13.8401,Germany,A,3,0.5880022687790502,3,7.199999999999999,1809.7014409026299,48.96784338734353,1750.062319644153,1870.0030608561433,4367.1875,162.75520824999734,4171.875,4570.3125,4.854316466666667,0.08522368543800223,4.756585,4.9642644,4.802101233333333,0.05784210926054549,4.727585,4.8685837,4.015703006366762,0.2215952744786487,3.806050714309342,4.322249592195717,3.0,0.0,3.0,3.0,2.777777777777778,0.3142696805273544,2.3333333333333335,3.0,1.8014107333333333,0.06599172742964757,1.7195652,1.8811709
360465,48.3289,10.9351,Germany,C,3,0.7518443277585442,26,8.125,3053.5316275612986,577.5943242907214,1933.0216536654648,3628.5269219403576,4450.420673076923,689.2662731919237,3585.9375,6492.1875,4.616697173076923,0.7728612775747964,3.1145515,5.788161,5.273592307692308,0.21433904677443585,4.873767,5.613969,10.13077594175271,3.9065253510880416,3.229516271299232,15.410540671733203,3.0,0.0,3.0,3.0,2.4487179487179485,0.7507392806131975,1.3333333333333333,4.0,1.1932085023076924,0.3407730807334216,0.59569514,1.791924
361151,48.3062,10.9337,Germany,B,3,0.7702756296729243,6,8.181818181818182,2815.699955646538,88.65764823173079,2692.655140983971,2974.1573399706103,4792.96875,578.1909801876128,3703.125,5671.875,5.054187366666667,0.14020338318545997,4.8525443,5.2365274,5.00776535,0.11791583044972885,4.8101587,5.1701164,12.574531985479496,3.7459618688404057,4.801929113608034,15.712368814325608,3.0,0.0,3.0,3.0,1.5555555555555556,0.45812284729085123,1.0,2.3333333333333335,1.6867805,0.22564406298077813,1.3655977,2.0368674
361173,48.3062,10.9337,Germany,B,3,0.7702756296729243,25,6.097560975609756,3309.7163506683496,144.0442450363982,3177.9915873759783,4007.86933830162,6102.1875,1613.1386816544943,3328.125,7382.8125,5.50593734,0.1422320963892721,5.1821346,5.8079386,5.234559883999999,0.12882179296222104,4.9843597,5.567959,10.328076949364233,1.6209898162724423,7.271851852024693,13.869123180569249,3.0,0.0,3.0,3.0,0.72,0.154344492037203,0.6666666666666666,1.3333333333333333,1.429958192,0.24890141470683835,0.7523548,1.8360882
361569,48.9831,9.0161,Germany,B,3,0.7352625481190518,13,20.0,2852.4129936577006,998.1148524183302,1637.8144970715018,4142.933441216916,5397.836538461538,1464.865661818365,4289.0625,7617.1875,4.884072730769231,0.2889295830564294,4.081207,5.250065,4.836846561538462,0.18044345752104327,4.4041615,5.0702953,13.708772402794393,2.1782911893584838,9.946902300437271,18.010694853134943,3.0,0.0,3.0,3.0,2.153846153846154,0.6993939331787618,1.3333333333333333,3.6666666666666665,2.0875569461538466,0.31520122422428365,1.53362,2.7725718
361979,52.3568,4.5675,Netherlands,A,3,0.7472073008751102,35,19.444444444444443,4862.8771844956,803.0539846931276,1584.4199762742635,5224.789132745205,5067.1875,426.9339532602538,3304.6875,5226.5625,3.8751598971428574,0.8797035547497007,2.4372675,5.7874637,4.640398374285714,0.2809262060285546,4.0265584,5.4376106,26.694915815926358,6.7936589387121575,1.456505625543352,32.5207214670674,3.0,0.0,3.0,3.0,2.6095238095238096,0.8261047025600547,1.3333333333333333,5.0,2.1195940771428567,0.3524892816618596,1.1222314,3.0285578
362593,51.2055,5.0245,Belgium,B,3,0.6728695425258019,5,10.714285714285714,1661.331957702227,73.433102232184,1532.7661745000066,1750.062319644153,3909.375,390.3311394668634,3656.25,4664.0625,5.0364086,0.23773783375542884,4.7282925,5.3606715,5.24791308,0.0825565866916116,5.1393604,5.3770304,7.98667670105114,2.5252650345235463,3.307885762454017,10.278687073235654,3.0,0.0,3.0,3.0,3.2666666666666666,0.48989794855663565,2.6666666666666665,4.0,1.2550087399999998,0.1593589564965283,1.0250885,1.5139742
363337,47.52,5.1814,France,B,4,0.5581524212555633,10,15.0,3864.5683527565598,37.92035460204802,3750.807288950415,3877.208470957242,3928.125,28.125,3890.625,3984.375,2.99268785,0.34795320562589804,2.5830972,3.6325464,4.47915431,0.2140685514490368,3.9716144,4.737321,22.610933177677754,2.1363574102645932,19.1928133509961,26.006800626382827,3.0,0.0,3.0,3.0,1.8333333333333335,0.521749194749951,0.6666666666666666,2.6666666666666665,2.0990282,0.4179213372046993,1.590397,3.1981022
363741,49.0094,8.9104,Germany,B,4,0.8189703578626608,22,10.476190476190476,4007.8693383016202,4.547473508864641e-13,4007.86933830162,4007.86933830162,4136.71875,23.169634059941277,4078.125,4171.875,2.0281420318181818,0.18970059280806975,1.7369803,2.4297135,4.6243726818181825,0.40019523548541636,3.7457085,5.253775,26.52423072791569,2.1681143761385435,20.61938037539893,29.766800893548897,3.0,0.0,3.0,3.0,3.2575757575757573,1.500612057558879,1.0,5.666666666666667,2.0551962227272726,0.6447761473347136,1.1619881,3.5924106
363877,48.3289,10.9351,Germany,B,3,0.7622453862419543,10,8.823529411764707,4455.359948653323,360.84977907390964,4007.86933830162,5224.789132745205,4879.6875,746.4613786685484,4406.25,6937.5,3.56183975,0.5703725048756266,2.6640534,4.549998,4.55432776,0.11892370906294676,4.379628,4.7206187,19.84052484944823,3.7591873161450597,12.88484070570776,24.714689861340993,3.0,0.0,3.0,3.0,1.4666666666666666,0.5617433182117573,1.0,3.0,2.41379147,0.26645192404338547,1.9330609,2.7121909
364611,47.7752,9.6467,Germany,B,3,0.6279280159473651,3,4.864864864864865,2941.8370932378925,45.707731268654236,2877.196599772457,2974.1573399706103,3132.8125,823.1720990701155,1968.75,3726.5625,4.111834999999999,0.1524649803463076,3.900099,4.252977,4.857927366666666,0.30015704769937046,4.476154,5.2095256,16.534193950350183,4.857490196085341,10.876851680688471,22.73757623437914,3.0,0.0,3.0,3.0,1.3333333333333333,0.9428090415820634,0.6666666666666666,2.6666666666666665,2.1846036333333334,0.583268956630303,1.4435179,2.868831
366243,43.2969,5.5757,France,B,4,0.2907553983713915,3,8.571428571428571,3321.991237900041,52.18759360721521,3285.0890365665714,3395.79564056698,4335.9375,19.136638615493577,4312.5,4359.375,3.8018761666666663,0.6597419404438999,3.2194438,4.724336,5.317378333333333,0.041748504860201,5.259529,5.3565254,10.477162962754315,2.857949511835889,6.6853674604048505,13.58488919584234,3.0,0.0,3.0,3.0,2.3333333333333335,1.4142135623730951,0.3333333333333333,3.3333333333333335,1.1426219133333333,0.23944745685497756,0.9702218,1.4812329
367168,49.0131,8.8939,Germany,B,4,0.9141384598150488,3,1.1538461538461537,2496.0987497478313,522.2701872058236,1809.0389422075937,3074.3856306519383,7617.1875,19.136638615493577,7593.75,7640.625,5.090281066666667,0.02524969383858384,5.069405,5.1258082,5.328860833333334,0.06600095928132858,5.235522,5.3758245,6.409552043796958,0.12643463122333898,6.240236876824237,6.543987681018094,3.0,0.0,3.0,3.0,1.5555555555555554,0.3142696805273545,1.3333333333333333,2.0,1.1995340333333333,0.07294465807749198,1.1275643,1.299524
367612,51.94,5.9038,Netherlands,C,4,0.5378693503176936,11,18.857142857142858,3717.4580979476727,54.45900086089061,3628.5269219403576,3750.807288950415,3988.6363636363635,24.10591299499594,3937.5,4007.8125,2.925089872727273,0.11634448901750263,2.7382638,3.110457,4.717022836363637,0.17044341177261604,4.270273,4.974349,20.74580005588813,1.275771939316516,17.83972320211111,22.1713706716302,3.0,0.0,3.0,3.0,1.9696969696969697,0.4370365182380592,1.0,2.6666666666666665,1.7647905272727273,0.28212728720533564,1.3790009,2.5359507
368360,48.3289,10.9351,Germany,C,4,0.7691549326475784,3,3.0,3075.511519332842,83.21879123859597,2974.1573399706103,3177.9915873759783,4546.875,19.136638615493577,4523.4375,4570.3125,2.8950946666666666,0.22939662408893952,2.5720103,3.0820649,5.1928261000000004,0.04931214727772469,5.1243186,5.2383747,14.345508437447572,0.2996717575004148,13.926200997115144,14.60846033981995,3.0,0.0,3.0,3.0,2.888888888888889,0.3142696805273546,2.6666666666666665,3.3333333333333335,1.2555215000000002,0.08571358325248109,1.1526679,1.3625008
369632,43.6252,3.3576,France,C,5,0.8837812155775366,3,2.5,2635.000859432868,404.64313152633554,2207.060943421246,3177.9915873759783,5867.1875,753.4912231987179,4804.6875,6468.75,5.222148066666667,0.09573951638984941,5.1399984,5.3564305,5.0411301,0.16757386955216666,4.814542,5.214548,6.15656620567058,1.1627014408847978,4.620087727914704,7.43199118616407,3.0,0.0,3.0,3.0,3.5555555555555554,0.5665577237325314,3.0,4.333333333333333,1.5533228000000001,0.2756278876735927,1.2575533,1.9210857
369775,48.3705,10.8978,Germany,B,4,0.1767651598467032,3,16.363636363636363,3003.8613944483805,410.0254977934274,2437.796955402183,3395.79564056698,4375.0,309.35921676911454,3937.5,4593.75,4.3883929,0.1956340050727547,4.1467624,4.625913,4.4213062333333335,0.09111274979300217,4.301254,4.521865,20.494856942325598,2.486006496618312,17.554917576672672,23.634530145707696,3.0,0.0,3.0,3.0,0.6666666666666666,0.0,0.6666666666666666,0.6666666666666666,2.7358073333333337,0.10062375990312737,2.5935261,2.8091273
371421,51.9375,8.8688,Germany,B,5,0.4096660485808413,12,19.45945945945946,3241.1424976203175,244.03341815121178,2604.8716763839616,3395.79564056698,4218.75,33.14563036811941,4195.3125,4312.5,3.084919466666667,0.22950367109956848,2.7524054,3.620695,4.675276766666667,0.23506044908043444,4.3721275,5.163327,20.69220926650885,1.7051859994289598,16.649962530320042,23.020545626651064,3.0,0.0,3.0,3.0,2.1666666666666665,0.8871510790372952,1.3333333333333333,4.333333333333333,1.9547641083333331,0.30290440218010606,1.4209441,2.4044166
371430,51.3949,7.0094,Germany,A,3,0.5645978897999282,23,17.037037037037035,2577.080880946321,876.94415979155,1809.0389422075937,3877.208470957242,3941.5760869565215,159.20889890538896,3492.1875,4546.875,2.3522911652173915,0.4679378711663869,1.7162522,3.1431456,4.791399356521739,0.313356548723546,3.9258325,5.185906,23.80809095581311,4.150724855007252,16.578167129909357,30.45911131445757,3.0,0.0,3.0,3.0,2.695652173913044,0.9525609695742019,1.0,4.333333333333333,1.6547980608695652,0.43467860887173093,1.1005037,2.8625424
371457,51.3948,7.0112,Germany,A,4,0.557228170215724,9,8.181818181818182,3964.3157158534937,61.59412355661705,3877.208470957242,4007.86933830162,4046.875,15.625,4031.25,4078.125,2.015313133333333,0.21115629500693447,1.6511754,2.486757,4.712558566666667,0.2852893069661236,4.198913,5.0788507,25.28373292379235,2.294827911174335,20.686385079673556,28.358293643667043,3.0,0.0,3.0,3.0,2.4074074074074074,0.7821745215534398,1.3333333333333333,3.6666666666666665,1.6684471444444446,0.37576440339449724,1.1623318,2.3207977
371625,48.2702,7.3967,France,A,4,0.5822990419405608,8,17.77777777777778,3136.334374896445,243.86208452454358,2519.9500475013783,3285.0890365665714,4579.1015625,20.084925587112433,4546.875,4593.75,3.910991625,0.12890688097671257,3.6815987,4.106862,4.571493575,0.1792492249399124,4.277475,4.879839,13.513307173544547,1.1503287316451853,11.673641459452734,15.140144261366924,3.0,0.0,3.0,3.0,1.9166666666666665,0.5204164998665332,1.0,2.6666666666666665,2.20034505,0.2870042605323787,1.7894713,2.6515322
373836,46.3051,7.5967,Switzerland,B,6,0.7367088917647665,8,13.333333333333334,4160.385407007325,46.173561370628,4142.933441216916,4282.549167540185,4491.2109375,46.783357683607356,4406.25,4570.3125,3.8226253000000003,0.05683722462770323,3.6975315,3.8810797,4.4966650625,0.10747444880525026,4.36588,4.737904,13.54013331258163,0.34900667187173834,12.982339213301078,14.14773662673816,3.0,0.0,3.0,3.0,1.5,0.372677996249965,1.0,2.3333333333333335,2.4525815125,0.22418213945167687,1.9702634,2.7536013
373848,47.301,-1.556,France,C,6,0.496379244761043,3,4.5,3286.2920881698433,88.92220156397876,3177.9915873759783,3395.79564056698,5539.0625,1440.3843345614391,3867.1875,7382.8125,4.324244133333333,0.4136677345067925,3.7392588,4.6217976,4.4532582666666665,0.45649885322514844,3.817952,4.8702908,18.174958551629473,1.9278935455112265,16.187492729848625,20.78505930112456,3.0,0.0,3.0,3.0,2.0,0.816496580927726,1.0,3.0,2.029865,0.3183523996770979,1.6435055,2.4232125
374155,47.5029,11.1111,Germany,B,5,0.6762131328099228,9,11.48936170212766,3440.1374476875917,532.845898993197,1933.0216536654648,3628.5269219403576,3973.9583333333335,327.77345586251425,3820.3125,4898.4375,3.806877611111111,0.36121889232981225,3.2071996,4.373571,4.9059011777777775,0.13977469519454663,4.6972113,5.1002007,16.214861432069416,1.3696895068412787,14.66361776247906,18.738280351388266,3.0,0.0,3.0,3.0,1.6296296296296295,0.5078262666963738,1.0,2.3333333333333335,1.6945818444444443,0.3137627847899964,1.3250437,2.2673504
374934,48.3126,10.9312,Germany,B,5,0.8438652914967579,11,2.2,3084.976258178504,722.4796121943918,2207.060943421246,4007.86933830162,3986.505681818182,347.98672222594627,3046.875,4171.875,3.9549182363636364,0.5623983643801255,3.159027,5.1264644,4.960159563636363,0.1686133108499353,4.6462517,5.25359,13.947153757597249,1.9689847097277446,10.513556198955618,17.02191455506437,3.0,0.0,3.0,3.0,1.5454545454545452,0.8560270843530626,0.6666666666666666,3.6666666666666665,1.795788690909091,0.3085864626060917,1.1366271,2.2376416
380262,44.0746,1.8129,France,C,3,0.8690359749694618,41,17.57142857142857,2936.6036385281996,237.5104622559379,1434.4555808317646,2974.1573399706103,3106.326219512195,309.9451492190633,3000.0,5062.5,3.571212360975609,0.37466600768346114,2.924944,5.382643,4.652218090243902,0.33237919761995527,3.9946115,5.2991614,16.386046240076798,2.5834147356727013,1.042300715418654,18.521876249776287,3.0,0.0,3.0,3.0,1.682926829268293,0.7961670355996807,0.3333333333333333,3.3333333333333335,1.9787078097560977,0.6427444627554281,1.1581452,3.6858656
380263,44.0746,1.8129,France,B,3,0.8690359749694618,20,16.216216216216214,2964.4612659507948,29.08822205944603,2877.196599772457,2974.1573399706103,3151.171875,401.2863456450666,3023.4375,4898.4375,3.3834283800000007,0.38503448541881613,2.7037747,4.3213534,4.62401322,0.38822522050685426,3.8534172,5.180147,17.7743636676852,1.3755915128561333,15.253415022702038,20.928992243237435,3.0,0.0,3.0,3.0,1.75,0.8811293258590868,0.6666666666666666,3.3333333333333335,1.95352257,0.6225741476475811,1.1843193,3.085594
381182,43.8959,3.7364,France,A,5,0.675170381912824,15,16.363636363636363,3366.2738795002056,48.95630230450855,3285.0890365665714,3395.79564056698,3450.0,27.332587007087344,3375.0,3492.1875,3.2510670533333337,0.2344483371573046,2.8836663,3.753842,4.6169755,0.21314678613741603,4.2005053,5.0041304,22.51791981845672,1.2702718572406406,20.644967847259103,24.54557601805579,3.0,0.0,3.0,3.0,2.0222222222222226,0.9226906440900754,0.3333333333333333,3.3333333333333335,2.0530357866666664,0.5826373169358263,1.3721017,3.5112066
383509,44.0833,1.8079,France,B,3,0.8517968985723804,8,19.2,1918.1265907852119,273.7551468763098,1693.0083986477366,2604.8716763839616,4825.1953125,493.6414768369941,3820.3125,5156.25,5.109498275,0.215351792964824,4.602136,5.3524427,5.248866325,0.07873514419456766,5.125701,5.406415,8.700250213320217,1.8368345990954968,6.567403582366454,12.256668290764804,3.0,0.0,3.0,3.0,3.5,0.23570226039551576,3.3333333333333335,4.0,1.2651446625,0.11038702415289732,1.0691295,1.4317642
383778,43.981,1.815,France,B,3,0.6698039349215532,10,12.5,3616.6975324372543,35.488168509310206,3510.2330269093236,3628.5269219403576,4373.4375,239.29216908937912,3656.25,4476.5625,2.61167914,0.24796234047662238,2.2434893,3.145273,4.551460260000001,0.24162901458019562,4.008343,4.886632,28.112386588109263,0.48674229225989685,27.292976690625053,28.9459349092766,3.0,0.0,3.0,3.0,2.033333333333333,0.6046119049072352,0.6666666666666666,2.6666666666666665,1.97455161,0.40929815927967583,1.4891399,3.0187073
384221,44.0409,1.9549,France,B,3,0.7525508101063415,15,16.07142857142857,3395.795640566981,9.094947017729282e-13,3395.79564056698,3395.79564056698,3751.5625,410.2090739793551,3445.3125,4359.375,2.6784516066666666,0.37815004155992277,1.9320958,3.4760578,4.745749946666667,0.16293667356702263,4.365695,5.006522,18.832662677024597,2.26996290251023,15.490669980738492,23.703555761574343,3.0,0.0,3.0,3.0,1.6888888888888889,0.5639367795755342,0.6666666666666666,2.6666666666666665,1.8249074133333332,0.2518607931042116,1.4317385,2.2286117
384622,51.3951,7.0088,Germany,A,5,0.6155408657003225,11,18.333333333333336,2742.1506373840207,45.18299978870526,2692.655140983971,2783.3968843840626,4084.5170454545455,17.57005238189344,4054.6875,4125.0,2.6892051454545456,0.2948885542030763,2.147164,3.1610987,4.7681391818181815,0.23948826972595247,4.3835,5.125227,17.766660825499404,1.4867632396407822,14.673511231187383,19.340413103358568,3.0,0.0,3.0,3.0,2.4242424242424243,1.0644950345606239,0.6666666666666666,4.333333333333333,1.8652908000000001,0.4331752928649996,1.3244231,2.8303986
384625,52.0257,7.6455,Germany,A,5,0.692091394194316,7,10.0,3989.2035001095655,45.721779191886746,3877.208470957242,4007.86933830162,4282.366071428572,20.639779027797914,4242.1875,4312.5,2.3108918714285713,0.1760065542772177,2.1293156,2.6077752,4.215167785714287,0.09323013243390808,4.084787,4.387363,27.711633236810492,0.9861577543946434,26.508620205131507,29.63870908152035,3.0,0.0,3.0,3.0,1.380952380952381,0.21295885499998002,1.0,1.6666666666666667,2.4387712285714285,0.16894491689496843,2.1752925,2.7161422
384973,43.9968,2.1153,France,B,4,0.6728299177316456,7,16.153846153846153,3750.807288950415,0.0,3750.807288950415,3750.807288950415,4141.741071428572,152.26094197636704,4007.8125,4429.6875,3.4650562714285713,0.2992527510755688,2.8503656,3.9171968,4.778025471428571,0.36284236439620793,4.125427,5.1677284,16.43643431220796,0.6368742394859084,15.263424972562282,17.227772850627325,3.0,0.0,3.0,3.0,3.285714285714285,1.2140522651411392,1.3333333333333333,5.0,1.6595150571428567,0.35930745962479727,1.2405642,2.0718403
385885,43.9324,1.7665,France,B,5,1.0,7,15.0,2870.2860798883366,892.1337978197922,2437.796955402183,5054.455366309282,7804.6875,84.03951159382456,7687.5,7921.875,4.2976722714285716,0.1710659884278974,4.025098,4.579594,4.479012171428572,0.1625628311144929,4.1852546,4.6688766,14.77312285399624,1.8291672489328872,11.424575447578473,17.132366624229974,3.0,0.0,3.0,3.0,1.8571428571428574,0.5302632726504783,1.3333333333333333,2.6666666666666665,2.2195108,0.3024055582524661,1.8445309,2.707724
385917,44.0877,1.8369,France,B,5,0.918054722783068,6,10.588235294117647,3454.859453653766,123.81907395649101,3177.9915873759783,3510.2330269093236,3703.125,231.2288841710741,3585.9375,4218.75,3.4595350333333337,0.2851980717430003,2.9852555,3.8312984,5.163233616666667,0.07163428254168101,5.017545,5.2379074,13.133559933437477,1.3390711976243965,11.565296637068723,15.63721654320802,3.0,0.0,3.0,3.0,2.3333333333333335,0.769800358919501,1.0,3.3333333333333335,1.3300179833333334,0.18547688747458013,1.1580154,1.6903923
386240,46.596,0.1658,France,B,4,0.8454649195197775,14,9.88235294117647,2702.125196031193,241.56566804718503,2437.796955402183,3510.2330269093236,3559.151785714286,17.39783177245524,3539.0625,3585.9375,3.230199078571428,0.4691095286903264,2.6168575,4.2907166,5.008426699999999,0.15824561358084638,4.588724,5.162889,17.0831389299812,1.9443816943042984,14.52602724752348,20.726244044935953,3.0,0.0,3.0,3.0,2.0,0.6424160744396211,0.6666666666666666,3.0,1.4888605285714287,0.3015104633278881,1.2198501,2.2551825
387516,46.5908,0.2027,France,B,5,0.9148811331383518,42,14.651162790697674,3158.22834164606,1143.3603208828283,2281.438294886726,7040.7412152673605,6844.866071428572,1094.09217042059,3492.1875,7335.9375,4.727692311904762,0.4544905124373703,3.7750535,5.47218,5.207804219047619,0.12900636718172415,4.853185,5.4151554,10.11326104683256,3.8344105954469607,3.629846891652716,17.471583653721744,3.0,0.0,3.0,3.0,2.349206349206349,0.8877543780387024,0.6666666666666666,4.333333333333333,1.3794553766666666,0.24159740801695348,0.99512017,2.1555593
400994,49.0132,8.8941,Germany,B,4,0.91413423191207,19,18.387096774193548,3784.5714778828674,621.1015588375055,3074.3856306519383,4889.674664552353,4883.6348684210525,28.66517279265358,4804.6875,4945.3125,3.8988544631578947,0.40591498108724455,3.1843312,4.607271,4.889327889473684,0.17080928970247516,4.555675,5.098969,12.869419662560622,1.7577308276301087,9.87195768760591,16.52514799570988,3.0,0.0,3.0,3.0,1.2982456140350878,0.4311651132436669,0.6666666666666666,2.3333333333333335,1.8653611105263157,0.2544016556236053,1.4922038,2.388151
402251,51.0553,3.7593,Belgium,A,3,0.308893240537814,6,15.652173913043477,4895.73421037618,817.0653189278457,3074.3856306519383,5400.863100624323,5398.4375,44.19417382415922,5343.75,5460.9375,2.994331766666667,0.5529716531488713,2.191267,3.9927077,3.922305116666667,0.28620507866778794,3.4659638,4.2289352,17.086599014306334,5.399402284452325,11.033959416636636,27.53539749270575,3.0,0.0,3.0,3.0,1.0555555555555556,0.35572912430182496,0.6666666666666666,1.6666666666666667,3.2334933666666665,0.46595106885224785,2.7905614,4.0957108
402252,51.0553,3.7593,Belgium,A,3,0.308893240537814,21,16.153846153846153,3710.9872299204076,877.1091656886498,1482.796342429293,4142.933441216916,4549.107142857143,1106.0509989060733,4148.4375,7992.1875,3.044371257142857,0.8488747275722823,2.3305225,5.2877145,3.9525759761904773,0.5456535936782044,2.813582,5.1420174,20.837250784509543,3.775335208737402,11.082663603579975,27.931091674528687,3.0,0.0,3.0,3.0,1.0317460317460319,0.5900835014425748,0.3333333333333333,2.3333333333333335,3.8442966999999997,1.2132486049419087,1.6138419,6.6998672
402253,51.0553,3.7593,Belgium,A,3,0.308893240537814,18,12.413793103448276,3806.985592064561,62.80925231190841,3750.807288950415,3877.208470957242,4049.4791666666665,25.38227693960668,3984.375,4101.5625,2.8304463666666666,0.3162244860707079,2.0140061,3.4651911,4.734673166666666,0.42212476829402124,3.6071906,5.2998257,27.303509095065614,1.9583308715415615,22.377937738870763,29.79829901016686,3.0,0.0,3.0,3.0,2.092592592592593,0.9800828609184623,0.3333333333333333,3.6666666666666665,1.825406116666667,0.7814747317287832,1.0354673,4.3494697
403532,49.0047,8.8956,Germany,B,5,0.8280436766661451,3,3.3962264150943398,3320.492628445243,787.3150948684324,2207.060943421246,3877.208470957242,4859.375,217.63106683100187,4640.625,5156.25,5.0215645,0.09292758265994046,4.9334297,5.1500564,4.822631333333333,0.09777441634597245,4.6964374,4.934678,11.545145982710231,0.42628455754721617,10.990965835940534,12.027762355384432,3.0,0.0,3.0,3.0,1.0,0.2721655269759087,0.6666666666666666,1.3333333333333333,2.0497336,0.16633389332562382,1.8862559,2.2779536
404448,50.2478,8.9179,Germany,B,3,0.7186991261821309,3,8.571428571428571,1987.7417154903796,208.40792698103616,1693.0083986477366,2135.108373911701,5539.0625,1248.485410532498,3773.4375,6421.875,5.4484051,0.0762720383748853,5.3606486,5.5465994,4.87427,0.17757635946110642,4.7154675,5.1221538,3.515025057618841,0.5326363787743699,3.098339371116836,4.2668125134929475,3.0,0.0,3.0,3.0,2.2222222222222223,0.7856742013183862,1.6666666666666667,3.3333333333333335,1.8979612333333336,0.2964455932462181,1.4971403,2.2047997
405466,52.1141,6.4774,Netherlands,B,3,0.7514004769728355,19,15.0,3699.3208186303905,60.37323795168069,3628.5269219403576,3750.807288950415,4787.417763157895,39.39651173356409,4710.9375,4851.5625,2.528641694736842,0.3112927362942045,1.9412204,2.9952755,4.585901810526316,0.2134803399120617,4.1119885,4.9278064,24.345149243370848,2.3325679491673856,18.76833872656596,27.327237460534228,3.0,0.0,3.0,3.0,2.210526315789474,0.7814406123270207,1.3333333333333333,4.0,2.013529147368421,0.35793177670432247,1.4394428,2.7264633
405784,47.52,5.1814,France,B,3,0.5275479465668296,5,6.976744186046512,3354.498444603292,153.3538830825051,3177.9915873759783,3628.5269219403576,4321.875,79.27281808728638,4242.1875,4429.6875,3.7499682,0.1703584414720914,3.5159142,4.010356,5.0967652,0.0328255241810394,5.034317,5.127699,14.07163703050704,0.857798507566034,12.855964187445608,14.887669809729912,3.0,0.0,3.0,3.0,3.6666666666666665,0.21081851067789192,3.3333333333333335,4.0,1.5205681800000002,0.09086375237550776,1.4393895,1.6834508
406286,46.9846,7.2564,Switzerland,A,3,0.659053879259967,6,18.0,3010.4959725209224,509.2360495506325,2692.655140983971,4142.933441216916,4347.65625,1417.5813003718913,3375.0,7476.5625,4.943116666666667,0.5684575301652318,3.684711,5.327464,4.481977666666666,0.38907170031832466,3.6757033,4.8924184,15.770221493964272,4.508598054731225,12.397915183124477,25.6548823768685,3.0,0.0,3.0,3.0,1.7222222222222223,0.4874980215217846,0.6666666666666666,2.0,2.3152079166666666,0.35000299968970944,1.8638878,2.8638463
406287,46.9846,7.2564,Switzerland,A,3,0.659053879259967,8,18.46153846153846,3177.9915873759783,0.0,3177.9915873759783,3177.9915873759783,4227.5390625,16.31180965672858,4218.75,4265.625,2.2875153875,0.2966668740766209,1.6749929,2.6995783,4.24021315,0.5114624058776168,3.1848762,4.789348,27.12464681224257,1.6031128703282422,23.74624562339181,29.785687077411808,3.0,0.0,3.0,3.0,2.2083333333333335,1.1895085353016832,0.6666666666666666,4.0,2.68880035,0.8921636197334252,1.7133825,4.4529443
406495,51.94,5.9038,Netherlands,B,3,0.4838293447302941,12,16.74418604651163,3258.3146742689228,46.37455583978341,3177.9915873759783,3285.0890365665714,3759.765625,447.3082676178665,3515.625,4757.8125,3.427831133333333,0.08110272815712732,3.2904286,3.5689628,4.83203665,0.21518829495671735,4.458969,5.089615,17.830217264339687,0.6208366435314606,16.915742919184474,18.768506924485248,3.0,0.0,3.0,3.0,1.972222222222222,0.56859693029052,1.0,2.6666666666666665,1.61067695,0.298156982421147,1.2588207,2.0919297
406508,51.94,5.9038,Netherlands,B,3,0.4853026525338119,11,10.153846153846155,3398.827090460735,142.63333753153643,3074.3856306519383,3628.5269219403576,4578.835227272727,240.73876040613018,3820.3125,4687.5,3.029497254545454,0.18101074530092678,2.7296534,3.3030796,4.672103118181818,0.2936510043888921,4.2195907,5.1915226,21.004252366405236,0.5832303495956863,20.462274864331924,22.44300392904402,3.0,0.0,3.0,3.0,2.151515151515152,0.8917538769431613,0.6666666666666666,3.6666666666666665,1.8945422,0.47949999872736754,1.1701401,2.8274593
406731,48.2247,11.154,Germany,B,3,0.6720891218097272,3,9.473684210526317,2562.471617736793,445.08833801246476,1933.0216536654648,2877.196599772457,4101.5625,0.0,4101.5625,4101.5625,2.4013539666666666,0.33690060288864954,2.117642,2.874697,5.3341327666666665,0.018917482575003523,5.30742,5.348765,11.100219954137254,1.1962681777047124,9.545545652976854,12.45533491016432,3.0,0.0,3.0,3.0,3.444444444444444,0.6849348892187751,2.6666666666666665,4.333333333333333,0.96696272,0.015650571547501574,0.9471403,0.9854012
407129,46.9846,7.2564,Switzerland,A,3,0.6712745213296343,15,20.454545454545457,3467.0143692674205,353.36127301533867,2974.1573399706103,4007.86933830162,4214.0625,32.249636625859836,4171.875,4289.0625,3.1603810933333336,0.2708610157695258,2.3970947,3.4540718,3.975629566666666,0.16718289097606323,3.7289119,4.555328,26.062152957677647,1.4973652673017184,23.63834303480436,28.5547048116556,3.0,0.0,3.0,3.0,1.0666666666666667,0.24944382578492946,1.0,2.0,2.815529306666667,0.284683650893646,1.9186895,3.0743718
407130,46.9846,7.2564,Switzerland,A,3,0.6712745213296343,21,18.260869565217394,3789.4394414066155,565.7432512521156,2974.1573399706103,4426.869905738098,4195.3125,320.4621819257974,3210.9375,4453.125,2.3800621095238093,0.47272445215203324,1.6479818,3.0989509,4.396924776190476,0.4026720136038284,3.5972095,4.9912996,27.738173491421815,3.1542519688770967,22.68575820366477,31.0679573660855,3.0,0.0,3.0,3.0,1.793650793650794,0.9892340603735164,0.3333333333333333,4.0,2.295559795238095,0.8477207401017368,1.3357409,4.4441776
407131,46.9846,7.2564,Switzerland,A,3,0.6712745213296343,20,19.354838709677416,4007.8693383016202,4.547473508864641e-13,4007.86933830162,4007.86933830162,5254.6875,489.92784864202196,4054.6875,5601.5625,2.54143801,0.28646235018357463,1.9437782,3.0430717,4.599753029999999,0.4199498643313546,3.7662792,5.192627,28.510941907145487,2.2311146056423192,25.744260963486248,32.27363885564459,3.0,0.0,3.0,3.0,2.6500000000000004,1.3143439428094916,0.6666666666666666,5.0,1.96909943,0.7249245777067653,1.1344521,3.4535801
407134,46.9846,7.2564,Switzerland,A,3,0.6712745213296343,17,8.292682926829269,4047.5940744531777,61.541296618986884,4007.86933830162,4142.933441216916,4411.764705882353,398.9261772714514,4265.625,6000.0,2.7224763411764705,0.3148248269907084,2.2554467,3.7420394,4.777459923529412,0.3408965740031625,4.0508275,5.2074122,29.6959139550179,4.17400317183094,14.612592931350218,33.050916573520574,3.0,0.0,3.0,3.0,2.4705882352941178,0.983915238454461,1.0,4.0,1.6905073352941176,0.5810263146343748,1.003115,2.8539872
407137,46.9846,7.2564,Switzerland,B,3,0.6712745213296343,10,12.244897959183673,3981.737164832745,52.26434693775118,3877.208470957242,4007.86933830162,4141.40625,18.30527267790622,4125.0,4171.875,3.22777326,0.11643624752861283,3.0032566,3.3813968,4.67283189,0.4166430366853488,3.6848142,5.162971,20.84399562595842,0.5642840888122672,19.939334832386,21.791602399209417,3.0,0.0,3.0,3.0,3.166666666666667,1.2315302134607444,0.6666666666666666,5.0,1.85566155,0.6843369537795445,1.1693583,3.5914862
408216,43.5992,1.3839,France,B,3,0.5092616841777382,12,17.5609756097561,3619.0013033526902,59.055433313122805,3510.2330269093236,3750.807288950415,3890.625,354.157092395098,3750.0,5062.5,3.0276063583333332,0.37471396167255683,2.6099887,4.1119432,4.803175816666666,0.2627428265136869,4.3488603,5.166187,22.35130809517238,2.176874494249929,19.137051185219807,25.762079810404945,3.0,0.0,3.0,3.0,2.4722222222222223,1.0404622666848913,0.6666666666666666,4.0,1.77567395,0.552421737931179,1.1986032,3.1637123
408226,43.9232,2.1567,France,B,3,0.2659557777378894,4,8.88888888888889,3720.2371971979005,52.9489521073972,3628.5269219403576,3750.807288950415,4705.078125,10.14873520059889,4687.5,4710.9375,2.7563861,0.16942292564681138,2.4652772,2.8880725,5.0366275,0.1561571181469804,4.9085298,5.2973022,15.619903532939716,0.8482884187586154,14.610510632868158,16.624746531783735,3.0,0.0,3.0,3.0,2.6666666666666665,0.7071067811865475,1.6666666666666667,3.6666666666666665,1.377556575,0.18760114344649367,1.0549482,1.5069996
409758,47.8974,-3.4336,France,B,4,0.7099910817575622,6,11.61290322580645,3377.966336957234,77.13679983015291,3285.0890365665714,3510.2330269093236,4144.53125,172.98117051159787,3914.0625,4382.8125,3.1051648333333337,0.6797558192954748,2.0376954,3.688415,4.91746995,0.20669048159512787,4.641426,5.179331,16.62488660460464,2.45890058932226,13.77947761685315,20.170001895847683,3.0,0.0,3.0,3.0,3.222222222222222,1.2422599874998832,1.0,4.666666666666667,1.8062693,0.4480710154408711,1.3443148,2.640809
409779,44.1292,2.2559,France,B,4,0.8340116102265608,4,13.333333333333334,3480.0579061152876,444.57480075223526,3074.3856306519383,4142.933441216916,4523.4375,514.2915997849615,4218.75,5414.0625,3.07218665,0.3756361873679138,2.6431403,3.6307123,4.562480549999999,0.15910756859836206,4.394066,4.8193955,22.050463423715165,2.3809098621645948,18.5866762735433,25.169838379675724,3.0,0.0,3.0,3.0,2.1666666666666665,0.6871842709362768,1.6666666666666667,3.3333333333333335,1.9890764250000004,0.20696927771027246,1.7481002,2.2479043
410561,45.9022,5.3973,France,B,4,0.8901335964559275,8,13.333333333333334,2186.8372982330216,671.9661850708129,1637.8144970715018,3877.208470957242,4939.453125,1421.97023848281,2625.0,8203.125,5.0655367375,0.15334559455073146,4.8201904,5.368758,5.1589285125,0.19135451843485707,4.8016467,5.389949,11.863922897268326,4.83780559441888,7.284071682702416,21.04784647544125,3.0,0.0,3.0,3.0,2.875,1.092111868506763,1.0,4.0,1.4836521249999999,0.4069733479063671,1.0418762,2.2933922
411476,46.9906,6.8675,Switzerland,B,4,0.6513930937926359,4,18.46153846153846,3594.395198794471,2413.6528982810255,1532.7661745000066,7523.279300089785,5531.25,2274.3434084265123,2812.5,7804.6875,4.25042115,1.0223792896585162,2.5842457,5.2139554,5.09431435,0.3749877278216482,4.5770836,5.4941607,14.440893138838513,7.008490055660093,7.6089609502216415,25.470785968388284,3.0,0.0,3.0,3.0,2.333333333333333,1.3123346456686351,1.0,4.333333333333333,1.4714458250000002,0.5637063048605914,0.8092588,2.0831366
414915,46.5054,-0.1183,France,B,4,0.7239815534731094,20,15.789473684210527,3131.109833399575,439.59131426882556,1933.0216536654648,3628.5269219403576,4621.875,560.0826965307222,3750.0,5273.4375,3.8348964300000006,0.3394066138684794,3.3422358,4.349045,4.8514602,0.2701717948104687,4.2302647,5.3518515,16.896401681154554,1.815182157438057,12.93141699784064,19.462697363316924,3.0,0.0,3.0,3.0,2.6333333333333333,0.8293236869749818,1.3333333333333333,4.333333333333333,1.6831093950000002,0.3498125515655513,1.0245237,2.520216
416752,51.9607,6.3685,Netherlands,B,4,0.8137530565211214,5,9.09090909090909,3456.5209882523895,477.46484488211365,2519.9500475013783,3750.807288950415,3876.5625,11.481983169296146,3867.1875,3890.625,2.38745138,0.2655203426845288,1.9463879,2.7480311,5.068715939999999,0.1919319471658806,4.800021,5.359419,15.890744879229015,1.6443885270213348,13.472393596538938,18.24175081956589,3.0,0.0,3.0,3.0,3.0666666666666664,0.879393730551528,2.3333333333333335,4.666666666666667,1.34538944,0.26994372517328574,0.9817479,1.6841112
417023,50.1317,4.6177,Belgium,A,5,0.9412357433460706,13,14.181818181818182,2948.021647371194,153.09003059594485,2604.8716763839616,3177.9915873759783,3746.394230769231,385.97734369587505,3210.9375,4312.5,3.6925860230769225,0.12825434680422013,3.4973068,3.9650462,4.63062066153846,0.42081458776808384,3.7941704,5.1983786,14.283054478558098,1.6074278494703198,12.049053816484738,18.924902932945244,3.0,0.0,3.0,3.0,2.3076923076923075,1.229700390593005,0.3333333333333333,5.333333333333333,2.1071123769230766,0.7780387962194688,1.2478579,3.8103044
417075,46.978,7.0432,Switzerland,C,5,0.7234638469970278,5,13.636363636363637,3080.6584447938394,647.2820089206482,1809.0389422075937,3510.2330269093236,5118.75,984.6651358139477,3843.75,6890.625,4.758430240000001,0.4443194981325063,3.9494536,5.177617,4.98496138,0.16466567553689404,4.7187037,5.171889,9.820689694400167,3.5381083794402257,4.215779302437899,14.810119384421458,3.0,0.0,3.0,3.0,2.066666666666667,0.5333333333333333,1.3333333333333333,3.0,1.6997594799999998,0.25429891573162794,1.3462911,2.0839531
417076,46.978,7.0432,Switzerland,B,5,0.7234638469970278,6,20.0,2358.375133432751,469.8456128131862,1998.1639558540896,3395.79564056698,6394.53125,992.6564467574179,4992.1875,7171.875,4.996678266666667,0.1730545525056349,4.7656093,5.238562,5.0118082500000005,0.17174743185368405,4.8011956,5.291247,10.414456750991969,1.6951024751690256,7.639034262052751,12.635524754348072,3.0,0.0,3.0,3.0,3.0,0.8606629658238705,2.0,4.666666666666667,1.6762213333333333,0.25687355498623354,1.2888812,1.9524308
417946,49.3981,8.7261,Germany,B,5,0.9113077446430364,9,15.428571428571427,3877.2084709572423,4.547473508864641e-13,3877.208470957242,3877.208470957242,4005.2083333333335,13.27869664998121,3984.375,4031.25,2.2707568222222223,0.34728266964919635,1.8534709,2.756652,4.734241688888889,0.4166328850767369,4.1387005,5.386946,19.591568574311,2.918142584924346,16.077092771321027,24.431934703191327,3.0,0.0,3.0,3.0,1.9629629629629628,1.0357134410451527,1.0,3.6666666666666665,1.8135527255555555,0.533186482735604,0.93058383,2.3912432
417965,49.3981,8.7261,Germany,B,5,0.911338976950274,5,11.538461538461538,3253.411316052523,999.0902120337264,1750.062319644153,4142.933441216916,4298.4375,38.081430021731066,4242.1875,4335.9375,3.34192908,0.3500255663808425,2.7258916,3.7676327,4.9398021,0.25011190302201936,4.6408362,5.29838,15.801778804120588,2.6177282019491535,12.819712921691613,19.760789315648143,3.0,0.0,3.0,3.0,1.4666666666666666,0.77746025264604,1.0,3.0,1.8082082800000001,0.4477749064834581,1.1216629,2.3278818
417968,49.3981,8.7261,Germany,B,5,0.911338976950274,11,11.578947368421053,3889.086731624913,37.56235835103186,3877.208470957242,4007.86933830162,3986.505681818182,21.092673870621446,3960.9375,4031.25,2.2320772636363633,0.34200237941578787,1.8598727,3.1065679,4.812984863636363,0.23377849872124024,4.4258747,5.191826,20.42277343556303,1.7492992286025988,17.792344869465808,23.525999460701215,3.0,0.0,3.0,3.0,1.9696969696969697,0.7581815759513214,0.6666666666666666,3.0,1.7820932818181816,0.41175220852631483,1.2002121,2.4625578
420347,45.7392,5.4525,France,B,6,0.7472238198847131,14,11.666666666666668,1912.9523197925087,802.9843744896648,1387.690780251243,4282.549167540185,4777.901785714285,1328.0387126831822,2531.25,7687.5,5.201550800000001,0.2859967163425132,4.388216,5.46937,5.141655485714286,0.2654324664840432,4.586369,5.5042243,8.071390507228218,4.336970433049083,2.373281903560276,16.904260468847372,3.0,0.0,3.0,3.0,2.2857142857142856,1.014632178698215,1.0,4.0,1.5363529171428572,0.5733320506340434,0.8671811,2.9148026
422223,51.5856,9.9375,Germany,B,5,0.587808973614532,10,13.333333333333334,4136.271305072898,242.60915854653862,3877.208470957242,4426.869905738098,4631.25,824.866821636984,4007.8125,5882.8125,2.96592202,0.5100910104057761,2.176841,3.7670064,4.77849317,0.185459050777761,4.4352436,5.007385,20.124518833854125,3.025574880756698,14.371013137439896,24.73410626029892,3.0,0.0,3.0,3.0,2.5666666666666664,1.2476644848141933,0.6666666666666666,4.0,1.8737266799999996,0.4736668281267389,1.362698,2.9209905
436195,46.3251,-1.3199,France,A,4,0.5239430557263496,16,17.77777777777778,4557.406174965698,49.3380722072003,4426.869905738098,4576.0542134267835,4750.48828125,308.797262180624,4617.1875,5578.125,3.27384146875,0.21923273006607824,2.7926447,3.6400826,4.53400471875,0.24823220102154414,3.816973,4.879238,18.280083048824974,1.0722285897700452,16.767386748382457,19.7918626431796,3.0,0.0,3.0,3.0,2.4583333333333335,0.5877806658194118,1.0,3.3333333333333335,2.030914375,0.3936859276214171,1.5782623,3.2682426
436371,51.94,5.9038,Netherlands,B,3,0.4853026525338119,5,2.290076335877863,4151.744718420219,261.6088982399311,3628.5269219403576,4282.549167540185,4537.5,63.9289767046212,4500.0,4664.0625,3.01649964,0.7011774518289379,2.5169094,4.383592,4.81332236,0.23118338753724135,4.6060634,5.1519365,21.1066382080108,4.104745462587924,13.096107058234026,24.480883379960066,3.0,0.0,3.0,3.0,1.8666666666666667,0.5811865258054232,1.3333333333333333,3.0,1.82467476,0.34998158494124565,1.1944528,2.143411
437705,46.5763,0.3224,France,A,5,0.4277403687459057,36,15.428571428571427,3142.2915020784067,258.26964328153633,2135.108373911701,4282.549167540185,4317.057291666667,443.8648152948456,3257.8125,4664.0625,3.7297028277777775,0.3205698620091238,2.9916177,4.293665,4.874057075,0.2803764874749628,4.215434,5.255727,16.78561129228205,1.994764245918316,12.514008683724397,20.235148620965266,3.0,0.0,3.0,3.0,2.3518518518518516,0.878215237139213,1.0,4.0,1.7635114305555555,0.4893801661882053,1.1184143,3.0960476
437710,46.5959,0.1676,France,B,5,0.9292894011999032,28,17.31958762886598,3163.190736415402,36.254532612396254,3074.3856306519383,3177.9915873759783,4422.154017857143,336.4528474388425,3210.9375,4546.875,3.7103344821428563,0.19391432946790313,3.2668936,4.0226917,4.835490974999999,0.2414002572783109,4.285268,5.1553726,17.218970005165925,1.509304271502476,13.765125189364015,19.683479704857906,3.0,0.0,3.0,3.0,2.357142857142857,0.8725467715146996,1.0,3.6666666666666665,1.7300714499999998,0.3920190260722545,1.2730148,2.6168196
438243,46.5763,0.3224,France,A,5,0.4259006296052592,21,18.529411764705884,2868.26329354499,27.534299000701083,2783.3968843840626,2877.196599772457,3854.910714285714,30.36042524271304,3820.3125,3914.0625,3.2190350142857147,0.2034409924638457,2.9098709,3.6804569,4.984165438095237,0.2201329772657979,4.5234814,5.332033,14.860870844915393,1.3568054076455038,11.9573238244182,16.71643665688833,3.0,0.0,3.0,3.0,2.8253968253968256,0.9293511852891713,1.0,4.333333333333333,1.488718923809524,0.32342950410955595,1.0218701,2.2898793
438741,46.5979,0.1996,France,B,6,0.8757535951093113,12,5.4961832061068705,2591.062141658068,201.66841310062665,2358.322142798309,2877.196599772457,5212.890625,37.61984430519184,5132.8125,5273.4375,3.722852158333333,0.6285248982017584,2.6956954,4.5980186,4.779915533333333,0.25612534202552184,4.226055,5.16196,16.5117725251863,3.3654207784911017,10.77858918948029,20.92149417932488,3.0,0.0,3.0,3.0,1.1388888888888886,0.3179311983960999,0.6666666666666666,1.6666666666666667,1.9610730583333336,0.4075135211887136,1.3798579,2.9494295
439558,49.6682,-1.4283,France,B,6,0.8018689715353008,8,14.117647058823529,3429.5536033399435,193.5641306675675,3074.3856306519383,3750.807288950415,3969.7265625,332.0642791476371,3609.375,4429.6875,3.473857625,0.2902414599720237,2.8212054,3.8493702,4.9555548875,0.10500569094767472,4.8065205,5.1606665,13.06794011821902,1.25604505826089,11.147764952349206,15.549494295116457,3.0,0.0,3.0,3.0,2.0833333333333335,0.5204164998665332,1.3333333333333333,3.0,1.6310189624999998,0.18524147482474693,1.2850446,1.8931115
44960,52.8176,6.4326,Netherlands,B,3,0.7883213118666635,6,16.363636363636363,2482.9552142919365,468.9032909601115,1434.4555808317646,2692.655140983971,4082.03125,546.2189144830693,2976.5625,4453.125,5.05476665,0.1348595342058143,4.814494,5.2466397,4.479948216666666,0.314657362307905,4.130014,5.0489693,11.615458111528417,2.08414639366797,7.030613843640992,13.048519678597955,3.0,0.0,3.0,3.0,1.5555555555555554,0.24845199749997668,1.3333333333333333,2.0,2.385517183333333,0.4197873259239708,1.6911185,2.937901
44961,52.8176,6.4326,Netherlands,B,3,0.7883213118666635,7,20.0,2812.3703977572186,484.6405872231016,1637.8144970715018,3177.9915873759783,4191.964285714285,8.201416549497248,4171.875,4195.3125,2.782264328571429,0.26120765017835745,2.5100343,3.3067157,4.836927971428572,0.22934685789049924,4.5025225,5.1486163,16.9439726546744,1.0830226253021817,15.743049288809466,19.30903229943184,3.0,0.0,3.0,3.0,3.047619047619048,1.3502330360721737,1.3333333333333333,4.666666666666667,1.8253693714285715,0.43889895450499344,1.3176769,2.4170349
44963,52.8176,6.4326,Netherlands,B,3,0.8099867810836886,9,20.0,3500.4893293298765,147.83032119668562,3285.0890365665714,3628.5269219403576,4255.208333333333,16.053161466065045,4242.1875,4289.0625,2.281178311111111,0.4548005311406612,1.7267159,3.0918617,4.518332355555555,0.22031152667089957,4.086278,4.8122435,26.798170613437204,1.2753495241977773,24.18932461030368,28.47611049406558,3.0,0.0,3.0,3.0,2.185185185185185,0.5689737591013784,1.3333333333333333,3.0,2.0180086,0.3216813985968138,1.6127875,2.6544871
44964,52.8176,6.4326,Netherlands,C,3,0.8099867810836886,4,14.117647058823529,3716.6493197632326,738.3457568176417,2437.796955402183,4142.933441216916,4236.328125,10.14873520059889,4218.75,4242.1875,4.011357175,0.2588215334254703,3.6762314,4.3552136,5.2612559,0.10850846116146891,5.0749226,5.339001,10.051939702907092,2.2887002892582884,8.577623457016719,14.006720398068415,3.0,0.0,3.0,3.0,3.6666666666666665,0.408248290463863,3.0,4.0,1.15825725,0.12898799613899153,1.0431902,1.3711848
45809,49.5498,8.5448,Germany,B,3,0.7413419290184863,7,16.153846153846153,3859.1511592419806,44.23119982877024,3750.807288950415,3877.208470957242,3927.4553571428573,17.07260997854727,3890.625,3937.5,3.096105714285714,0.3020769481763139,2.8664548,3.7142546,4.722257642857143,0.2242290396796662,4.3597207,5.0538754,21.492873386065586,1.3676643028943491,20.111285683651264,23.897874032018933,3.0,0.0,3.0,3.0,2.1904761904761907,0.8518354199999199,1.0,3.6666666666666665,1.8056792285714285,0.3430541650218799,1.2835267,2.2224236
461991,52.133,5.0489,Netherlands,B,3,0.3175624071710184,8,10.212765957446809,2466.5209630584404,276.743862351022,1750.062319644153,2604.8716763839616,5176.7578125,2205.7862137432417,1710.9375,7898.4375,5.204849562500001,0.0966294861284709,5.0521626,5.376466,4.963549125,0.17529464640888032,4.7479973,5.216344,10.346673473732126,1.8903364671183596,7.528119601005967,13.035891360540257,3.0,0.0,3.0,3.0,1.2916666666666665,0.4841229182759272,0.6666666666666666,2.3333333333333335,1.7901270375,0.27914797674128833,1.4234211,2.186565
462704,50.9925,4.3981,Belgium,A,3,0.6458179448596718,7,10.24390243902439,3664.6223535112013,108.0134153818512,3510.2330269093236,3877.208470957242,4101.5625,51.6537342205631,4007.8125,4195.3125,2.869755957142857,0.19542836443366338,2.5639384,3.0832887,4.481254114285714,0.49960655900999423,3.7371497,5.078129,22.36494603069284,1.4063205471357707,20.202963817043965,24.24716597896803,3.0,0.0,3.0,3.0,1.857142857142857,1.051939144494025,0.6666666666666666,3.3333333333333335,2.3713351714285715,0.8977931902005172,1.3980112,3.7004423
462709,50.9925,4.3981,Belgium,A,3,0.6458179448596718,7,11.35135135135135,2863.796640431258,32.823062959979055,2783.3968843840626,2877.196599772457,3853.7946428571427,562.4800697999831,2953.125,4218.75,3.7475761857142857,0.14470330576955853,3.5247304,4.0158267,4.821378185714286,0.3259289555516505,4.297238,5.264271,13.696230156233685,0.6028325825403961,12.892428117349318,14.945044905427912,3.0,0.0,3.0,3.0,2.5714285714285716,0.9379864573139147,1.3333333333333333,4.0,1.7173929857142858,0.433730616643871,1.1404715,2.3850708
462714,50.9925,4.3981,Belgium,A,3,0.6458179448596718,13,20.526315789473685,3706.21059745808,143.5404604178094,3285.0890365665714,3877.208470957242,4146.634615384615,61.29807692307693,4054.6875,4265.625,3.5981755769230777,0.16909022800607026,3.300177,3.8965685,4.726190553846154,0.3850290568006795,3.9776652,5.216867,16.154820510929127,1.0856390188965241,14.594615015338237,17.899876442527805,3.0,0.0,3.0,3.0,2.974358974358974,1.5104283564126297,0.6666666666666666,5.0,1.933933023076923,0.6047622077207132,1.2411742,3.1159434
462833,50.459,3.694,Belgium,A,3,0.6709805339326159,50,18.404907975460123,3272.0266032293275,162.19778886411126,2519.9500475013783,3510.2330269093236,4087.5,577.5334811723039,3562.5,4898.4375,3.5696833779999997,0.32847423433901984,2.7881353,4.2444825,4.584247782,0.38608642159940393,3.6440954,5.226441,19.51456428645943,1.728342820738052,16.306563930433594,23.76670144991866,3.0,0.0,3.0,3.0,2.9933333333333327,1.255193654824271,1.0,5.666666666666667,2.064375426,0.590918837221197,1.2103927,3.4677136
463980,46.3384,6.1402,Switzerland,B,3,0.596165838687815,9,12.272727272727273,4119.77188122506,238.2835894004635,3628.5269219403576,4282.549167540185,4348.958333333333,16.053161466065045,4335.9375,4382.8125,2.386411788888889,0.38442384755584974,1.8035146,3.217299,4.759752877777778,0.3833606029247768,3.8704314,5.265982,18.899388408024194,2.1318143576667183,15.289822391669595,23.18445974663024,3.0,0.0,3.0,3.0,2.111111111111111,0.9813067629253164,0.6666666666666666,3.6666666666666665,1.879077122222222,0.6709648154985787,1.1478395,3.547652
464979,52.0612,5.371,Netherlands,C,3,0.6696723543114844,4,12.0,3177.9915873759783,0.0,3177.9915873759783,3177.9915873759783,4119.140625,19.433348380988672,4101.5625,4148.4375,2.3232673249999998,0.15200858758468833,2.0934665,2.520872,5.073456325,0.07936347780715534,4.9591203,5.172311,16.644288492764822,0.4895638480841561,15.79659360684923,16.94643448166967,3.0,0.0,3.0,3.0,1.7500000000000002,0.3632415786283895,1.3333333333333333,2.3333333333333335,1.3236637249999998,0.14437375623792184,1.198649,1.5679269
465830,51.4213,5.4732,Netherlands,B,6,0.469796734017307,5,13.636363636363637,3628.5269219403576,0.0,3628.5269219403576,3628.5269219403576,4064.0625,11.481983169296146,4054.6875,4078.125,2.68602342,0.13253266983699377,2.4544828,2.8613517,4.66108492,0.21518735477042686,4.3321633,4.9253073,19.61904394366901,1.2712097700429548,17.256972470118512,20.70510868616125,3.0,0.0,3.0,3.0,1.8,0.7483314773547883,1.0,3.0,2.0191468200000005,0.3393651153609776,1.610031,2.405774
466855,43.2297,0.1189,France,B,4,0.6811036805048077,20,19.047619047619047,3782.407584452122,54.733317343146226,3750.807288950415,3877.208470957242,4171.875,62.00979635307634,3914.0625,4218.75,2.99625364,0.3028952199003649,2.5483298,3.8826535,4.994619295000001,0.21304105697100373,4.627791,5.3688707,16.375373679789636,2.2262329466564337,9.26491229557362,20.176534134208993,3.0,0.0,3.0,3.0,2.2166666666666672,0.864580823289529,1.0,4.333333333333333,1.570963365,0.3252882253698623,1.010939,2.199136
467206,51.0763,7.0154,Germany,B,4,0.6106459684856133,4,7.0588235294117645,2784.161377381138,65.24973717200241,2692.655140983971,2877.196599772457,3972.65625,399.98550388771906,3703.125,4664.0625,3.6227196,0.4122378206852024,3.2127395,4.301688,4.900062825,0.13975024820475954,4.685614,5.031971,17.334711812247175,1.5348198229266308,15.930098456595356,19.930752789293415,3.0,0.0,3.0,3.0,2.5,0.9860132971832692,1.0,3.6666666666666665,1.6882399750000001,0.42529833236359144,1.3588324,2.4114065
467229,43.5262,-1.5198,France,B,4,0.4977107946476772,28,18.064516129032256,3209.059681074827,392.48900856720223,2783.3968843840626,3750.807288950415,4681.640625,668.7062716479863,3890.625,5296.875,2.6049614714285716,0.24211085972757226,2.0859962,3.5713518,4.423168935714286,0.36941472860212005,3.6067462,4.9886146,23.987045579881123,2.8311845389802874,19.23344894455615,27.38612032691421,3.0,0.0,3.0,3.0,2.6785714285714284,1.2423804048256655,0.6666666666666666,5.333333333333333,2.306760525,0.6416015142091688,1.4401253,3.7407959
467687,52.2268,6.7255,Netherlands,A,4,0.7868797178195669,3,1.6666666666666665,2426.536843309091,465.96890189500573,1998.1639558540896,3074.3856306519383,3765.625,287.89884019825433,3539.0625,4171.875,4.5681414333333334,0.8590421310170854,3.3539948,5.211492,4.6331292,0.1843405334832433,4.3795223,4.812228,9.927847555501701,6.763761210980697,4.772771957791019,19.48332167286601,3.0,0.0,3.0,3.0,1.3333333333333333,0.2721655269759087,1.0,1.6666666666666667,2.5223947,0.12008749668423727,2.4202073,2.690961
467785,47.2538,7.4363,Switzerland,B,4,0.8223562803495054,14,10.5,3340.8447567604344,663.7858941103954,2065.501535848521,4007.86933830162,4273.995535714285,338.55479967004413,4078.125,4921.875,3.258288864285714,0.4847012689792675,2.7086864,4.3680563,4.752409135714286,0.3003286127089474,4.0691853,5.149479,21.166869453870596,3.820094167272202,13.449173087870038,26.49415746283914,3.0,0.0,3.0,3.0,2.547619047619048,1.0435527143243395,1.0,4.666666666666667,1.8806081142857143,0.4207498363128175,1.2879584,2.829791
467944,42.6621,2.5006,France,A,4,0.8561835153691001,9,16.363636363636363,3696.90340049917,82.75149488905922,3510.2330269093236,3750.807288950415,4067.7083333333335,76.63509879980292,3890.625,4195.3125,3.254732555555555,0.14128445495492892,2.9116387,3.4422336,4.4355379,0.41593260647956204,3.7234743,4.953468,18.049844417540744,0.7759064647297671,16.78548661919913,18.96253426467555,3.0,0.0,3.0,3.0,1.7037037037037037,1.082343644163145,0.3333333333333333,3.6666666666666665,2.221558266666667,0.6872497524116025,1.4526287,3.548135
467945,42.6621,2.5006,France,A,4,0.8561835153691001,13,11.304347826086957,3452.0957701120296,377.8435051430381,2974.1573399706103,3750.807288950415,3841.9471153846152,17.10366522927609,3820.3125,3867.1875,2.701794984615385,0.5369442561124355,1.8064591,3.7256749,5.003856269230768,0.28081019504049987,4.3253098,5.334658,15.525378219565418,1.6258137464885312,12.963153829138763,17.9677970895932,3.0,0.0,3.0,3.0,3.461538461538462,1.042174432456491,1.3333333333333333,4.666666666666667,1.5991320153846154,0.4949438941850447,1.0278574,2.8013306
470428,50.4604,3.6712,Belgium,B,4,0.7636489822567548,36,11.30890052356021,3318.506626751536,822.8313251612987,1750.062319644153,4142.933441216916,4275.390625,13.948102399497754,4242.1875,4312.5,2.5622428027777775,0.32183243871897366,1.84916,3.2107868,5.031893833333333,0.30524170808684725,4.4126735,5.434605,17.986300752503052,1.9749224385554514,12.771034497769774,20.90023468182433,3.0,0.0,3.0,3.0,2.833333333333334,1.0496913126495102,1.0,4.666666666666667,1.390244498888889,0.3978295416216715,0.81445247,2.1405625
471629,41.7945,9.2253,France,B,4,0.897787979617906,5,5.357142857142857,2141.211783692506,471.2038097160441,1584.4199762742635,2974.1573399706103,4687.5,505.94608933413053,3679.6875,5015.625,5.15666206,0.12253314084203651,5.0454073,5.386981,4.895674919999999,0.2584089903871413,4.48802,5.1526623,7.5500737783762135,2.545418285127969,5.834439654766787,12.592431503500976,3.0,0.0,3.0,3.0,2.0,0.6666666666666667,1.0,3.0,1.71827516,0.37025046223696517,1.3283749,2.4188166
471713,41.4115,9.2336,France,A,4,0.691683682082245,29,12.517985611510793,3510.3565711636493,481.99649414941723,1637.8144970715018,4426.869905738098,4032.8663793103447,335.93674387410414,3820.3125,5648.4375,3.996557193103448,0.5404880093338261,2.6982236,5.193819,4.893213755172414,0.2837072778116905,4.3144546,5.2951584,14.53287144299409,3.0971837321245297,8.169062097576305,21.76385671294393,3.0,0.0,3.0,3.0,2.4252873563218396,1.1206749188538945,0.6666666666666666,4.666666666666667,1.7257726827586208,0.4342288904532232,1.1474552,2.7377489
471714,41.4115,9.2336,France,C,4,0.691683682082245,15,11.688311688311689,2845.1382230368135,183.8779250555605,2604.8716763839616,3177.9915873759783,3723.4375,68.39396446324778,3609.375,3820.3125,3.6825316666666668,0.24357850098713743,3.1600065,4.0251064,4.92176886,0.18138046519950932,4.3977695,5.225485,12.805980917245003,1.0541420237488959,11.448546952248288,14.555242460174322,3.0,0.0,3.0,3.0,2.2,0.6182412330330469,1.0,3.3333333333333335,1.6886146,0.22205611819645055,1.2768441,2.0142603
473289,51.4213,5.4732,Netherlands,B,4,0.4444347937380817,3,3.8297872340425534,3835.0747436216334,59.58608863134814,3750.807288950415,3877.208470957242,4257.8125,11.048543456039805,4242.1875,4265.625,2.9547365333333335,0.12517418080156228,2.81712,3.1199768,5.1189613666666665,0.14440882314088563,5.0095596,5.3230085,16.189402644340593,1.3056599077464075,14.739305918248284,17.904418838064498,3.0,0.0,3.0,3.0,3.111111111111111,0.6849348892187751,2.3333333333333335,4.0,1.2958354666666667,0.19482116373557118,1.020571,1.4437163
47356,52.1595,4.3595,Netherlands,B,4,0.6243934100528344,4,18.46153846153846,3291.75476517695,583.3064860887732,2281.438294886726,3628.5269219403576,4371.09375,11.71875,4359.375,4382.8125,2.988309875,0.4572795020636523,2.5874043,3.7303998,4.7830591,0.39734625885952407,4.2162027,5.2768745,21.772924578151876,5.316148574767367,12.587028075353578,25.252564451743677,3.0,0.0,3.0,3.0,2.6666666666666665,0.9128709291752768,1.3333333333333333,3.6666666666666665,1.741049175,0.6138523404453443,1.0682467,2.6892917
473984,51.0763,7.0154,Germany,B,5,0.6186056611409588,4,7.5,2925.6769698715334,48.48037009907671,2877.196599772457,2974.1573399706103,4177.734375,19.433348380988672,4148.4375,4195.3125,2.2859978,0.17927009452726628,2.128866,2.5693998,4.780127425,0.27275766114733946,4.3171077,4.989543,20.590733043078927,1.7726776110459261,18.03613139783257,22.99471340682009,3.0,0.0,3.0,3.0,3.666666666666667,1.433720877840438,1.3333333333333333,5.0,1.7975970499999998,0.4516467046646998,1.4812546,2.571229
478194,48.3941,2.577,France,A,6,0.9006538611844924,11,11.0,1990.8899777839579,364.9129921324224,1637.8144970715018,2974.1573399706103,3732.9545454545455,883.7630528525693,2367.1875,5554.6875,4.873640063636363,0.40196444334508513,3.992311,5.3554068,5.201508518181819,0.29653691727954534,4.5465713,5.4813914,8.714749633497242,4.57899646924392,1.3453127600090875,19.034771207621812,3.0,0.0,3.0,3.0,2.787878787878788,1.3125095653156191,0.6666666666666666,4.666666666666667,1.3724776936363636,0.5447592713962761,0.8273514,2.5872827
479018,51.94,5.9038,Netherlands,B,5,0.5484835850733715,12,16.363636363636363,1799.2714801385412,137.41760345039648,1637.8144970715018,1998.1639558540896,4425.78125,848.717653447504,3070.3125,5531.25,5.224284091666666,0.028308794579584275,5.1558084,5.2719145,4.661720966666667,0.24332645109696877,4.203265,4.9731326,3.7875975054851216,4.037350063523265,0.4688616853791318,10.256038348540152,3.0,0.0,3.0,3.0,1.9722222222222223,0.6448992647913278,1.0,3.0,1.8950241416666669,0.38349283512287735,1.4285622,2.6501067
479032,51.94,5.9038,Netherlands,B,5,0.5526639360378225,13,12.78688524590164,2755.476347953265,41.8808046461962,2692.655140983971,2783.3968843840626,4683.8942307692305,507.0178266621939,2929.6875,4851.5625,3.2169881692307696,0.2675570249379844,2.8827538,3.8163803,4.911890692307693,0.2857558093902675,4.5142426,5.4520698,18.375614278438693,1.1525300983929634,16.01433594963094,20.8164419098722,3.0,0.0,3.0,3.0,2.5897435897435903,1.2135548273024854,0.3333333333333333,5.0,1.4922159230769232,0.4347245862506356,0.7924976,2.3255227
48258,49.201,10.583,Germany,B,4,0.6397312714769834,6,10.588235294117647,3359.4949650351464,81.17077811834338,3177.9915873759783,3395.79564056698,4015.625,583.3798344560772,3585.9375,4851.5625,3.099990066666667,0.29802196168781286,2.784004,3.5208027,4.404210966666667,0.21967917688290103,4.0004306,4.648946,28.26134552851543,2.2536130250542707,23.73628908058647,30.50808375457001,3.0,0.0,3.0,3.0,2.055555555555556,0.6502611061510902,1.0,3.0,2.1538656,0.4034096907725115,1.7643847,2.9636147
485736,47.3474,8.9745,Switzerland,B,4,0.8772181142684502,3,15.0,3007.5667701977195,47.24806933833563,2974.1573399706103,3074.3856306519383,3132.8125,11.048543456039805,3117.1875,3140.625,3.5910662,0.1985658903276694,3.3118105,3.7562833,5.209788666666667,0.1730338312206282,4.966464,5.353943,16.932237123930445,0.44893705942665857,16.472068549161246,17.54113586073078,3.0,0.0,3.0,3.0,3.222222222222222,0.8748897637790901,2.0,4.0,1.1596353466666667,0.25787371891413896,0.93780684,1.5212334
485738,47.3474,8.9745,Switzerland,B,4,0.8908139533853698,5,23.076923076923077,3551.0050251615394,368.276527744469,3285.0890365665714,4282.549167540185,4364.0625,27.332587007087344,4312.5,4382.8125,3.14885928,0.307612715719558,2.669968,3.583843,4.94955704,0.225127167418298,4.559412,5.227605,14.21385416062492,1.058092051497197,12.88320808995137,15.310935401812737,3.0,0.0,3.0,3.0,2.1333333333333337,0.7483314773547883,1.0,3.3333333333333335,1.4843374,0.2933934909470556,1.1722771,1.9616832
485742,47.3474,8.9745,Switzerland,B,4,0.8908139533853698,3,11.25,3074.3856306519388,4.547473508864641e-13,3074.3856306519383,3074.3856306519383,5664.0625,61.51568651571727,5578.125,5718.75,3.5767478333333336,0.1387783663700827,3.4599748,3.771744,5.046313933333334,0.17492459616770745,4.804998,5.2141194,15.22257207272655,0.41585816221617333,14.646863670836304,15.614478633651895,3.0,0.0,3.0,3.0,3.0,0.5443310539518172,2.3333333333333335,3.6666666666666665,1.2323625666666667,0.09406990442291063,1.1555713,1.3648382
502365,47.8974,-3.4336,France,B,4,0.7146497304595191,4,10.0,3323.3645735395207,261.79751622952233,2877.196599772457,3510.2330269093236,4242.1875,230.23690669205274,3843.75,4382.8125,4.195140025,0.35283874889566313,3.6978505,4.692663,5.227590975,0.15218016173207966,5.0150337,5.403856,9.729108666155328,1.6814103100615638,7.259169536174598,11.791948724666623,3.0,0.0,3.0,3.0,4.166666666666666,1.0137937550497031,3.0,5.333333333333333,1.249726,0.25572031864534156,0.9579103,1.5909876
503961,43.6035,1.3786,France,B,3,0.4681844781559772,12,17.5609756097561,3619.0013033526902,59.055433313122805,3510.2330269093236,3750.807288950415,3890.625,354.157092395098,3750.0,5062.5,3.0276063583333332,0.37471396167255683,2.6099887,4.1119432,4.803175816666666,0.2627428265136869,4.3488603,5.166187,22.35130809517238,2.176874494249929,19.137051185219807,25.762079810404945,3.0,0.0,3.0,3.0,2.4722222222222223,1.0404622666848913,0.6666666666666666,4.0,1.77567395,0.552421737931179,1.1986032,3.1637123
505777,43.8958,3.7375,France,A,5,0.6796254359114705,15,16.363636363636363,3366.2738795002056,48.95630230450855,3285.0890365665714,3395.79564056698,3450.0,27.332587007087344,3375.0,3492.1875,3.2510670533333337,0.2344483371573046,2.8836663,3.753842,4.6169755,0.21314678613741603,4.2005053,5.0041304,22.51791981845672,1.2702718572406406,20.644967847259103,24.54557601805579,3.0,0.0,3.0,3.0,2.0222222222222226,0.9226906440900754,0.3333333333333333,3.3333333333333335,2.0530357866666664,0.5826373169358263,1.3721017,3.5112066
506882,48.2741,10.8188,Germany,C,5,0.6216085350803554,3,1.592920353982301,2686.3999599158883,973.095261882512,1693.0083986477366,4007.86933830162,5015.625,629.7669769942689,4125.0,5460.9375,3.5753728000000002,0.17031873165669908,3.3652914,3.782453,5.0650902,0.13634806143112788,4.880294,5.2051744,15.595964473607589,2.6607029181827238,12.84112346328472,19.193103042875713,3.0,0.0,3.0,3.0,3.2222222222222228,0.1571348402636773,3.0,3.3333333333333335,1.3070421666666665,0.13726134213789232,1.1451176,1.4807209
506884,48.2741,10.8188,Germany,C,5,0.6216085350803554,42,12.352941176470589,2276.524907012219,627.9068158488755,1870.0030608561433,4007.86933830162,4138.950892857143,207.56603292387794,4078.125,5460.9375,3.797942361904762,0.3135196555590657,3.1982257,4.7613316,5.180643666666667,0.14495754364566574,4.759736,5.409043,12.525407206613684,2.251852474699379,8.094969770562637,17.775149571486473,3.0,0.0,3.0,3.0,3.055555555555556,0.719776077270518,1.3333333333333333,4.666666666666667,1.2167345276190478,0.20949156837425104,0.8299466,1.8954611
510999,43.9158,3.771,France,B,5,0.8562547415374424,8,19.2,3205.76748868113,559.7185595555472,1750.062319644153,3510.2330269093236,3916.9921875,265.01934340793144,3796.875,4617.1875,4.2229042375,0.4161372396475258,3.7990525,5.0424004,4.8765121874999995,0.17623284714272516,4.5398064,5.0764236,14.435548494063163,2.24255017179065,9.829020120307137,17.29659092045567,3.0,0.0,3.0,3.0,1.7083333333333333,0.789470638395684,0.6666666666666666,2.6666666666666665,1.74041515,0.29398498835199477,1.4263037,2.2246513
512870,44.2391,1.7714,France,C,5,0.8430338859119121,3,12.0,2384.8137469996004,37.46478595048624,2358.322142798309,2437.796955402183,4078.125,0.0,4078.125,4078.125,3.3350949,0.15616037060285168,3.144955,3.527449,5.209147799999999,0.17814636192397137,5.05025,5.4579124,10.720438122153332,1.2566048112484056,8.953695823609065,11.769790340767276,3.0,0.0,3.0,3.0,4.0,1.186342028003479,3.0,5.666666666666667,1.2123843166666666,0.27036785864036034,0.83586735,1.4583004
513001,52.128,6.1365,Netherlands,B,4,0.79585957736647,17,18.545454545454547,3754.0423852067734,337.6875940419828,2783.3968843840626,3877.208470957242,4040.9007352941176,18.08117240156802,4007.8125,4078.125,3.3536326529411764,0.2501323719104468,2.9911122,3.848053,4.745530970588235,0.270026603556965,4.1681967,5.1246023,16.77011712939067,2.087058064157517,12.36299687947905,19.698391338162544,3.0,0.0,3.0,3.0,2.4901960784313726,1.0548217769657071,0.6666666666666666,5.0,1.9419725529411764,0.47520760416747654,1.3107231,3.0769994
515983,43.0509,0.1466,France,B,4,0.8557675478066606,4,8.0,2976.5813714146375,118.80390166953934,2783.3968843840626,3074.3856306519383,7904.296875,50.743676002994455,7828.125,7968.75,4.648645575,0.3607069189487664,4.1913548,5.197548,4.459350275,0.21488319385488713,4.267129,4.8125505,15.401147427014807,1.1365309393846452,14.272783176332512,17.18572772301999,3.0,0.0,3.0,3.0,1.1666666666666667,0.2886751345948129,1.0,1.6666666666666667,2.580666075,0.2904170770160338,2.0822463,2.7997808
516323,42.6638,2.4999,France,A,5,0.8422893413564452,9,15.0,3116.092597170765,609.2763402841155,1637.8144970715018,4007.86933830162,5406.25,992.402781762526,4125.0,7078.125,4.946734044444445,0.25317219235289096,4.2662377,5.150603,4.608133822222223,0.2646665473693718,4.0687737,4.9147606,6.794421136558731,4.1927862444267125,1.931602326227058,15.604697027173255,3.0,0.0,3.0,3.0,2.0370370370370368,0.5543196128553988,1.3333333333333333,3.0,2.3062814,0.37333333913750594,1.9118296,3.0407007
527767,51.963,6.7811,Netherlands,C,3,0.7156345041037118,4,16.0,2486.992120952014,356.2187999334051,1870.0030608561433,2692.655140983971,4699.21875,26.20392161132566,4664.0625,4734.375,3.682264525,0.34616819281577105,3.3358507,4.240353,5.179147225,0.2081428991583592,4.8213067,5.3395443,14.380869075584657,1.2538952345372922,12.582431159646118,15.857296446686837,3.0,0.0,3.0,3.0,3.333333333333334,1.5634719199411433,0.6666666666666666,4.666666666666667,1.3004545825,0.46388270638876417,0.98142743,2.1020176
527769,51.963,6.7811,Netherlands,C,3,0.7156345041037118,4,13.333333333333334,3242.69595152125,265.1764400501996,2783.3968843840626,3395.79564056698,4166.015625,683.791823982213,3539.0625,5203.125,3.4337226999999997,0.39928958971249184,3.081848,4.1119018,5.06269015,0.06770015800548397,4.9748793,5.1324267,17.950011036037026,2.8131925417112233,13.170935481228687,20.435960616064303,3.0,0.0,3.0,3.0,2.666666666666667,0.408248290463863,2.3333333333333335,3.3333333333333335,1.4579912000000002,0.18673138415332066,1.2041025,1.7039508
532226,48.8266,2.414,France,B,3,0.3304403437782952,24,19.72602739726027,3453.1697830023986,65.66957660381297,3285.0890365665714,3510.2330269093236,4438.4765625,622.3017622804891,3515.625,4945.3125,3.4007494625,0.18829446287527682,2.8899174,3.6596582,4.449165591666667,0.215838404076128,3.9994564,4.772068,23.56059687737483,1.726093709974955,19.656449220846095,26.856559038396888,3.0,0.0,3.0,3.0,2.1666666666666665,0.5773502691896257,1.0,3.3333333333333335,2.1744210791666667,0.3361815464500133,1.7093,2.8880773
532227,48.8266,2.414,France,B,3,0.3304403437782952,14,12.727272727272727,3380.7798647830505,83.41414650132002,3285.0890365665714,3510.2330269093236,3927.4553571428573,21.175966474341827,3890.625,3960.9375,2.674517378571429,0.25694307199665617,2.2594266,3.1841607,4.7566622785714285,0.2629222993802763,4.2533164,5.1672764,22.939930545755608,1.506357826071076,20.251370205412787,26.223258060623746,3.0,0.0,3.0,3.0,2.595238095238095,1.1695784848395367,1.3333333333333333,5.0,1.810135642857143,0.43707580946872965,1.1520238,2.622408
533210,48.8286,2.4363,France,B,3,0.6992873033526437,14,14.0,3893.7573774549896,236.0625024002209,3395.79564056698,4142.933441216916,4212.053571428572,73.81274894547524,4054.6875,4265.625,3.40977915,0.2466723559914758,2.9814224,3.7971737,4.649029914285713,0.1594978357346621,4.3526855,4.9237213,21.16127661361033,3.1531012031587844,15.0253552668379,25.417204119516956,3.0,0.0,3.0,3.0,1.8809523809523812,0.661973274974183,0.6666666666666666,3.0,1.9278749142857141,0.39832008513109307,1.3824422,2.5411956
533211,48.8286,2.4363,France,B,3,0.6992873033526437,8,16.0,3689.6671054453864,61.140183505028745,3628.5269219403576,3750.807288950415,4731.4453125,274.6884748942811,4007.8125,4875.0,3.449586975,0.11665189290545985,3.244056,3.5923715,4.595188375,0.15121790179376715,4.3739424,4.7834005,22.27227764029735,0.7925511157174961,20.572656231733603,23.119804226810107,3.0,0.0,3.0,3.0,2.7083333333333335,0.5877806658194119,2.0,3.3333333333333335,1.9024319375,0.2270881974945689,1.6246032,2.2090855
533700,48.6647,1.8492,France,A,3,0.7316144093639284,14,9.333333333333334,3536.9593458721897,109.4255598207308,3285.0890365665714,3750.807288950415,3945.870535714286,61.12210802520765,3773.4375,4031.25,3.1977143285714287,0.2556351503158426,2.9180872,3.8878798,4.511179828571429,0.24768360011984017,4.037082,4.866684,16.01724409908713,0.9622094557691016,14.14616667900788,17.571884517136407,3.0,0.0,3.0,3.0,1.7380952380952377,0.8182304894018848,0.6666666666666666,3.6666666666666665,2.2245256785714287,0.4591868915762858,1.5672444,2.9751685
534011,48.2741,10.8188,Germany,B,3,0.5406665920443425,19,7.755102040816326,2131.527751561797,730.3163881433384,1342.4505626571586,4007.86933830162,4028.782894736842,452.93391949719796,2109.375,4171.875,3.5586269736842104,0.46426578886437436,2.6190248,4.3811035,5.1394676,0.22710139731670287,4.66103,5.4307795,15.367704553727046,2.7894204646343375,11.804209171802484,20.57288591163701,3.0,0.0,3.0,3.0,3.456140350877193,1.2149676977670727,1.6666666666666667,5.666666666666667,1.3587068236842104,0.35485864799062206,0.9167165,2.012678
534290,51.0763,7.0154,Germany,B,3,0.5895892958369685,14,10.37037037037037,3266.3283344162305,418.2309040143133,2783.3968843840626,3628.5269219403576,4170.200892857143,333.399603866858,3750.0,4640.625,2.962548907142857,0.5451983945590063,2.1341252,3.637979,4.712396871428572,0.25031328652927104,4.1980205,5.1513786,20.552393748995673,3.3736349898479907,14.16968885451888,26.096108597441397,3.0,0.0,3.0,3.0,2.1904761904761902,1.0290563230940146,0.3333333333333333,4.333333333333333,1.9917880214285713,0.45188502332179453,1.3184867,2.7337778
534408,48.8022,2.3811,France,C,3,0.2016921877471193,37,4.530612244897959,3419.1444082115745,460.807984650448,1434.4555808317646,3628.5269219403576,4370.143581081081,107.55531640198575,4242.1875,4757.8125,3.4643172324324327,0.5633134045904157,2.7543714,5.0550675,5.28481751891892,0.13507248611767947,5.016117,5.600007,10.94787479350711,2.694561925870698,3.4821005135765613,14.955343159025366,3.0,0.0,3.0,3.0,3.1711711711711716,1.0530140399339545,1.0,4.666666666666667,1.1685649897297299,0.2448499868203648,0.60468435,1.6464742
534414,50.4663,3.6846,Belgium,B,3,0.6745883970344382,4,5.0,2506.922343963288,800.6153750466908,1693.0083986477366,3510.2330269093236,6128.90625,2442.9307740092763,1898.4375,7617.1875,4.206350775,0.5794066602649489,3.5816336,4.8898206,4.7813343249999996,0.23768077303942112,4.4029217,5.0317802,17.718385693844457,3.3365263364419455,13.41247921680717,21.21998386208413,3.0,0.0,3.0,3.0,1.25,0.4930066485916347,0.6666666666666666,2.0,1.8720162999999999,0.2343098802543227,1.7146815,2.2758546
534807,50.4667,3.6728,Belgium,B,3,0.6867700387861043,8,21.81818181818182,2038.0238195821544,693.7121857898392,1482.796342429293,3285.0890365665714,4403.3203125,1996.2655010350097,2554.6875,7851.5625,4.8343626625,0.8302012496365563,3.4032574,5.62864,4.9885024875,0.17330375742669588,4.6754856,5.2508006,13.946079587402451,5.200312850366933,2.5981582318373837,21.368807206702765,3.0,0.0,3.0,3.0,2.166666666666667,0.6666666666666666,1.0,3.3333333333333335,1.5427651375,0.21918278064196747,1.214478,1.8350973
535694,48.8196,2.1885,France,A,3,0.5340744149607481,10,17.142857142857142,3398.0848242052007,127.57300787335018,3285.0890365665714,3750.807288950415,3897.65625,422.0116966036753,3585.9375,4781.25,3.1830964600000002,0.09746326924092175,3.0415163,3.309268,4.579308529999999,0.2214889220968263,4.180926,4.926263,21.141797102556268,1.751973018773291,18.880051872579006,25.635394332693892,3.0,0.0,3.0,3.0,1.9333333333333331,0.6289320754704403,0.6666666666666666,3.0,2.0424668900000005,0.402911076695594,1.6080357,2.9732974
535697,48.8196,2.1885,France,A,3,0.5340744149607481,18,16.119402985074625,3744.2428693941206,50.05917956165743,3628.5269219403576,3877.208470957242,4550.78125,460.1589027937116,3960.9375,4945.3125,2.9508610444444443,0.29440627062791275,2.406558,3.5391064,4.5157264277777776,0.33992572671703647,3.8403463,5.1279306,25.760730360257458,2.4037441401158426,20.186614473048433,28.922909164362807,3.0,0.0,3.0,3.0,2.2592592592592595,0.8055023396641313,1.0,3.3333333333333335,2.0268006333333335,0.48320863565961625,1.3117362,2.9932854
536136,47.52,5.1812,France,A,3,0.5377923827671228,68,18.88888888888889,2673.768253781358,248.97164273912304,2281.438294886726,4576.0542134267835,5164.866727941177,654.0787398478897,3023.4375,6046.875,3.4810177176470587,0.42831553323134647,2.171276,4.478826,4.747225876470588,0.29190538729151205,4.0558743,5.267185,23.251854049322645,2.8553827718840417,14.916697770357445,28.399671275851336,3.0,0.0,3.0,3.0,3.2401960784313717,1.223203749394859,0.3333333333333333,5.0,1.8770272661764709,0.525937883335863,1.1128565,3.6028852
536516,50.8897,13.2915,Germany,B,3,0.7311685233186714,4,18.46153846153846,4142.933441216916,0.0,4142.933441216916,4142.933441216916,4289.0625,40.59494080239556,4218.75,4312.5,2.961325525,0.2737450440094521,2.6192944,3.312356,4.915559249999999,0.06670019780377326,4.817629,4.9975805,17.558434929491288,2.278898767446409,13.686891332586656,19.547326731299854,3.0,0.0,3.0,3.0,1.9166666666666667,0.3632415786283895,1.3333333333333333,2.3333333333333335,1.67947455,0.13662191572689752,1.5390029,1.9047115
536563,46.9702,4.6874,France,B,3,0.7695023991159228,9,17.419354838709676,3052.3049524645157,844.0902315372566,1482.796342429293,3877.208470957242,3802.0833333333335,606.0383185710198,2343.75,4171.875,4.129604655555555,0.7081092839452289,3.3668017,5.519621,4.5877764,0.3906139630335557,4.160611,5.3172245,13.697325372680075,4.969149974835085,4.3543944433182356,19.102449866245465,3.0,0.0,3.0,3.0,1.4444444444444444,1.0183501544346312,0.6666666666666666,4.0,2.6022448444444444,0.750608444094138,1.2131592,3.5829916
536587,48.8205,2.1781,France,A,3,0.7010732235955325,4,3.934426229508197,3024.2714853112743,50.11414534066398,2974.1573399706103,3074.3856306519383,5167.96875,42.252554009343626,5109.375,5226.5625,3.4229414499999997,0.2737069683830273,3.1006267,3.7692373,4.12134295,0.30542406934656025,3.8039274,4.6144133,24.673247204117754,1.9869936908791124,22.553527258873427,27.063297903514663,3.0,0.0,3.0,3.0,0.6666666666666666,0.0,0.6666666666666666,0.6666666666666666,3.093348675,0.30511066911862783,2.564899,3.2715566
536592,48.8205,2.1781,France,A,3,0.7010732235955325,6,10.285714285714285,3731.6281908218552,582.9497940467181,2974.1573399706103,4889.674664552353,4894.53125,41.52400708099472,4828.125,4968.75,3.9328869333333336,0.5825412363372017,2.805075,4.68145,4.43650185,0.353171577087935,3.8866894,4.876451,16.706412678292654,3.7637305108927377,12.433830538240022,22.001199852797544,3.0,0.0,3.0,3.0,1.3333333333333333,0.6085806194501846,1.0,2.6666666666666665,2.41870185,0.5418126491412129,1.7581792,3.111573
537116,44.0619,1.9524,France,B,3,0.6995867402787037,11,6.666666666666667,2767.834094599515,843.5553505083744,1532.7661745000066,3510.2330269093236,3954.5454545454545,393.84775941088606,3585.9375,4500.0,3.766445409090909,0.5273225418004627,2.91833,4.5774984,5.186454363636364,0.14420522984623663,4.8260927,5.375445,11.997953340740638,2.814205221822636,6.367549388309641,16.036107363919903,3.0,0.0,3.0,3.0,2.4545454545454546,0.8793101896089035,0.6666666666666666,4.0,1.3532386454545455,0.3247767785724118,1.0459542,2.2025092
537126,44.0619,1.9524,France,C,3,0.6995867402787037,5,4.838709677419354,3285.8108675285343,68.88136263568943,3177.9915873759783,3395.79564056698,4364.0625,22.963966338592293,4335.9375,4382.8125,3.3649141799999995,0.42805275471132953,2.6972308,3.8954613,4.785711860000001,0.2917144737963998,4.2206116,5.058546,15.537861356467266,3.154963402456135,10.84857241621234,19.27439112606932,3.0,0.0,3.0,3.0,1.6,0.7118052168020874,0.6666666666666666,2.6666666666666665,1.8312057,0.2148815307188684,1.6573646,2.2161996
53725,42.784,0.036,France,A,5,0.9263939857442004,5,16.666666666666668,1643.8095513976525,145.98331175241242,1532.7661745000066,1933.0216536654648,7185.9375,87.19254017689816,7101.5625,7335.9375,4.466790380000001,0.3397544240961309,3.9215279,4.838313,4.49437816,0.22536800096245801,4.273103,4.926122,23.408359876175254,1.209436159858934,21.07090756069786,24.486875091850052,3.0,0.0,3.0,3.0,1.7333333333333336,0.879393730551528,1.0,3.3333333333333335,2.2566233799999997,0.36768977371192363,1.5592223,2.5811293
537813,48.8205,2.1781,France,A,3,0.7301427607421919,37,15.633802816901408,3128.520234530605,92.49329741066272,2877.196599772457,3395.79564056698,4715.371621621622,885.9089749978999,3164.0625,6398.4375,3.52163677027027,0.23377906874647744,3.1152737,4.1991744,4.499005678378379,0.3465689160720096,3.668709,5.0690417,19.259959379064032,1.4413979708817848,16.465064386638918,22.04370139295421,3.0,0.0,3.0,3.0,2.2162162162162167,1.040374777171319,0.3333333333333333,4.333333333333333,2.2902092162162164,0.6327494474151906,1.4229375,3.9824176
537814,48.8205,2.1781,France,A,3,0.7301427607421919,18,17.419354838709676,2866.9500216631773,43.401665628248395,2783.3968843840626,2974.1573399706103,4138.020833333333,568.0188371045062,3750.0,5859.375,2.840070116666667,0.22049889544838813,2.4099998,3.1553442,4.367148122222222,0.49849145681182666,3.3786204,5.002803,25.135070388664825,1.6044839128242303,21.028497173532426,27.432350687629548,3.0,0.0,3.0,3.0,2.111111111111111,0.9749960430435692,0.6666666666666666,4.0,2.3167904277777778,0.8106300357597819,1.4145367,4.092477
538249,51.4213,5.4732,Netherlands,C,3,0.4023361880687869,4,20.0,2696.5888588481757,1547.3988595399503,1434.4555808317646,5224.789132745205,3580.078125,1928.0371152858863,1640.625,5554.6875,4.550177975,0.4626463576864103,3.7645779,4.934773,4.996782325,0.509687541637832,4.201162,5.471766,9.46747742535663,5.896283724080384,3.325984886847003,17.191798284332428,3.0,0.0,3.0,3.0,1.5,0.5,1.0,2.3333333333333335,1.70789296,0.8142284558825053,0.92925304,2.968613
538260,51.4213,5.4732,Netherlands,C,3,0.4023361880687869,3,22.5,4595.739555802108,415.6870172522061,4007.86933830162,4889.674664552353,6000.0,1358.970845092896,5039.0625,7921.875,4.287004799999999,0.4955622595645474,3.8687434,4.9831324,4.6148541666666665,0.4255765302661661,4.0555305,5.086976,14.936641612425987,5.057212081528347,8.268572416433715,20.510258973891393,3.0,0.0,3.0,3.0,1.666666666666667,0.7200822998230957,0.6666666666666666,2.3333333333333335,2.0979140333333333,0.32966098594354315,1.7177806,2.5217295
538264,51.4213,5.4732,Netherlands,B,3,0.4023361880687869,8,17.142857142857142,3729.455172666519,254.4130480409134,3074.3856306519383,3877.208470957242,4417.96875,128.90625,4359.375,4757.8125,3.3512567875,0.41654197506669555,2.6352553,3.9487934,4.827891924999999,0.22084757913643602,4.5428467,5.1195483,17.832749739696258,1.5685868423801779,15.225419173238176,20.01015622003604,3.0,0.0,3.0,3.0,2.5833333333333335,0.8779711460710615,1.3333333333333333,4.333333333333333,1.78108125,0.35973100478417547,1.3442308,2.3214867
538267,51.4213,5.4732,Netherlands,C,3,0.4023361880687869,15,14.285714285714285,3844.3166958869265,94.66439046714642,3510.2330269093236,3877.208470957242,4231.25,93.69790219103093,3984.375,4312.5,2.812317446666667,0.3186803324199489,2.3187306,3.3038929,4.82184276,0.21277549151867334,4.382224,5.1410103,21.534220923199133,2.285561540555364,17.90073883474622,24.994307123854004,3.0,0.0,3.0,3.0,2.466666666666667,0.9873271062899138,0.6666666666666666,4.0,1.8437243666666667,0.4198699280431241,1.3698488,2.904382
538268,51.4213,5.4732,Netherlands,B,3,0.4023361880687869,9,16.363636363636363,3602.2393897112393,49.179469572569964,3510.2330269093236,3628.5269219403576,4494.791666666667,123.9101797226075,4148.4375,4570.3125,3.376776144444444,0.09754663232532094,3.2348042,3.533839,4.610839177777777,0.20321870830555822,4.387795,4.953672,21.033477786360198,1.0047731996831455,18.73956185273719,22.468266268066753,3.0,0.0,3.0,3.0,2.0740740740740744,0.7821745215534399,1.3333333333333333,3.3333333333333335,2.0388248555555553,0.3346564775902701,1.4772514,2.3879435
538934,46.4883,0.2575,France,C,3,0.7534138170509649,9,16.363636363636363,3906.7175176268315,81.21096741761623,3750.807288950415,4007.86933830162,4174.479166666667,20.505228838572425,4148.4375,4218.75,2.641623344444445,0.3575598489005476,2.0551322,3.2020705,4.834315422222222,0.16893262227068714,4.484686,5.0385923,17.576233690002084,0.9684938712504915,15.551974384851176,19.069225335793405,3.0,0.0,3.0,3.0,2.6296296296296298,0.6928995160692483,1.6666666666666667,3.6666666666666665,1.7767014777777779,0.3379756723027686,1.3824538,2.4193337
538945,47.52,5.1814,France,A,3,0.5514857989722054,22,19.411764705882355,3490.280035613946,87.62013326365157,3177.9915873759783,3628.5269219403576,4042.96875,804.8486640793489,3703.125,6609.375,3.4152791227272727,0.20902713971775821,2.9155598,3.8396397,4.5468779409090905,0.4665714436471154,3.145637,5.1583543,24.83942440261812,0.8735019609495331,22.604087997698617,26.22684769198278,3.0,0.0,3.0,3.0,2.484848484848485,1.104294979290218,0.3333333333333333,4.333333333333333,1.9380302636363638,0.6631195098170675,1.1389136,4.0658107
539189,51.011,4.5995,Belgium,B,3,0.6875751783097719,9,14.594594594594595,3710.047166613729,57.643517812527634,3628.5269219403576,3750.807288950415,4432.291666666667,23.29237476562281,4382.8125,4453.125,2.7165995777777776,0.25671980470394734,2.306216,3.2092838,4.73567921111111,0.2702222338284153,4.250561,5.1024523,25.173064174248786,1.4567096115129434,23.12352811189948,27.65973098424137,3.0,0.0,3.0,3.0,2.4444444444444446,0.753592220347252,1.0,3.3333333333333335,1.8020477333333333,0.3963036340502346,1.3027667,2.6160445
541200,46.5966,0.1988,France,B,4,0.8342539720747005,12,14.693877551020408,3801.3969849666596,461.30334089635573,3074.3856306519383,4142.933441216916,4621.09375,371.4225517036661,4289.0625,5179.6875,3.617086841666666,0.31709036589440986,3.2606516,4.1495395,4.648666808333333,0.1303572239501995,4.2917814,4.7813654,17.481392619949276,2.02920246585905,13.64386797573406,21.68306685624444,3.0,0.0,3.0,3.0,1.6944444444444444,0.25306759942067497,1.3333333333333333,2.0,2.0476405166666662,0.20201402226592188,1.8076854,2.5807564
541517,48.8205,2.1781,France,A,4,0.7312312347511167,22,15.348837209302326,4409.923067923575,156.42871065983982,3750.807288950415,4576.0542134267835,4554.332386363636,33.43541511322844,4476.5625,4617.1875,2.4030484045454545,0.4551769621142144,1.8037077,4.087504,4.928497213636364,0.3431054990689363,4.106167,5.3833804,23.763177405396622,2.155311815528674,15.973493136509148,26.333821960244265,3.0,0.0,3.0,3.0,3.8484848484848486,1.9455395053666087,0.6666666666666666,7.333333333333333,1.613210765,0.5476030921097532,0.9573358,3.0762517
541526,48.8205,2.1781,France,A,4,0.7312312347511167,13,13.928571428571429,3565.126863745854,74.35709133317765,3395.79564056698,3628.5269219403576,4211.538461538462,34.86612909701992,4148.4375,4265.625,2.4260555153846157,0.16229684973333391,2.1563776,2.6990619,4.713849546153846,0.2735708861446042,4.3057423,5.15067,26.937553866043004,2.9768938398579645,19.532009153373476,31.15973766804631,3.0,0.0,3.0,3.0,2.2307692307692304,1.0075324463788975,1.0,4.333333333333333,1.6855299230769232,0.38768152410701984,1.1470538,2.2759962
541528,48.8205,2.1781,France,A,4,0.7312312347511167,30,20.0,3456.828913282897,57.09139892412434,3395.79564056698,3510.2330269093236,4411.71875,50.87731298489042,4359.375,4546.875,2.79710905,0.22763795457377015,2.2394445,3.2720034,4.5454303099999995,0.23480570449125562,3.7582347,4.9190254,28.359846042903147,1.1219797329323846,25.053194257512107,29.903704814240317,3.0,0.0,3.0,3.0,2.288888888888889,0.5216308708580223,1.0,3.3333333333333335,1.8364986099999998,0.3667880640312717,1.3649641,3.2993119
541531,48.8205,2.1781,France,A,4,0.7312312347511167,3,4.390243902439025,2135.8902843938226,57.79403086874833,2065.501535848521,2207.060943421246,7531.25,39.836089949943634,7476.5625,7570.3125,4.814975466666667,0.03554567792435852,4.764709,4.840561,4.3454252,0.17245375881110847,4.1626806,4.576668,11.298097565326044,0.5193375811108516,10.655796917363489,11.927719432486375,3.0,0.0,3.0,3.0,1.111111111111111,0.1571348402636772,1.0,1.3333333333333333,2.8350665666666663,0.2145989972498526,2.5364318,3.0312033
541533,48.8205,2.1781,France,A,4,0.7312312347511167,7,17.5,4239.1738971677505,541.3177047239228,3285.0890365665714,4730.26599157077,4647.321428571428,408.2076068070046,3937.5,4992.1875,3.559013157142857,0.6346368398798389,2.4546301,4.7601357,4.459264042857144,0.2933706132900296,3.9100895,4.884865,20.06080448541064,6.930158744788856,4.393641491794633,26.30202303202218,3.0,0.0,3.0,3.0,1.380952380952381,0.45175395145262565,0.6666666666666666,2.0,2.2858274714285716,0.4192275435615969,1.9216976,3.231303
542181,44.0626,1.951,France,B,4,0.7052234734605021,10,6.8181818181818175,2877.088396577358,380.17325893739803,2065.501535848521,3177.9915873759783,4338.28125,249.68363772044114,4242.1875,5085.9375,4.6936389300000005,0.16935872401599544,4.49773,5.071047,5.251468539999999,0.1178324362501871,5.021983,5.419949,10.256248971377419,0.6263911824571605,8.970084674332853,11.010637887809189,3.0,0.0,3.0,3.0,2.8666666666666667,0.7916228058025279,1.0,3.6666666666666665,1.23152156,0.2318136628921005,0.9509185,1.8114418
542689,46.5878,0.2042,France,B,3,0.8321652093109614,17,12.91139240506329,4900.171635395462,833.2788612311559,1870.0030608561433,5224.789132745205,5310.661764705882,27.916070861190146,5250.0,5367.1875,3.2493325235294117,0.49605716013490225,2.3522403,4.422454,4.354584358823529,0.20132473911099902,3.9616747,4.648829,21.418082295710377,4.844523921351496,10.151320673464763,27.53230473589924,3.0,0.0,3.0,3.0,0.6470588235294118,0.2674153273918795,0.3333333333333333,1.3333333333333333,2.737194070588235,0.3390198088522345,2.0814195,3.5176375
543375,46.5761,0.3221,France,A,3,0.4298941259398175,9,13.5,3262.078564221592,83.90232715525698,3074.3856306519383,3395.79564056698,4674.479166666667,270.20660658661836,3914.0625,4804.6875,3.9136535555555554,0.13664545525577507,3.7473478,4.175641,4.739889466666667,0.1676613948016656,4.54765,5.001162,16.856159644545368,1.5673906106057884,13.665814123072098,19.28071612524637,3.0,0.0,3.0,3.0,1.8148148148148147,0.6687211142691772,0.6666666666666666,2.6666666666666665,2.101474611111111,0.4057775327414312,1.6312404,2.84744
543377,46.5761,0.3221,France,A,3,0.4298941259398175,26,15.757575757575758,3401.345169178229,90.99981225565723,3177.9915873759783,3628.5269219403576,4795.673076923077,58.53130918538916,4710.9375,4992.1875,3.9176183730769236,0.18613122303758128,3.469064,4.3124504,4.53942571923077,0.2317002162644123,4.1844854,5.001229,17.231148364644856,1.3709334312701156,12.62046632189726,19.419407023970273,3.0,0.0,3.0,3.0,1.807692307692308,0.8582086139066443,0.6666666666666666,4.0,2.359645876923077,0.45779314531586224,1.5322781,3.1196702
545633,51.1404,4.9914,Belgium,B,4,0.6679757558573005,5,14.285714285714286,3329.3716781667345,54.2349381914721,3285.0890365665714,3395.79564056698,4701.5625,393.75,3914.0625,4898.4375,3.0141757,0.16670846635418382,2.7143998,3.2143931,4.74352576,0.30679049557364446,4.3133016,5.166886,21.89810538045923,1.6281023525973097,19.76778517076038,23.892169128396684,3.0,0.0,3.0,3.0,2.3333333333333335,1.0540925533894598,1.0,4.0,1.94710106,0.47855141187243655,1.3987074,2.7222376
545634,51.1404,4.9915,Belgium,B,4,0.6673324956718663,15,15.517241379310345,2622.4283693039633,35.11338584000368,2604.8716763839616,2692.655140983971,7145.3125,46.770717334674266,7054.6875,7218.75,3.9447983533333333,0.4518437906708495,3.3659937,4.829777,4.774788900000001,0.12583962767248918,4.58029,5.095983,20.19923288269918,1.811809482293519,18.004977243857752,23.931010654068224,3.0,0.0,3.0,3.0,1.4222222222222223,0.4121608220220313,1.0,2.6666666666666665,1.7166589200000002,0.20461332997297516,1.1897068,1.9768587
545635,51.1404,4.9915,Belgium,B,4,0.6673324956718663,15,15.517241379310345,2622.4283693039633,35.11338584000368,2604.8716763839616,2692.655140983971,7145.3125,46.770717334674266,7054.6875,7218.75,3.9447983533333333,0.4518437906708495,3.3659937,4.829777,4.774788900000001,0.12583962767248918,4.58029,5.095983,20.19923288269918,1.811809482293519,18.004977243857752,23.931010654068224,3.0,0.0,3.0,3.0,1.4222222222222223,0.4121608220220313,1.0,2.6666666666666665,1.7166589200000002,0.20461332997297516,1.1897068,1.9768587
545636,51.1404,4.9915,Belgium,B,4,0.6673324956718663,11,16.923076923076923,2495.3724023674235,162.19440271522114,2135.108373911701,2604.8716763839616,6683.948863636364,913.806683051829,5156.25,7359.375,4.434255100000001,0.3858591910357479,3.4370072,4.9236298,4.849223427272728,0.12235628879323224,4.6278477,5.0155296,18.162298104906256,2.238656862312429,14.040996147153503,20.865511527778764,3.0,0.0,3.0,3.0,1.3333333333333335,0.40201512610368484,1.0,2.0,1.7004110636363634,0.18239368881089596,1.3840201,1.9794879
545639,51.1404,4.9915,Belgium,B,4,0.6673324956718663,4,11.428571428571429,2583.641269163316,36.77214397153571,2519.9500475013783,2604.8716763839616,6832.03125,1009.514369731958,5109.375,7570.3125,4.709367725,0.17037880196646188,4.5025234,4.974328,4.7125027,0.09246795829851027,4.5881443,4.833567,18.406315545125207,1.803061916470942,15.5416449966256,20.18446262097929,3.0,0.0,3.0,3.0,0.9999999999999999,0.23570226039551584,0.6666666666666666,1.3333333333333333,1.9929494499999998,0.12766714069184945,1.8592913,2.133294
545640,51.1404,4.9915,Belgium,B,4,0.6673324956718663,3,10.588235294117647,3285.0890365665714,0.0,3285.0890365665714,3285.0890365665714,3421.875,19.136638615493577,3398.4375,3445.3125,2.8461263333333338,0.21115424282491282,2.6934164,3.1447175,4.6302707000000005,0.15601318571473374,4.4146824,4.7787027,25.555430669874863,0.9750669722377096,24.24440205951966,26.58112923680032,3.0,0.0,3.0,3.0,1.6666666666666667,0.2721655269759087,1.3333333333333333,2.0,1.9785671333333337,0.25686788950660133,1.7837087,2.341504
545641,51.1404,4.9915,Belgium,B,4,0.6673324956718663,10,13.333333333333334,3362.9567376010514,71.64899761338114,3285.0890365665714,3510.2330269093236,3576.5625,336.91355298874515,3375.0,4570.3125,2.71664519,0.3805510020839873,2.2742758,3.644548,4.296388060000001,0.1436566526791726,4.021119,4.627379,25.84470391461057,2.250535165916829,19.62107346821164,27.92881462828642,3.0,0.0,3.0,3.0,1.3666666666666667,0.5259911279353168,0.3333333333333333,2.3333333333333335,2.4644514799999997,0.44565366838315335,1.8237213,3.3751416
545839,46.5761,0.3222,France,A,3,0.4368061851722662,40,8.602150537634408,2972.220790896297,55.69417257364038,2783.3968843840626,3074.3856306519383,4140.8203125,39.70131941363654,4031.25,4289.0625,3.6565780275,0.2994079604637876,3.0991993,4.5290504,4.632643917499999,0.2257872124783309,3.9381213,5.1546335,14.123281538846072,1.302564577180641,11.429178389087935,16.24322928513956,3.0,0.0,3.0,3.0,1.8083333333333336,0.48812282152024905,0.6666666666666666,3.0,2.060179555,0.37871143586628786,1.446102,3.5979574
545849,46.5761,0.3222,France,B,4,0.4368973192728854,194,14.790343074968233,2648.4758589577623,441.351860897237,1637.8144970715018,3877.208470957242,3935.4461984536083,53.72868741825645,3890.625,4640.625,3.321924630412371,0.5508420199128162,2.1126246,4.5765243,5.000964129896907,0.15858933889845794,4.576829,5.346505,15.201490581061668,1.6152517704270288,11.37935052806459,23.545815933012637,3.0,0.0,3.0,3.0,2.2646048109965635,0.7753920699576811,0.6666666666666666,4.333333333333333,1.5795151298969075,0.30313949202120594,1.0215962,2.7836711
546190,44.1464,1.8777,France,B,3,0.7468673060456252,11,9.850746268656716,2734.5159369822213,335.1128362528438,2358.322142798309,3750.807288950415,7210.227272727273,940.9704618078267,6492.1875,8789.0625,5.031030472727273,0.175275223209661,4.6246524,5.336313,4.312580627272727,0.17397385546868877,4.0578356,4.5088673,11.32732537026862,3.2371777935527595,7.311008281011293,17.900750773522567,3.0,0.0,3.0,3.0,1.3939393939393938,0.4220723720358824,1.0,2.0,2.8675912818181817,0.381876786501555,2.431574,3.6422145
546192,44.1464,1.8777,France,B,3,0.7468673060456252,11,5.116279069767442,2558.100424643272,330.16853765925697,1933.0216536654648,3074.3856306519383,4919.744318181818,944.5291111448621,3890.625,6328.125,5.216360381818181,0.053850553265357724,5.1265335,5.313674,4.602784218181818,0.1904292407466631,4.224869,4.88888,1.7642761894193022,0.5471771443041504,1.0178306411744742,3.008789011307043,3.0,0.0,3.0,3.0,1.333333333333333,0.4714045207910317,0.6666666666666666,2.3333333333333335,2.375083972727273,0.39099308392234694,1.7836014,3.158356
546193,44.1464,1.8777,France,B,3,0.7468673060456252,10,12.0,3014.2486562431413,49.101633992120725,2974.1573399706103,3074.3856306519383,5109.375,1502.524730713691,3539.0625,8039.0625,4.448985649999999,0.1543647454730533,4.2037864,4.76334,4.24425056,0.1635585310730209,4.037342,4.5865936,22.056938106614815,3.6381842840329557,13.187393938476209,26.096334485697103,3.0,0.0,3.0,3.0,1.1333333333333333,0.16329931618554516,1.0,1.3333333333333333,2.7977859900000004,0.4232026524643612,2.0066442,3.5824618
546196,44.0626,1.9511,France,B,3,0.6904519685102787,11,15.000000000000002,3489.7653914236184,64.7243464529137,3285.0890365665714,3510.2330269093236,3865.056818181818,46.29025777500092,3726.5625,3890.625,2.7508061818181817,0.3245611006663301,2.2434623,3.3711495,4.688783627272728,0.2839856072291057,4.2360864,5.123985,26.52475527513976,3.349129521502951,17.045006714124792,29.98672660143807,3.0,0.0,3.0,3.0,2.3030303030303028,0.8927830219791658,0.6666666666666666,3.6666666666666665,1.8175955727272728,0.4582878989468522,1.1739448,2.698125
546489,44.0628,1.9504,France,B,3,0.6891419624936613,17,15.0,3621.568457526768,27.833857654360948,3510.2330269093236,3628.5269219403576,3794.1176470588234,57.904411764705884,3726.5625,4007.8125,3.1401218176470587,0.14425020584026593,2.930402,3.56872,4.542065864705883,0.30129785918037766,4.035929,5.041684,17.657983177571825,1.1047124826515236,15.81345230015936,20.14792057879269,3.0,0.0,3.0,3.0,2.529411764705882,1.0293650783064068,1.0,4.333333333333333,2.1055720529411763,0.5061982217617534,1.3684926,3.039328
546497,44.0637,1.9519,France,B,3,0.6911666217116887,6,10.285714285714285,3813.9294507830905,925.0989229301309,1750.062319644153,4282.549167540185,4347.65625,11.71875,4335.9375,4359.375,3.3061927166666667,0.5325657840168586,2.7876916,4.4301553,4.543790566666667,0.26789993693604863,4.045377,4.845982,18.41680091813109,3.72540118229791,11.35271742767843,21.4529419369241,3.0,0.0,3.0,3.0,1.222222222222222,0.3142696805273545,0.6666666666666666,1.6666666666666667,2.27224935,0.38578714940977815,1.821883,3.0424395
546910,49.0464,6.3533,France,B,4,0.6692525831482689,7,14.0,3698.401417374676,60.51308812273965,3628.5269219403576,3750.807288950415,4422.991071428572,236.9438305306357,3843.75,4546.875,3.2566012428571427,0.32781649034214627,2.8496802,3.9176502,4.970292457142857,0.12811469192554276,4.693326,5.158422,24.72993363402885,2.146558773346211,20.624888495283617,27.491574437769163,3.0,0.0,3.0,3.0,2.3809523809523805,0.7853534524986021,0.6666666666666666,3.3333333333333335,1.4930920857142858,0.3256894418955599,1.1357281,2.242516
546911,49.0443,6.3564,France,B,4,0.6701639081166307,3,12.857142857142858,2548.257257128906,40.032439768188,2519.9500475013783,2604.8716763839616,8070.3125,22.09708691207961,8039.0625,8085.9375,4.958292166666666,0.07339318600998018,4.8691425,5.0489006,5.0403904666666675,0.15404436909724697,4.827009,5.1851044,12.389895337093684,1.8152635518624898,10.873425100338428,14.942012045726708,3.0,0.0,3.0,3.0,2.111111111111111,0.5665577237325317,1.3333333333333333,2.6666666666666665,1.3963245333333332,0.10161629092047962,1.2863994,1.5314504
547405,51.1404,4.9914,Belgium,B,4,0.6694753893913582,11,9.041095890410958,3351.6153803782577,464.8477744159463,2281.438294886726,3750.807288950415,4363.636363636364,539.9250308453644,3843.75,4968.75,3.227996718181818,0.45476430873326773,2.6624553,4.309187,4.873375427272727,0.2873003700973255,4.218147,5.3643875,19.18772264988279,2.675271519699983,12.853137128654966,22.392060289524338,3.0,0.0,3.0,3.0,2.6363636363636362,1.2827885144555593,0.6666666666666666,5.0,1.7517513454545457,0.6000822651500988,1.0589212,3.3789752
548482,50.7542,4.5672,Belgium,B,3,0.6730724518856804,4,24.0,4014.623829652456,238.0103830004125,3877.208470957242,4426.869905738098,4312.5,188.23099692432433,4101.5625,4500.0,3.675835075,0.5079492943626724,2.8227813,4.158468,5.061870325,0.40548224986589343,4.362085,5.3493047,14.65576794581743,1.7191722521639647,12.952718723606129,16.91737813411729,3.0,0.0,3.0,3.0,4.0,1.5456030825826175,1.3333333333333333,5.0,1.226248175,0.2625190841139495,1.0248303,1.6684127
548678,47.7284,8.538,Switzerland,C,4,0.8870723466277252,3,13.846153846153845,3026.8063082692156,821.1482915196428,1998.1639558540896,4007.86933830162,4296.875,44.19417382415922,4265.625,4359.375,3.7585771,0.5184674512609123,3.1242225,4.3942013,4.711850066666666,0.17904913389227978,4.4803057,4.916382,18.061115504527024,2.5632197843931444,14.939755652326395,21.21803413441171,3.0,0.0,3.0,3.0,1.5555555555555554,0.3142696805273545,1.3333333333333333,2.0,2.0606199333333333,0.24683088170153167,1.8393116,2.4050586
55005,43.0913,2.007,France,B,5,0.8549080548544405,3,22.5,3750.807288950415,0.0,3750.807288950415,3750.807288950415,3875.0,29.231698334171416,3843.75,3914.0625,3.255353533333333,0.1600226724104085,3.035945,3.4130766,4.694759433333334,0.12639609846047012,4.6032076,4.8734927,20.832652386240444,0.888768579204631,19.677903589649993,21.839888150154643,3.0,0.0,3.0,3.0,2.111111111111111,0.955813918560292,1.0,3.3333333333333335,1.9782430333333334,0.40724681614487246,1.415763,2.366661
55006,43.0913,2.007,France,B,5,0.8549080548544405,11,17.83783783783784,3646.981268563372,358.8844358124492,2974.1573399706103,4007.86933830162,4791.903409090909,1098.7874697444247,4148.4375,7101.5625,4.164825990909091,0.5832028796866482,3.3101592,5.008414,4.9626002181818185,0.14766086243934914,4.6589184,5.22424,14.158886534258034,3.2717287204287886,7.846947086588882,17.691864894916442,3.0,0.0,3.0,3.0,1.5757575757575757,0.6045435558563638,1.0,3.0,1.8931894272727272,0.28539981788245794,1.4111793,2.4601762
55007,43.0913,2.007,France,B,5,0.8549080548544405,5,21.428571428571427,3646.7678815437403,654.0750424587881,2519.9500475013783,4142.933441216916,4251.5625,11.481983169296146,4242.1875,4265.625,2.5498629,0.97746846073212,1.7039301,4.432208,4.92431168,0.2483662261706078,4.5918016,5.3611507,17.168374928195306,5.065117526972875,7.295841580437129,20.77592215917031,3.0,0.0,3.0,3.0,1.4000000000000001,0.38873012632302006,0.6666666666666666,1.6666666666666667,1.84531302,0.5376048817109287,1.171426,2.7708325
550313,47.8954,-2.4272,France,A,3,0.6833834608876097,22,20.0,3728.5744949485857,47.162878210249886,3628.5269219403576,3750.807288950415,4624.644886363636,404.92625564337277,4007.8125,5367.1875,3.301296572727273,0.6232969841203536,2.5659065,4.2623696,4.51316545909091,0.3432787502984453,3.84925,5.15358,26.04815333925472,4.726811281957384,17.948124564118,30.728290046060128,3.0,0.0,3.0,3.0,2.9393939393939394,0.8740730364761186,1.3333333333333333,4.666666666666667,2.054667990909091,0.4680990540501977,1.2398291,3.1450922
550661,44.1479,1.8772,France,B,4,0.8327022135855697,8,12.972972972972972,1941.4299051114558,38.55644007410309,1870.0030608561433,1998.1639558540896,4538.0859375,647.9247490316409,3843.75,5203.125,4.043386975,0.22455093408663837,3.8421178,4.571946,5.195662137499999,0.10347518083250601,5.0158734,5.3677874,14.94789636713336,1.409354933694826,13.053827384638565,16.688203096041445,3.0,0.0,3.0,3.0,4.083333333333333,0.6821127309893708,3.0,5.0,1.3073218125000001,0.18393647232196395,1.0285815,1.6690848
551692,51.1405,4.9916,Belgium,A,4,0.6705407869835219,4,7.2727272727272725,3814.0078799538287,63.200591003413365,3750.807288950415,3877.208470957242,4230.46875,20.29747040119778,4195.3125,4242.1875,3.204637025,0.2052690725063616,2.903583,3.4461908,4.6425074,0.06465961432768544,4.5633335,4.7175364,14.39533952284066,0.589173534342328,13.47872890974173,15.123480327391707,3.0,0.0,3.0,3.0,2.75,0.6821127309893709,1.6666666666666667,3.3333333333333335,1.922255725,0.18733477231714593,1.7463788,2.2115843
55174,42.794,0.012,France,A,5,0.9333292707843778,8,16.0,3495.928353616531,37.84660811875752,3395.79564056698,3510.2330269093236,4277.34375,35.15625,4218.75,4335.9375,2.2309374,0.13577407738976727,2.082925,2.5502026,4.5373427125,0.29032341033992787,3.968917,5.0349345,31.89844283410732,1.9890135179865345,27.17592533781041,33.85274433789899,3.0,0.0,3.0,3.0,2.7083333333333335,1.0466547239233726,0.6666666666666666,4.666666666666667,1.9012552999999999,0.4637202569851462,1.2357156,2.9358428
551785,49.1221,-1.1102,France,B,4,0.6095907440015392,3,13.846153846153845,3177.9915873759783,0.0,3177.9915873759783,3177.9915873759783,3984.375,19.136638615493577,3960.9375,4007.8125,2.6580322666666665,0.6501463602971479,1.9266841,3.5062857,4.969839400000001,0.3420143218094042,4.519824,5.3483896,18.925770490594285,5.6772664131718,10.903259068049447,23.21363738303284,3.0,0.0,3.0,3.0,2.8888888888888893,0.628539361054709,2.0,3.3333333333333335,1.5227983666666667,0.45977773371112945,1.0349075,2.1389873
552023,51.1405,4.9916,Belgium,B,4,0.6705407869835219,3,15.0,1809.7014409026299,48.96784338734353,1750.062319644153,1870.0030608561433,4140.625,123.03137303143454,4031.25,4312.5,5.0339097,0.13980639565563513,4.9296618,5.231526,5.166479766666666,0.1680554758589027,4.9585557,5.3701396,5.525224987095707,0.5989737114648569,4.726591226171116,6.169066605514228,3.0,0.0,3.0,3.0,2.4444444444444446,0.41573970964154905,2.0,3.0,1.4686657333333333,0.301217196617118,1.1165932,1.852383
553340,43.178,0.3973,France,B,4,0.8402909358201655,4,8.571428571428571,4044.901903150291,169.79560467551752,3750.807288950415,4142.933441216916,4751.953125,464.1497905592244,4242.1875,5226.5625,2.85757915,0.27449457855741427,2.5305347,3.1806853,4.6814373499999995,0.12165203280546714,4.5179305,4.852168,17.001233812218917,1.5349566470046418,14.52292705112252,18.731387439547447,3.0,0.0,3.0,3.0,1.5,0.16666666666666674,1.3333333333333333,1.6666666666666667,1.8861785,0.14800104941996195,1.6353908,2.0032434
553827,51.1405,4.9916,Belgium,B,5,0.6704905313880272,7,11.35135135135135,2924.9740719689253,191.1984719556547,2519.9500475013783,3074.3856306519383,3609.375,588.1431699789238,3070.3125,4546.875,3.8289906428571427,0.3122880029607918,3.405078,4.3834743,5.0474918,0.145272054491564,4.9085603,5.3687143,15.404593344840723,3.387685503121309,11.660851341671409,20.82535467990667,3.0,0.0,3.0,3.0,2.904761904761905,0.8302664654363188,1.3333333333333333,4.333333333333333,1.3938275714285717,0.21337727893540864,0.9012439,1.5619473
555764,51.9839,5.3368,Netherlands,B,4,0.5083255552805778,3,4.5,3510.2330269093236,0.0,3510.2330269093236,3510.2330269093236,3734.375,29.231698334171416,3703.125,3773.4375,4.162199466666667,0.16238994620206287,4.0429497,4.391796,4.553196233333334,0.09765786802623182,4.431012,4.6700454,16.256904338269475,0.7620495293372981,15.641397937372336,17.33077967688257,3.0,0.0,3.0,3.0,1.0,0.0,1.0,1.0,2.1377235,0.10857165861079963,2.006026,2.2719355
558133,44.0606,1.9514,France,B,3,0.7161083055840055,10,13.043478260869565,3259.1678819768667,408.1108288852958,2281.438294886726,4007.86933830162,5076.5625,523.4701482355513,3515.625,5390.625,4.714760709999999,0.2666409137055132,4.1108613,5.226393,4.659976499999999,0.20554032277038,4.2193227,4.980851,9.729108029662275,3.2515194720309775,2.6065717550145204,16.076662787340297,3.0,0.0,3.0,3.0,1.5000000000000002,0.40138648595974324,1.0,2.3333333333333335,2.2987194200000003,0.3846451056620266,1.7044933,3.1998534
559308,44.0626,1.9506,France,B,4,0.6996606051195284,16,12.972972972972972,3178.955439787683,596.5683493583872,2692.655140983971,4007.86933830162,4836.9140625,470.7871991176346,3984.375,5484.375,3.86344718125,0.4634763871597671,3.0794582,4.6442223,4.7392684,0.18167435612405514,4.439261,5.075697,16.69482147268024,2.536011797598089,13.041544900428942,21.579383443192913,3.0,0.0,3.0,3.0,2.25,0.845740963757685,1.0,3.3333333333333335,1.9661079874999998,0.3842498639376823,1.4605145,2.667288
559752,44.1464,1.8777,France,B,5,0.8094890228219347,8,17.77777777777778,2921.4038627145537,492.2494774828191,2135.108373911701,3510.2330269093236,4833.984375,549.6268653933406,3750.0,5273.4375,4.714144075,0.6519751381716019,3.579825,5.5319347,4.8092745125,0.2665279297896303,4.3254437,5.0794287,12.630809460016465,5.353712339579255,6.139378814930484,22.446554653445677,3.0,0.0,3.0,3.0,1.625,0.5636562191028619,0.6666666666666666,2.3333333333333335,2.0225483,0.49208494547088355,1.597245,3.1210473
561505,52.1856,4.5163,Netherlands,B,5,0.655350984061834,11,16.097560975609756,2612.851991347599,25.23597173061735,2604.8716763839616,2692.655140983971,4329.545454545455,24.664425219013264,4265.625,4359.375,2.449916190909091,0.3207599628957524,1.9555304,3.2381158,4.668248581818181,0.44331454603917886,3.9189818,5.2819986,20.507722246422208,2.8689721202439538,15.60385825070048,24.527915554902144,3.0,0.0,3.0,3.0,3.515151515151515,1.4795824988768125,1.3333333333333333,5.666666666666667,1.886278781818182,0.6745761657307132,1.1284078,3.2534306
56233,42.95,-0.045,France,B,6,0.952803225392824,4,18.46153846153846,5224.789132745205,0.0,5224.789132745205,5224.789132745205,7066.40625,58.59375,6984.375,7148.4375,3.5871443,0.39696894442460473,3.2099154,4.182224,4.37872925,0.13315860675865998,4.1683035,4.5136905,19.88522528127008,6.058861207249848,12.965826985148736,26.145663659437872,3.0,0.0,3.0,3.0,1.5833333333333333,0.27638539919628335,1.3333333333333333,2.0,2.442508875,0.12034991172043658,2.289243,2.585453
563570,43.8189,4.4736,France,B,5,0.4506276746725238,12,17.5609756097561,3377.6554384287397,61.8566681243705,3285.0890365665714,3510.2330269093236,4390.625,25.911131174651562,4359.375,4429.6875,2.761032275,0.3983325362291603,2.307781,3.8437128,4.955222225,0.15217028427057808,4.7364664,5.203378,17.970872984531052,1.4990713182795956,14.54689164474375,19.77725010724759,3.0,0.0,3.0,3.0,2.75,0.7344057814667937,1.3333333333333333,4.0,1.6581241666666664,0.3222031008328788,1.2148998,2.375047
563845,43.0168,2.9423,France,B,5,0.7820202059222544,35,19.81132075471698,3888.448025406443,284.1860555065116,3177.9915873759783,4142.933441216916,4179.241071428572,22.249885347101984,4125.0,4242.1875,2.602272162857143,0.32724680300391373,1.9790167,3.256111,4.769259457142857,0.34376527683268615,3.9955022,5.2708626,18.56570987831274,2.0353283692722,15.091229113047962,24.237056074594552,3.0,0.0,3.0,3.0,2.790476190476191,1.011319158282536,0.6666666666666666,4.333333333333333,1.900053408571429,0.5336068283685617,1.1508871,3.325875
563850,43.0168,2.9423,France,B,5,0.7820202059222544,25,13.636363636363635,4015.8017750919053,138.92659846129408,3395.79564056698,4142.933441216916,4170.9375,36.59853992989338,4125.0,4289.0625,2.415203256,0.3597034319503032,1.8370048,3.4217918,4.605991352,0.4078535470648503,3.5474133,5.204317,18.7486901953991,1.7799701851742527,15.929346166174556,24.577899173882557,3.0,0.0,3.0,3.0,2.6133333333333333,1.1534682002070489,0.3333333333333333,4.333333333333333,2.1311314279999998,0.7245005440050687,1.2882655,4.6950316
567723,52.585,13.1769,Germany,B,4,0.8206784442096768,8,14.545454545454545,2692.655140983971,0.0,2692.655140983971,2692.655140983971,4749.0234375,60.821893043046956,4664.0625,4851.5625,3.7161284500000002,0.22630580533773878,3.2691977,3.9811027,4.285141175,0.10304201226723916,4.0878673,4.4359164,24.581339378780836,1.5008552990556998,22.22434942722809,27.050199470902204,3.0,0.0,3.0,3.0,0.875,0.16137430609197573,0.6666666666666666,1.0,2.554876225,0.1118673291450162,2.4515607,2.797391
568111,52.585,13.1769,Germany,B,4,0.8519423607964892,8,16.551724137931036,2926.3285534884453,725.5051408352937,1933.0216536654648,3750.807288950415,5387.6953125,44.52739498116405,5320.3125,5484.375,4.8785492625,0.28580661035834154,4.376978,5.200057,4.732426887500001,0.15724840200961854,4.4910693,5.056923,13.2951399157545,2.3602585115153385,8.549949771909908,16.6773407582913,3.0,0.0,3.0,3.0,2.083333333333333,0.4930066485916347,1.3333333333333333,3.0,2.1554680625,0.27178066811381163,1.8125435,2.7471018
570906,43.7255,4.7094,France,B,6,0.5688824578730198,3,16.363636363636363,2485.5478981665988,828.1158870682336,1693.0083986477366,3628.5269219403576,4546.875,696.0582377305077,3562.5,5039.0625,4.5587610666666665,0.46486251364205394,3.9194982,5.011257,4.6136284,0.21017741053582947,4.4402866,4.9094076,9.554486005324382,7.88885904548711,1.5275052554697468,20.278179848883855,3.0,0.0,3.0,3.0,1.2222222222222223,0.3142696805273545,1.0,1.6666666666666667,2.1980181,0.32792164948020736,1.7600048,2.548961
581932,47.994,10.9672,Germany,A,5,0.7687636800108143,76,10.961538461538462,3368.4920944880078,417.706867714812,2604.8716763839616,3750.807288950415,4514.4942434210525,1447.0737978757418,2742.1875,7617.1875,3.1594413236842107,0.6921101277194128,2.1930926,4.613165,4.524074057894738,0.2785375912496501,3.5629294,4.9994783,20.73365786449529,3.4186003490327947,11.63049986512396,26.87318139504382,3.0,0.0,3.0,3.0,1.4385964912280702,0.5572764973427576,0.3333333333333333,2.6666666666666665,2.190507928947368,0.5427037475701662,1.4317114,4.236373
583661,51.4154,4.4126,Belgium,A,5,0.752394051808778,9,12.272727272727273,3682.8737517226054,60.76160287735805,3628.5269219403576,3750.807288950415,3919.2708333333335,18.414239093399676,3890.625,3960.9375,2.7804987666666667,0.2200336886244872,2.4436457,3.2059116,4.829175688888889,0.17809704101009066,4.4790616,5.039525,23.509215642174265,1.3863089920801335,20.822037958582705,25.370182355220383,3.0,0.0,3.0,3.0,2.9259259259259256,1.0277360685564152,0.6666666666666666,4.333333333333333,1.6457398777777776,0.42421164585380094,1.2809495,2.7666821
593044,46.6087,0.1831,France,A,4,0.7773824242018934,5,11.11111111111111,3799.8940336437727,1251.7598818779675,2065.501535848521,5224.789132745205,7115.625,1332.6522104669696,4453.125,7898.4375,4.31422484,0.9340007844193678,2.7705326,5.1305413,4.2847055,0.5234568227416927,3.6642017,4.87731,15.857314023073155,7.945724684945109,2.9214149368091427,27.140638258753153,3.0,0.0,3.0,3.0,1.4000000000000001,0.8793937305515279,0.6666666666666666,3.0,2.83514128,0.801460739269605,1.8981776,3.8168657
595666,52.3304,10.2387,Germany,B,5,0.4512910693720506,41,18.496240601503757,3540.191000901193,592.4807559201225,1933.0216536654648,4007.86933830162,3973.513719512195,112.4735059522718,3632.8125,4171.875,2.5522435731707316,0.45095816581498993,1.9893013,3.75817,4.861423543902439,0.24876410100093113,4.229043,5.1937995,20.510964928571557,3.39532912804798,7.906826929768734,25.65839920930121,3.0,0.0,3.0,3.0,2.634146341463415,1.1542425056208976,0.3333333333333333,4.666666666666667,1.7817353341463418,0.4576950412578465,1.1569545,3.3361015
602148,46.5763,0.3224,France,A,3,0.4199488022472225,6,14.399999999999999,2910.043683973468,71.33133531066527,2783.3968843840626,2974.1573399706103,4000.0,11.048543456039805,3984.375,4007.8125,3.07646055,0.3850890178568879,2.4381983,3.5446475,4.7132004,0.32708826898036775,4.2228837,4.9839916,20.481394198659917,2.2023973099534473,18.990060929271923,25.3661013987179,3.0,0.0,3.0,3.0,2.0555555555555554,0.6781419786518724,1.0,2.6666666666666665,1.8627382,0.5282736624200598,1.4165301,2.7521088
602149,46.5763,0.3224,France,A,3,0.4199488022472225,31,17.884615384615383,2909.300315175034,82.95059473393378,2783.3968843840626,3074.3856306519383,4022.9334677419356,22.706639240445373,3984.375,4078.125,3.1455598677419356,0.4317543180815633,2.5139692,4.0206013,4.586612725806452,0.30521505425815476,3.8671517,5.1751194,19.461385761731194,1.8253718669805783,16.07824282662665,23.174947931154,3.0,0.0,3.0,3.0,1.8494623655913984,0.7798479296545697,0.6666666666666666,3.3333333333333335,2.0284296612903225,0.4916810016678029,1.1783863,3.2891407
602151,46.5763,0.3224,France,A,3,0.4199488022472225,16,16.271186440677965,3666.98869112969,70.72811123923974,3510.2330269093236,3750.807288950415,4177.734375,95.02309418101673,4007.8125,4312.5,3.722828275,0.09991493730559325,3.602186,4.041704,4.86881203125,0.34168142721468403,3.9569004,5.26449,14.187968596807453,0.758197882602327,12.182293110199709,15.083731361586755,3.0,0.0,3.0,3.0,3.395833333333333,1.197327753791751,1.0,5.0,1.67123034375,0.5079496210080816,1.125697,3.1574287
602153,46.5763,0.3224,France,A,3,0.4199488022472225,28,13.658536585365855,2875.9333601442154,470.9529596190002,1933.0216536654648,3285.0890365665714,4565.290178571428,304.13048820273247,3773.4375,4757.8125,3.8597286428571427,0.16925719096923902,3.6007516,4.4442654,4.850268399999999,0.25724281131492704,4.3309793,5.1364646,15.717456122955989,1.3803827140761145,13.570232080484727,18.436511809387405,3.0,0.0,3.0,3.0,2.595238095238095,0.8133662310732724,1.0,4.0,1.817272957142857,0.45459137199962296,1.3417466,2.859753
602231,46.5763,0.3224,France,B,3,0.4240244065111144,6,13.333333333333332,2910.043683973468,71.33133531066527,2783.3968843840626,2974.1573399706103,4085.9375,120.017902310447,3890.625,4218.75,4.09263975,0.05844199582688094,3.9944193,4.152662,4.9698719166666665,0.09421023372471138,4.786994,5.068589,13.988732548888315,1.0069569752064074,12.58039516620663,15.183947306768824,3.0,0.0,3.0,3.0,2.555555555555556,0.3685138655950444,2.0,3.0,1.5959038166666666,0.14309391584442505,1.4351269,1.8542536
602234,46.5763,0.3224,France,B,3,0.4240244065111144,22,12.692307692307692,2990.904277671362,464.6333027442236,1532.7661745000066,3177.9915873759783,3501.775568181818,45.06026842874276,3445.3125,3656.25,3.4858440909090906,0.2432447276756438,3.2546053,4.3869853,4.960000190909091,0.18524789621562113,4.5782156,5.249263,12.899721101764122,1.7311114877119496,5.790485524758892,14.115402259052145,3.0,0.0,3.0,3.0,2.96969696969697,0.6659776053283608,1.6666666666666667,4.333333333333333,1.5832223818181816,0.26282513078954856,1.217039,2.1427162
626265,51.074,2.829,Belgium,B,3,0.525716448633677,10,20.689655172413794,1543.2653318252123,30.657799635629075,1482.796342429293,1584.4199762742635,3300.0,76.16286004346213,3093.75,3375.0,5.42982789,0.13735464516692888,5.1308928,5.5737667,4.70337504,0.13022195872454223,4.5483675,4.9919043,1.5153109696921998,0.42840183580870506,0.8994622520305335,2.292697311239697,3.0,0.0,3.0,3.0,2.033333333333333,0.40688518719112343,1.3333333333333333,2.6666666666666665,2.10121391,0.22780482603687063,1.6762993,2.5230381
627020,44.6215,4.6099,France,B,3,0.8167389852952813,22,16.923076923076923,2143.2639496542183,501.4713454842061,1532.7661745000066,3285.0890365665714,4944.247159090909,1872.8344730895951,2906.25,7710.9375,5.311901236363637,0.1727905934576289,4.8983107,5.549012,5.299602554545455,0.1476885529147825,4.8223495,5.4715757,8.359449652751447,2.768224086469125,2.3137375466465313,14.711519317119023,3.0,0.0,3.0,3.0,3.409090909090909,0.7649639734160205,1.6666666666666667,5.0,1.2017440231818182,0.22965633638444033,0.8822789,1.832796
627022,44.6215,4.6099,France,B,3,0.8167389852952813,13,15.6,1746.6141406309516,192.02297813704496,1532.7661745000066,2207.060943421246,3434.4951923076924,383.20523493325544,2859.375,4148.4375,5.318434976923077,0.2272480690660832,4.9064846,5.62896,5.320926976923076,0.16151389304954133,4.998534,5.514698,7.701379229200413,1.7248342980286144,5.247606932660766,11.62452324827353,3.0,0.0,3.0,3.0,3.6410256410256405,0.7785757154199474,2.3333333333333335,5.0,1.1138819946153846,0.23962940046035933,0.8121252,1.7069477
627028,44.6219,4.6102,France,B,3,0.8176050567892158,22,19.411764705882355,3741.4619690124077,514.6573143776687,1870.0030608561433,4730.26599157077,4347.65625,1073.9888700312467,3914.0625,7570.3125,4.628197804545454,0.5413860066553199,3.3331106,5.4906425,4.853210818181817,0.22705034201082658,4.419165,5.352475,15.291934718850904,2.5656059953025,9.975519610750926,20.07954752187252,3.0,0.0,3.0,3.0,1.5454545454545454,0.6707861703387471,0.6666666666666666,3.3333333333333335,1.9705314454545453,0.3365904184066036,1.128562,2.5209703
627207,50.7542,4.5672,Belgium,B,3,0.6483962870808301,8,6.9565217391304355,2726.5801769544078,923.694994474438,1809.0389422075937,4142.933441216916,5364.2578125,854.4598208155744,4289.0625,6492.1875,5.037175275,0.540507405387969,3.8460448,5.4423323,4.955442574999999,0.2580155995682322,4.391814,5.2924285,13.555099387014415,7.158109478284699,2.8172985893492295,23.93206079466988,3.0,0.0,3.0,3.0,2.25,0.8620067027323834,0.6666666666666666,3.3333333333333335,1.6784449625,0.36806374821169885,1.1821539,2.4619806
627209,50.7542,4.5672,Belgium,B,3,0.6483962870808301,3,2.608695652173913,2662.2127699803746,746.811234328091,1693.0083986477366,3510.2330269093236,5148.4375,1075.460929526266,3703.125,6281.25,5.374564366666667,0.06936607562977398,5.2879043,5.4577065,4.887880466666666,0.2185758589854535,4.6050644,5.1373367,9.142555541649813,3.4976162908930375,4.288945476676831,12.395091511170442,3.0,0.0,3.0,3.0,2.777777777777778,0.8748897637790901,2.0,4.0,1.8110799333333334,0.36958366909917567,1.3733482,2.2772944
627210,50.7542,4.5672,Belgium,B,3,0.6483962870808301,4,10.434782608695652,2055.9373917150274,174.2235030166643,1809.0389422075937,2281.438294886726,3621.09375,315.53700041803734,3234.375,4007.8125,5.19701255,0.06387209362834052,5.1459904,5.305821,4.798850549999999,0.17301545328006837,4.6713505,5.0922275,1.6381702092821726,0.3942157204988199,1.0994768637479373,2.05838306283042,3.0,0.0,3.0,3.0,1.9166666666666667,0.8620067027323833,1.0,3.3333333333333335,1.839181,0.24705866106264118,1.4787937,2.1445758
627274,49.0699,1.6524,France,B,3,0.7716756072820259,15,17.647058823529413,1957.7495440985685,398.06847583556004,1637.8144970715018,3177.9915873759783,5959.375,2015.179214269788,3375.0,7992.1875,5.3541137533333325,0.08908879744236357,5.2070985,5.6149917,5.1783581466666675,0.09729748482311266,4.9804087,5.4512644,9.67594498820643,4.700394075120577,0.4996708994602237,15.016099946528586,3.0,0.0,3.0,3.0,3.244444444444445,0.5769224438109852,2.0,4.333333333333333,1.4272975733333333,0.14065030517420837,1.0240191,1.7156063
627276,49.0699,1.6524,France,A,3,0.7716756072820259,23,17.25,2384.9661854006395,529.9620204650117,1637.8144970715018,3628.5269219403576,5830.842391304348,2122.895488089895,3539.0625,8437.5,5.122021182608695,0.25435060011741345,4.4947276,5.4785004,4.916791369565217,0.19974962640238758,4.546089,5.303163,14.627037459678029,5.449289942760001,2.0957982955534256,23.82651453369658,3.0,0.0,3.0,3.0,2.5072463768115942,0.7010658911563956,1.3333333333333333,4.666666666666667,1.6528499478260872,0.22491907777069878,1.2725422,2.1454089
627279,49.0699,1.6524,France,B,3,0.7716756072820259,5,8.571428571428571,2112.74543968789,153.81865088638602,1870.0030608561433,2281.438294886726,5531.25,1934.6942890770883,3820.3125,7968.75,5.2475033799999995,0.17371368821429597,4.9253325,5.4113064,5.12254674,0.15179456067985567,4.9165416,5.328293,15.420969079144001,1.9544595956794313,12.513897899766194,18.665280136378808,3.0,0.0,3.0,3.0,3.0000000000000004,1.1155467020454342,1.3333333333333333,4.666666666666667,1.41238332,0.21384678711028038,1.1612248,1.7076801
627809,48.2741,10.8188,Germany,C,3,0.5245894413775528,6,9.72972972972973,3792.941016286024,59.58608863134813,3750.807288950415,3877.208470957242,4660.15625,62.62195133547421,4593.75,4757.8125,3.4803277499999994,0.19495198592077956,3.234245,3.790045,4.658704233333334,0.19210084307207556,4.379188,4.8995333,16.147329796975573,0.9174148546971554,15.021363173322042,17.69175901770261,3.0,0.0,3.0,3.0,1.6666666666666667,0.7453559924999299,0.3333333333333333,2.6666666666666665,2.1197484,0.4108219620697836,1.7543797,2.9566286
628464,50.4703,3.7077,Belgium,B,3,0.6980416484485287,19,20.357142857142858,4268.811274993605,97.7493280740212,3877.208470957242,4426.869905738098,4438.3223684210525,23.077656579609013,4359.375,4476.5625,2.7393684157894733,0.5351144537201967,2.0322628,4.427473,4.996229968421052,0.1644745942302914,4.692691,5.350974,17.286431767661707,1.9709452584815907,12.984182743742425,20.283711269207725,3.0,0.0,3.0,3.0,3.245614035087719,1.183918092547578,1.0,5.666666666666667,1.5693751210526314,0.3081667569373501,1.0062156,2.169788
629261,46.37,0.2978,France,B,3,0.7600264912073679,15,20.0,3554.437316412543,935.2561345226912,1998.1639558540896,5054.455366309282,7015.625,771.3592659633382,5039.0625,7359.375,4.685918606666666,0.47390592941838916,3.7661152,5.1464024,5.208361180000001,0.11636498023382692,5.013124,5.440016,11.807714861930606,1.367169064152717,9.396670427962748,14.519903080916668,3.0,0.0,3.0,3.0,3.777777777777778,0.8225224677031887,2.0,5.0,1.2740990560000003,0.1706699839619747,0.94799674,1.5718541
630120,45.7479,5.4478,France,B,3,0.6979138571195814,5,16.666666666666668,3510.233026909323,4.547473508864641e-13,3510.2330269093236,3510.2330269093236,3707.8125,17.53901900050285,3679.6875,3726.5625,2.43905166,0.18286752008506707,2.2518752,2.6866302,5.01869574,0.21493661316246343,4.75175,5.2741632,24.011834381787146,1.6914350696992069,21.58294443545,25.827618911539908,3.0,0.0,3.0,3.0,3.2666666666666666,0.7118052168020873,2.3333333333333335,4.333333333333333,1.379652,0.27229883926924114,1.0667343,1.7419226
630331,50.7516,4.5756,Belgium,B,3,0.6635970905150785,10,16.216216216216214,2331.282980103937,572.1886857689791,1532.7661745000066,2974.1573399706103,3283.59375,719.1494304526094,2976.5625,5437.5,4.6312154,0.55017233522817,3.6603332,5.323782,4.91780561,0.15429777173835935,4.721916,5.220406,14.717435429791635,3.106435672741144,8.42358689950417,18.788742226789136,3.0,0.0,3.0,3.0,2.1000000000000005,0.6155395104206463,1.0,3.3333333333333335,1.6526163,0.18326398915031286,1.3025492,1.8789799
630332,50.7516,4.5756,Belgium,B,3,0.6635970905150785,6,10.909090909090908,3689.667105445386,61.140183505028745,3628.5269219403576,3750.807288950415,3855.46875,55.38065187014775,3773.4375,3937.5,3.234926983333333,0.26233082687462556,2.7545555,3.4990518,4.413666683333333,0.42795291460595863,3.850767,5.062395,25.845276036961423,1.653763697950706,24.47197924475119,29.339666594186472,3.0,0.0,3.0,3.0,2.0,0.9813067629253163,1.0,3.6666666666666665,2.120425433333333,0.6442892672087531,1.216639,3.050146
630734,49.4316,8.7051,Germany,C,3,0.8205516842108976,8,7.384615384615385,3252.980753320605,427.87431435940346,2135.108373911701,3510.2330269093236,4716.796875,491.5942294968579,3867.1875,5062.5,3.944136975,0.28657994922167335,3.7184014,4.467563,5.288087275,0.10221045811252327,5.1258874,5.4327703,9.445496558782624,0.7954588426677771,7.615914297902169,10.218656644466158,3.0,0.0,3.0,3.0,2.541666666666667,0.6859199013814303,1.3333333333333333,3.3333333333333335,1.1288435125,0.1624871722372757,0.9253399,1.3987205
630839,49.4207,8.6789,Germany,C,3,0.3356649480388633,7,7.36842105263158,3750.807288950415,0.0,3750.807288950415,3750.807288950415,3806.9196428571427,11.598554514970159,3796.875,3820.3125,2.7144775285714284,0.3382884524329231,2.3195093,3.408687,5.215976642857143,0.12082210275730493,5.0528474,5.370143,13.665232348188571,1.3099504100400114,11.393281207205542,15.763120696366634,3.0,0.0,3.0,3.0,2.7142857142857144,0.8247860988423225,1.3333333333333333,3.6666666666666665,1.2085345371428569,0.21187146029746767,0.951273,1.6396375
630910,49.4207,8.6789,Germany,C,3,0.3356649480388633,5,13.636363636363637,3877.208470957242,0.0,3877.208470957242,3877.208470957242,4017.1875,23.90165396996618,3984.375,4054.6875,2.2388773399999997,0.25732812780022785,1.8917422,2.6676495,4.89751344,0.3228815436391594,4.3446608,5.246167,19.838383460629498,0.9796410867732996,18.60372668637265,21.02697663747597,3.0,0.0,3.0,3.0,1.4666666666666668,0.6863753427324668,0.6666666666666666,2.3333333333333335,1.7141462,0.5493060134497418,1.1466072,2.6231036
630951,50.4331,4.8907,Belgium,A,3,0.6655167962799708,4,8.0,1652.0628176603097,45.087830495531506,1584.4199762742635,1693.0083986477366,4781.25,215.4465973927762,4546.875,5132.8125,5.132142249999999,0.15002581236469784,4.910479,5.31994,5.3480817499999995,0.05913609567926769,5.262282,5.41949,2.939001051673215,0.4298539546375349,2.347910790800959,3.4685198206921903,3.0,0.0,3.0,3.0,5.0,0.52704627669473,4.333333333333333,5.666666666666667,1.168475975,0.1076396286090159,1.0743217,1.3454647
631173,49.4207,8.6789,Germany,B,3,0.3356649480388633,8,16.0,3689.6671054453864,61.140183505028745,3628.5269219403576,3750.807288950415,4192.3828125,18.295892573432806,4171.875,4218.75,2.184866275,0.22508731353868963,1.7703167,2.473013,4.7944138375000005,0.3550978780718316,4.1007,5.2403374,23.040251746213933,1.457589294571328,20.92518658976515,24.928270305988914,3.0,0.0,3.0,3.0,2.375,1.0060580389708031,1.0,4.0,1.7892658125,0.49704157136927296,1.215551,2.7614777
631174,49.4207,8.6789,Germany,C,3,0.3356649480388633,14,15.555555555555555,3273.7231844428743,364.161607067333,2692.655140983971,3877.208470957242,4054.6875,8.858542336153763,4031.25,4078.125,3.4487082357142853,0.5990796497660111,2.7337573,4.91739,5.078603435714285,0.14572712366407695,4.779863,5.2440352,10.200943417719634,1.7916134634578598,6.512485285110373,12.43146682449637,3.0,0.0,3.0,3.0,1.5714285714285714,0.40685732120559676,0.6666666666666666,2.0,1.5377624642857144,0.24396371089197616,1.2348697,2.0264158
631477,49.4218,8.6781,Germany,A,3,0.3416980779050997,150,10.962241169305724,3254.8541722222876,684.5342518111499,1693.0083986477366,4142.933441216916,4034.21875,73.38578631323985,3937.5,4265.625,2.4085572079999995,0.3208539094448557,1.5022606,3.2861905,4.907765385333334,0.24745736930128726,3.9763012,5.395719,20.537306055417012,4.213553859056859,8.775659618454055,32.10441130970447,3.0,0.0,3.0,3.0,1.655555555555556,0.673758574924246,0.3333333333333333,4.0,1.6723484627333334,0.4368189291987558,0.94575995,3.190248
631491,49.4218,8.6781,Germany,B,3,0.3416980779050997,113,13.505976095617529,3905.157293181238,392.3038055927947,1693.0083986477366,4142.933441216916,4186.186393805309,307.45004056957305,1757.8125,5015.625,3.0008368327433623,0.49204343205840706,2.118242,4.6170387,5.01708737699115,0.26764968203281225,3.964965,5.4208164,17.09486371308371,3.5549673669585595,8.509465426329243,27.45994624635756,3.0,0.0,3.0,3.0,2.4513274336283186,1.1554839991687071,0.0,4.333333333333333,1.5990042261946904,0.5097765657455293,0.9202627,3.505715
631518,51.2608,5.4234,Belgium,B,3,0.6398376498151661,8,14.545454545454545,3178.428023934297,52.681275227636405,3074.3856306519383,3285.0890365665714,4324.21875,20.29747040119778,4289.0625,4359.375,3.1654705874999998,0.29619939933876654,2.6967518,3.613355,4.3650438,0.3684664582401837,3.6829813,4.81407,17.392376476140345,1.2998002707595266,14.965103735817264,19.183896603195713,3.0,0.0,3.0,3.0,1.7916666666666665,0.7626252174051303,0.6666666666666666,2.6666666666666665,2.567423325,0.727462545808081,1.7605307,3.959838
631989,54.1232,13.3117,Germany,B,3,0.7578028319072183,24,20.0,3622.7188182745317,259.12433538459965,3285.0890365665714,4007.86933830162,3915.0390625,185.47233288846573,3468.75,4054.6875,2.5884738833333336,0.5594397393210623,1.6731969,3.3697212,4.567613049999999,0.24351017786815568,4.1446414,5.1007204,28.685959091594544,1.289392150245003,25.67900705619599,30.781602821475627,3.0,0.0,3.0,3.0,2.2916666666666665,0.6892863996487533,1.3333333333333333,4.0,1.8601161041666667,0.34054589821751324,1.1786624,2.5293663
632303,43.3697,-0.3453,France,B,3,0.5790880234223412,14,16.8,3138.518548017138,175.56845553498323,2604.8716763839616,3285.0890365665714,3999.441964285714,294.41924093577035,3257.8125,4171.875,2.8857497571428574,0.43141386655244857,2.2142513,3.8981822,4.8827789642857145,0.31995812491811354,4.3172607,5.3094254,18.033826857711635,1.3597009446006063,14.900941934669572,20.13672628540888,3.0,0.0,3.0,3.0,2.4761904761904767,1.289236797207703,0.6666666666666666,4.333333333333333,1.7755689142857143,0.7077516519016882,1.0336161,3.2584565
634513,49.4254,8.6657,Germany,B,3,0.5012791221343881,10,12.0,3800.6909212924206,294.59293261725065,3074.3856306519383,4007.86933830162,4110.9375,36.61054535581244,4078.125,4218.75,4.778471919999999,0.344809325865838,4.0882,5.117913,4.9136969,0.13245387825721805,4.754355,5.14671,10.78436102795768,1.6908161506098485,7.489200775250202,13.6906267117799,3.0,0.0,3.0,3.0,2.4333333333333327,0.29999999999999993,2.0,3.0,1.8095150999999998,0.1793538842049037,1.4740998,2.014736
634622,49.4218,8.6781,Germany,C,3,0.3467953314099116,6,13.333333333333332,2974.1943994988305,681.3515380475249,1933.0216536654648,3877.208470957242,3941.40625,16.105881350068987,3914.0625,3960.9375,3.2658986,0.759952964994819,2.5531914,4.5289063,5.039834933333334,0.1089638502016099,4.908951,5.196946,11.475859914360752,2.1175530986685227,7.80873040453983,14.44169876272233,3.0,0.0,3.0,3.0,1.611111111111111,0.7049209744694178,0.6666666666666666,2.6666666666666665,1.7340261000000001,0.2789409349085334,1.419202,2.297768
634877,44.0626,1.9506,France,B,4,0.6958807781277664,19,12.808988764044944,3535.1370048105937,48.226345832968754,3510.2330269093236,3628.5269219403576,3677.220394736842,33.053686694837815,3609.375,3726.5625,3.3627377684210527,0.257189216695458,2.9245303,3.8318272,4.465497463157894,0.3059114831364548,3.8906136,4.8682632,22.093988044160106,1.1399167927762643,20.394857657855823,24.13945864757426,3.0,0.0,3.0,3.0,1.9473684210526316,0.7743184733583828,0.6666666666666666,3.0,2.118603515789473,0.5359751138880368,1.4928485,3.0307515
635136,51.9892,4.4694,Netherlands,B,4,0.2184360800804847,6,20.0,2553.8298138971154,438.71782230753377,1584.4199762742635,2877.196599772457,5011.71875,41.52400708099472,4921.875,5039.0625,3.1631728666666667,0.3266221293498889,2.7248929,3.6661823,4.2993743166666665,0.11104937188963013,4.119574,4.48584,22.19351498959931,1.7165318271644108,19.146818768156624,24.7458111476718,3.0,0.0,3.0,3.0,1.0,0.19245008972987526,0.6666666666666666,1.3333333333333333,2.4119900833333334,0.1341586172560106,2.296658,2.691749
635601,50.6721,3.3588,Belgium,A,4,0.5584502442232755,15,11.25,3184.9381253063193,759.4290166233275,1870.0030608561433,3750.807288950415,4009.375,40.5648593304599,3937.5,4101.5625,3.5187032866666668,0.3480329136050283,3.1089945,4.266462,5.211697246666666,0.1448608813409375,4.9085107,5.429105,13.07406978560088,1.084939891100573,11.27939275163693,15.407614314171722,3.0,0.0,3.0,3.0,3.199999999999999,1.127435635019184,1.3333333333333333,5.0,1.2719851313333335,0.24231603872118992,0.90380937,1.7115692
635617,50.3433,5.1493,Belgium,B,4,0.6731205804076861,9,13.5,3628.5269219403576,0.0,3628.5269219403576,3628.5269219403576,4190.104166666667,339.60170579134154,3703.125,4476.5625,3.6096464111111115,0.19010338298650648,3.4507227,4.012133,4.7363942,0.14378521825948143,4.4488444,4.9015803,19.014949498693483,1.381365879737082,16.61643014253601,21.73808473886656,3.0,0.0,3.0,3.0,1.8148148148148147,0.5689737591013784,0.6666666666666666,2.6666666666666665,1.979136677777778,0.29639550286282756,1.6173532,2.4898083
636170,50.7756,3.0142,Belgium,B,3,0.3944893758278857,11,19.411764705882355,3461.1716232713675,293.22177082533375,2692.655140983971,3750.807288950415,4463.778409090909,355.07670262480025,3703.125,4687.5,3.1697586363636363,0.4089452680987147,2.192715,3.5237346,4.794513081818182,0.2507709999494789,4.257936,5.1831408,19.08256854571059,2.2714900542142282,16.75208810365114,23.59385282113283,3.0,0.0,3.0,3.0,2.5757575757575757,0.7260090030733902,1.0,3.6666666666666665,1.782723136363636,0.3501706002435261,1.28326,2.619093
636436,44.1,1.819,France,B,4,0.9071233910025446,30,13.953488372093023,3015.690655470235,105.85369872514926,2783.3968843840626,3285.0890365665714,4424.21875,329.88830525696494,3562.5,4617.1875,3.276247503333333,0.28236684343657453,2.7824748,3.7872567,4.659530950000001,0.25626390362302137,4.173483,5.1548777,21.924449116905386,1.2086197838453738,19.160700695688607,24.24664596352348,3.0,0.0,3.0,3.0,2.344444444444444,0.867022718884418,1.0,4.333333333333333,1.9298413533333334,0.42699305195298565,1.2306447,2.7584767
636447,44.1,1.819,France,B,4,0.9071233910025446,14,14.0,3744.1141926598325,126.74948744830282,3510.2330269093236,3877.208470957242,5017.299107142857,1057.6396290424625,4195.3125,6468.75,3.355805614285714,0.33222266264489775,2.6225114,4.233569,4.7602611,0.4555560038122866,4.0420504,5.261338,20.72164627106841,1.2946886944153113,18.631206801116107,23.8492630199257,3.0,0.0,3.0,3.0,4.238095238095238,2.3415792101227133,1.0,7.0,1.9524498857142856,0.8145302146751331,1.1497209,3.3417616
636709,47.6621,-0.0497,France,B,4,0.8506397839493597,3,16.363636363636363,3669.2870442770436,57.643517812527634,3628.5269219403576,3750.807288950415,4562.5,55.242717280199024,4523.4375,4640.625,3.9536933,0.30926841922637377,3.5295174,4.2581205,5.096141833333333,0.14838082962113258,4.901193,5.2608585,11.419718872482813,0.3186555039114946,11.03234327396047,11.812823583042212,3.0,0.0,3.0,3.0,3.1111111111111107,0.9558139185602916,2.0,4.333333333333333,1.3474121,0.1417992860838399,1.1694155,1.5164008
637907,44.0639,1.9476,France,B,4,0.688001087736632,10,9.836065573770492,3605.6524410009224,88.24815256136296,3395.79564056698,3750.807288950415,4136.71875,393.3382333568814,3703.125,4570.3125,3.23772476,0.05213635808800231,3.1472604,3.3381286,4.47749109,0.31920750288263106,3.7942233,4.902731,23.680241849511646,0.9975936634121477,22.35584968535127,25.228044077236262,3.0,0.0,3.0,3.0,1.9,0.7156970184527962,0.6666666666666666,3.0,2.11677723,0.5274674620443957,1.5426434,3.3307214
639786,43.3542,-0.3364,France,B,4,0.5656775917181909,15,7.964601769911504,3825.012225172615,230.15629843150106,3285.0890365665714,4007.86933830162,4045.3125,11.481983169296146,4031.25,4054.6875,2.3297301,0.2304610617928967,1.9287167,2.8340225,4.991493940000001,0.19950812410326169,4.5231004,5.2168627,16.717675720346346,1.3106746701000713,14.43870960138635,19.294863621279497,3.0,0.0,3.0,3.0,2.7999999999999994,0.8589399151150081,1.0,4.333333333333333,1.5978852000000001,0.30133467932296143,1.2959228,2.3570914
640057,48.4897,4.8063,France,C,4,0.8507825857469309,32,15.867768595041323,1966.7680353520855,610.7364574979246,1387.690780251243,4007.86933830162,7102.294921875,1320.876300225223,3445.3125,7804.6875,4.942020475,0.4521842767368313,3.2878258,5.6089115,4.979753453125,0.1683077713214525,4.5136976,5.3826046,11.299540586731336,3.942508180832365,1.490003288815694,18.23174657367464,3.0,0.0,3.0,3.0,2.3645833333333335,0.9367473830880032,0.3333333333333333,4.666666666666667,1.7170677749999999,0.2618722655617787,1.0830177,2.413041
640181,43.3491,-0.3764,France,B,4,0.5464823835425417,13,10.54054054054054,3360.3125353719497,217.03486337219618,2877.196599772457,3510.2330269093236,3951.923076923077,319.7160569374167,3187.5,4359.375,3.238171915384616,0.2675418213623544,2.5749505,3.6661394,4.568117507692308,0.31160148447969804,3.9766107,4.9391575,20.07797449855281,1.9103477589670717,16.46836704111075,23.090017920376997,3.0,0.0,3.0,3.0,1.6923076923076925,0.61964338326126,1.0,3.0,1.9308492153846155,0.3699494861454317,1.4332211,2.5184965
641218,47.2523,8.8597,Switzerland,A,3,0.5682419726458491,26,14.57943925233645,3787.4372498289454,145.44566199204272,3177.9915873759783,4007.86933830162,4488.28125,25.384845865977265,4453.125,4546.875,3.1063662653846156,0.2658466629762612,2.4037206,3.8903031,4.770911515384616,0.41242844181378324,3.7851963,5.2919216,21.269474441350834,0.8915605472357253,19.82862235586138,23.318812567605715,3.0,0.0,3.0,3.0,3.8076923076923075,1.5529764003993232,1.0,6.333333333333333,1.813043573076923,0.6372708092132149,1.0955834,3.6493382
641368,52.3087,9.4223,Germany,A,4,0.7845341508598016,4,9.6,3942.538904629431,65.33043367218897,3877.208470957242,4007.86933830162,4054.6875,16.572815184059706,4031.25,4078.125,2.5047620750000004,0.3817136531354189,1.8622744,2.807523,4.97661995,0.18724638647867828,4.7011166,5.1661963,19.249323153243452,3.461710057129178,14.792824461344514,23.39439621944523,3.0,0.0,3.0,3.0,3.416666666666667,1.233220715579062,1.6666666666666667,5.0,1.57294015,0.31282371197265796,1.2260729,2.038518
641400,42.7416,0.5828,France,B,3,0.8758428957392518,3,5.806451612903225,3034.85623502088,405.24644737532805,2519.9500475013783,3510.2330269093236,4187.5,29.231698334171416,4148.4375,4218.75,3.4044084,0.20300411888911685,3.1476126,3.6439726,4.197470833333333,0.4056775395572558,3.7430124,4.7279525,19.489762942526415,3.5355679640313826,14.489714856173451,21.99055708054021,3.0,0.0,3.0,3.0,1.4444444444444446,0.3142696805273545,1.0,1.6666666666666667,2.6780354,0.47555697800075086,2.0620365,3.2197883
642477,51.9892,4.4694,Netherlands,C,4,0.2341884566633214,4,21.81818181818182,3598.9534481825995,51.22275910474262,3510.2330269093236,3628.5269219403576,4148.4375,230.23690669205274,3750.0,4289.0625,3.91450325,0.05677956095138902,3.8443565,3.9835522,4.861423375,0.12413217712101009,4.7099805,5.024888,13.708464179228843,1.559222169188362,11.77347535636502,15.762854578625154,3.0,0.0,3.0,3.0,1.8333333333333333,0.4999999999999999,1.3333333333333333,2.6666666666666665,1.7798634500000001,0.24278334990325734,1.5063466,2.072419
642636,52.35,9.4847,Germany,A,4,0.604910775744911,20,12.000000000000002,3673.352317490348,135.89703196295176,3395.79564056698,4007.86933830162,4200.0,44.83857766338045,4148.4375,4312.5,3.12563628,0.21870374386055808,2.7607942,3.8322957,5.099015355000001,0.18529902319011687,4.5555696,5.3660297,14.741153681755941,1.5655269527803461,10.202773849815266,16.43269698474285,3.0,0.0,3.0,3.0,3.3166666666666673,1.0876835732673154,1.3333333333333333,5.333333333333333,1.341425155,0.2800234540007221,0.9318607,2.0549126
642975,48.2741,10.8188,Germany,C,4,0.5663399313432169,7,11.666666666666668,3970.5376619175117,59.026563123050074,3877.208470957242,4007.86933830162,4677.455357142857,638.6581616553409,4078.125,5460.9375,3.391459857142857,0.14566400251861275,3.0747783,3.5443852,4.778076985714286,0.1517422567805819,4.566158,4.9638214,17.47967138880572,1.2497574217136491,15.006535517243002,19.310821576442333,3.0,0.0,3.0,3.0,2.142857142857143,0.4312088161017817,1.3333333333333333,2.6666666666666665,1.6921270285714287,0.24564070941477414,1.3988235,2.031871
643556,51.0579,4.393,Belgium,B,4,0.7056611845972118,13,21.08108108108108,3722.905728486308,71.07241672291332,3628.5269219403576,3877.208470957242,4422.475961538462,10.817307692307692,4406.25,4429.6875,3.0430325999999996,0.1854469534670266,2.6581268,3.3408773,4.7298099538461535,0.3283329658542533,3.866163,5.1560607,21.15255804677168,1.093974158194807,18.578991563958585,23.13682092733917,3.0,0.0,3.0,3.0,3.1025641025641026,1.081188135502975,1.3333333333333333,5.0,1.9515067384615383,0.3337109658381279,1.3597295,2.5220435
643720,50.508,3.3601,Belgium,B,4,0.7720720692868674,3,3.5999999999999996,3115.792623663792,213.7321463591952,2877.196599772457,3395.79564056698,4070.3125,401.5655398717624,3515.625,4453.125,2.738925,0.15004318526319887,2.593227,2.9453723,5.058341666666667,0.2263087129716592,4.738648,5.231243,13.263029304597692,1.309283887084975,11.464659480088455,14.543967967575831,3.0,0.0,3.0,3.0,2.3333333333333335,0.9813067629253164,1.0,3.3333333333333335,1.2232918,0.10927583554546723,1.1292796,1.3765198
644286,45.9044,3.5297,France,B,4,0.8430687918637798,8,11.428571428571429,2511.460189000289,869.7773387522473,1809.0389422075937,4007.86933830162,4198.2421875,39.632077905669966,4148.4375,4265.625,3.80344995,0.3876081746674469,3.3371394,4.4410286,4.8939836375,0.08665638603686328,4.7680373,4.9943743,15.012338592840658,3.0391333301714387,10.045987084282626,19.0923145468701,3.0,0.0,3.0,3.0,2.25,0.5204164998665332,1.0,2.6666666666666665,1.7417236,0.15087435136863886,1.5463072,2.0003967
644726,44.1089,1.8708,France,B,5,0.9260631480085232,8,7.164179104477612,3599.451757179977,79.19114795402326,3510.2330269093236,3750.807288950415,4025.390625,22.69326179418408,3984.375,4054.6875,3.069521675,0.21401963103218916,2.6981153,3.4124339,4.5147858625,0.22767075085905275,4.2876043,4.8914685,16.797469780517524,0.6713468181035446,15.900257751599169,17.97467935704912,3.0,0.0,3.0,3.0,3.041666666666667,0.7894706383956841,2.0,4.666666666666667,2.2114101,0.3213203452847563,1.6941652,2.566079
644752,44.1065,1.8736,France,B,5,0.9373657172723718,4,4.705882352941177,2457.0277645329097,606.4390232327105,1637.8144970715018,3177.9915873759783,6996.09375,1362.654315014106,4640.625,7921.875,5.44651875,0.031191575887128287,5.4119267,5.4924927,4.7331672750000005,0.25706764456816994,4.513779,5.1697965,7.427631618319199,3.928203041121017,0.6544335035896277,10.214168874309992,3.0,0.0,3.0,3.0,1.1666666666666667,0.2886751345948129,1.0,1.6666666666666667,2.2820218,0.366792413167121,1.6581758,2.581387
644789,51.9892,4.4694,Netherlands,A,5,0.2395473157141759,4,13.333333333333334,3132.215759145515,654.745113905285,1998.1639558540896,3510.2330269093236,4441.40625,20.29747040119778,4429.6875,4476.5625,2.8625922,0.2175196715885601,2.584497,3.1559265,4.654519049999999,0.30801677050174153,4.2918663,4.981202,23.7649069827464,0.4238417009324802,23.383920154350715,24.46130809683782,3.0,0.0,3.0,3.0,2.416666666666667,0.9824855102126331,1.0,3.3333333333333335,1.9494458,0.5467680332627676,1.4135829,2.760478
644945,46.7976,1.3054,France,A,4,0.8726889575203967,36,18.30508474576271,2805.3285421650803,156.1582095067919,2692.655140983971,3395.79564056698,4172.526041666667,38.466591788339706,4101.5625,4312.5,2.6575493305555553,0.6617920770486053,1.6669749,4.265216,4.820421849999999,0.2293034265492796,4.2891116,5.332715,20.883843384001544,4.529565292197355,11.956649177102255,29.163769316321936,3.0,0.0,3.0,3.0,2.6388888888888893,0.7344057814667937,0.6666666666666666,4.0,1.8474718444444445,0.3886432993125877,1.0516629,2.966828
645116,51.9892,4.4694,Netherlands,C,5,0.2413074110807233,3,10.0,1771.0245930493445,73.76241270594164,1693.0083986477366,1870.0030608561433,4296.875,706.0702204809377,3562.5,5250.0,4.983428733333334,0.1456097689542462,4.8523045,5.1864977,5.0663453333333335,0.12959879689342124,4.883201,5.164032,6.925606449747292,1.6667026640108846,4.789083398695071,8.856015639292364,3.0,0.0,3.0,3.0,3.3333333333333335,0.7200822998230955,2.3333333333333335,4.0,1.6147604,0.11763893987587612,1.4864272,1.770613
645962,52.2826,4.9271,Netherlands,B,5,0.7085368214048327,46,17.806451612903224,1899.3091911609436,577.2915775960702,1342.4505626571586,3074.3856306519383,3571.671195652174,902.1019085085186,1640.625,4429.6875,5.230257358695653,0.1620875107307786,4.860574,5.5309463,5.3837932,0.0933285974510516,5.1191773,5.51352,4.389070735722885,2.598666842577048,1.2758416619567006,11.178121810889497,3.0,0.0,3.0,3.0,3.4782608695652173,1.1134925120804122,1.6666666666666667,5.333333333333333,1.1054514732608696,0.19625450524411828,0.86497366,1.63142
647067,42.7356,2.2693,France,B,5,0.948784715164912,7,8.4,3361.236564284062,293.6675793270388,2877.196599772457,3750.807288950415,3967.6339285714284,174.36450758426167,3656.25,4195.3125,3.5670205428571427,0.2578642191633744,3.0636604,3.9798925,4.656651842857143,0.173302936402712,4.423455,4.963505,16.767799508379927,2.7996244426385317,13.563152697421152,20.94328769191325,3.0,0.0,3.0,3.0,2.7142857142857144,0.8053111678708459,1.6666666666666667,4.333333333333333,1.9688432142857144,0.303417269260085,1.5304209,2.4066613
647427,51.9892,4.4694,Netherlands,A,5,0.2459962234272368,26,19.25925925925926,3153.1162706550654,502.8678497696152,1870.0030608561433,3510.2330269093236,3826.622596153846,189.35653429326928,3679.6875,4710.9375,3.1742692076923076,0.2600755652229159,1.9469583,3.3849657,4.965161069230769,0.20746765648204946,4.5561314,5.2594366,15.756704130757576,1.792329620933615,13.34573463028382,21.759057487892804,3.0,0.0,3.0,3.0,3.1666666666666665,0.8879535677396304,1.6666666666666667,5.0,1.613165023076923,0.3071237661978077,1.1924661,2.2365134
649165,46.203,6.1061,Switzerland,A,5,0.4791522387842236,13,6.610169491525423,2475.8352196438723,765.8415925217524,1693.0083986477366,3510.2330269093236,3932.091346153846,404.92322887589944,3585.9375,4476.5625,2.6842414923076925,0.24710596632755147,2.4203248,3.2824054,4.996501884615384,0.2698238058871264,4.411372,5.3453255,19.409907585458974,2.9549558574714445,13.920325757261724,25.961620821418823,3.0,0.0,3.0,3.0,3.333333333333333,0.9870962335856491,1.3333333333333333,4.666666666666667,1.455093592307692,0.3854384328676859,1.0408361,2.3195505
649523,54.0372,13.4249,Germany,A,5,0.9379888514988504,13,10.833333333333334,3174.0615269876507,727.5205714641116,1637.8144970715018,3628.5269219403576,4103.365384615385,450.5913274561531,3843.75,5156.25,3.474072269230769,0.1329083071098463,3.181678,3.7150457,4.6857862230769225,0.21601094150436406,4.363452,5.1019297,19.367788947293988,1.6070699967657778,16.16855889601148,21.726749495963553,3.0,0.0,3.0,3.0,2.128205128205128,0.710584946694924,1.3333333333333333,4.0,1.7257634846153844,0.3028409789467754,1.1692133,2.2828622
649781,48.2741,10.8188,Germany,C,5,0.5995248218212004,15,2.25,3234.343974294934,663.8951372158393,1809.0389422075937,4007.86933830162,3989.0625,21.3096589015404,3960.9375,4031.25,2.785980173333334,0.7380482802268549,1.9774362,4.3528795,5.117680233333334,0.17119804255057217,4.647789,5.320092,11.357671459160281,2.275127200297485,6.9376327872748265,16.244674726868034,3.0,0.0,3.0,3.0,2.444444444444444,0.6166416411338493,1.0,3.3333333333333335,1.3872438133333331,0.21460022576792992,1.1443949,2.0305474
650107,44.6377,1.6884,France,B,4,0.9567600174350944,335,14.429289303661164,3237.067201959624,380.7439455564226,2519.9500475013783,4142.933441216916,4113.316231343284,521.6381315030015,3351.5625,5437.5,2.924200825074627,0.6504416221422149,1.6435115,4.5832896,4.930902023283582,0.2749807911069131,3.9140108,5.3873324,19.66514226326936,3.4173598816657274,11.236076513930373,29.781217669778833,3.0,0.0,3.0,3.0,2.761194029850746,1.099684818631775,0.0,6.666666666666667,1.5995756301194033,0.49622832088147695,0.88216877,4.8532214
650119,44.6377,1.6884,France,A,4,0.9567600174350944,22,9.56521739130435,3443.312310966046,90.52580826367091,3285.0890365665714,3750.807288950415,4783.380681818182,146.35163148642954,4125.0,4875.0,2.829268709090908,0.47676513703473616,2.2296748,4.469225,4.855713490909093,0.3090154261252604,3.896745,5.3357677,15.874111230794188,1.4138334813650215,14.12379428607282,18.482336530818845,3.0,0.0,3.0,3.0,2.363636363636364,0.7581815759513214,1.0,3.3333333333333335,1.7438092681818178,0.4542313654409726,1.0253441,3.1382954
650253,50.4675,3.6771,Belgium,B,5,0.7391954350243138,8,14.545454545454545,3861.4083232063886,41.80326162683447,3750.807288950415,3877.208470957242,3931.640625,15.502449088269085,3914.0625,3960.9375,2.174156875,0.3216330132001524,1.7185467,2.8241463,5.0805003625,0.274573196905784,4.6370945,5.3913193,17.085432210745502,4.565093128039257,11.022523541702418,22.816062988943433,3.0,0.0,3.0,3.0,3.416666666666667,1.6976290656219468,1.3333333333333333,7.0,1.4007023625000001,0.4023040568887478,0.9618548,2.063936
652304,53.1095,13.0469,Germany,B,5,0.8349700383762495,11,13.46938775510204,3545.125656508934,303.26511337585055,2877.196599772457,4007.86933830162,6159.801136363636,1551.9936676195218,4054.6875,7500.0,4.441244845454545,0.6220608834510922,3.3137264,5.1866274,4.454231381818182,0.2957858257593455,3.8956678,4.9343457,16.080716853930312,4.005581551847649,9.60366908364381,24.08975708823341,3.0,0.0,3.0,3.0,1.424242424242424,0.3507829364481887,0.6666666666666666,1.6666666666666667,2.7799406909090907,0.577543019810944,1.9582853,3.7764506
653264,51.9892,4.4694,Netherlands,A,5,0.2557164273587466,4,15.0,2783.3968843840626,0.0,2783.3968843840626,2783.3968843840626,4042.96875,20.29747040119778,4031.25,4078.125,2.0881897,0.18316431812420514,1.8928401,2.3081162,4.318330575,0.38397886997583847,3.6916988,4.7302856,24.60433873844289,2.690366623838058,20.991335674502967,28.423085609167536,3.0,0.0,3.0,3.0,2.416666666666667,0.8936504412303007,1.0,3.3333333333333335,2.414124225,0.5586697180166263,1.7926736,3.3198771
657525,42.8906,2.0953,France,B,5,0.9530382545303588,8,7.2727272727272725,3472.747555355354,1195.1718319134193,1637.8144970715018,4889.674664552353,5455.078125,1779.929223528701,2414.0625,8156.25,4.6692059375,0.6360154920438632,3.7132123,5.626164,4.946833325,0.2516311438143873,4.654811,5.3304076,13.005058352989504,5.735808054117677,2.8236885467106023,23.121500392768738,3.0,0.0,3.0,3.0,1.5,0.6009252125773316,1.0,3.0,1.7577834625,0.32942880227307436,1.3276687,2.2286737
659797,42.6767,2.4973,France,A,3,0.9005830739015747,13,16.956521739130434,2289.5464060594554,577.5467098935541,1809.0389422075937,3628.5269219403576,4840.745192307692,1327.3418875539382,3890.625,7265.625,4.8912892153846155,0.10911741403364086,4.6074686,5.027077,4.570117061538461,0.20627394173659722,4.313811,4.9701014,9.7342479930715,2.3219291921566,5.952672257102205,13.886823964700463,3.0,0.0,3.0,3.0,1.9487179487179487,0.5523245956035389,1.3333333333333333,3.0,2.1597143846153846,0.2673201966956678,1.6577384,2.5209026
659799,42.6831,2.4802,France,C,3,0.8930064328479322,7,15.555555555555555,3510.2330269093227,9.094947017729282e-13,3510.2330269093236,3510.2330269093236,3585.9375,12.527870714644893,3562.5,3609.375,1.7531250714285715,0.10451490989451782,1.5909842,1.9462547,4.654603142857143,0.3000762103496371,4.061081,5.0483003,28.22983445494422,3.0645419533782245,23.163515625501823,31.935823343803037,3.0,0.0,3.0,3.0,2.523809523809524,0.9233675918888246,1.0,4.0,1.8356750714285714,0.482219831512501,1.2231319,2.8103342
665980,42.4378,8.9433,France,B,6,0.8019978754331485,4,6.315789473684211,3312.7656875666735,47.93736571552898,3285.0890365665714,3395.79564056698,3416.015625,10.14873520059889,3398.4375,3421.875,3.099540825,0.28998573086653223,2.7732491,3.5558174,4.97420575,0.3388749928590005,4.428723,5.280732,19.64568623137436,0.7167818584942139,18.988935484447747,20.747435348120124,3.0,0.0,3.0,3.0,3.0000000000000004,1.0274023338281626,1.6666666666666667,4.0,1.48344445,0.4905961412225002,1.0429432,2.2758024
668113,52.457,10.1972,Germany,B,6,0.4681774208214815,5,10.0,2901.8111049399686,670.140248206874,1933.0216536654648,3750.807288950415,4120.3125,447.74827260973325,3890.625,5015.625,3.73020444,0.12166676426696983,3.5301278,3.8385556,5.26190304,0.07136313087825118,5.1572537,5.370205,12.90345008591855,1.1418025612678033,11.013048215465332,14.002265017296468,3.0,0.0,3.0,3.0,2.933333333333333,0.6798692684790378,2.0,3.6666666666666665,1.13111172,0.10435117071457126,0.9832489,1.267291
66989,49.075,9.149,Germany,C,6,0.1813545634381136,7,12.727272727272727,3024.973604137417,553.3481009213871,1750.062319644153,3510.2330269093236,4155.133928571428,34.795663544910475,4101.5625,4218.75,4.5465549,0.36181549745940156,3.7924337,4.9590096,5.116684228571429,0.2139807583383257,4.7417555,5.32639,9.268551161995504,1.2575623927600972,7.315127886193053,10.912024235215476,3.0,0.0,3.0,3.0,1.1428571428571428,0.3011693009684171,0.6666666666666666,1.6666666666666667,1.7336524428571427,0.40521767602817704,1.2977068,2.4376328
679588,51.4213,5.4732,Netherlands,C,5,0.4833771762559064,14,15.555555555555555,3126.429870874152,64.36437748044061,2974.1573399706103,3177.9915873759783,7479.910714285715,1160.5656455307028,3304.6875,7898.4375,4.58909187857143,0.4325885616440938,3.7348602,5.2046585,4.784198178571429,0.19891829971850314,4.420003,5.1223755,13.524701837532366,1.95732771091378,9.584627844814248,16.16772652212411,3.0,0.0,3.0,3.0,1.1904761904761905,0.3719166512336502,1.0,2.3333333333333335,2.160109414285714,0.34713086000502513,1.5525739,2.8089612
679873,51.4279,5.4685,Netherlands,B,5,0.3483069183678678,3,8.181818181818182,3053.593978135888,1076.6250417971692,1532.7661745000066,3877.208470957242,4132.8125,206.40382521285792,3843.75,4312.5,3.780616266666667,0.7146921006651994,2.8421464,4.5748634,5.091305366666667,0.4327530571156589,4.4974847,5.516456,9.64176731866617,3.4241941837223955,5.16830400792571,13.484348661071795,3.0,0.0,3.0,3.0,2.7777777777777772,1.2570787221094177,1.0,3.6666666666666665,1.2194980766666668,0.3306062251007056,0.80882823,1.6183877
680207,51.4261,5.4756,Netherlands,B,3,0.3212080963125024,11,18.857142857142858,3782.4173256778845,248.66997744896864,3074.3856306519383,4142.933441216916,4412.642045454545,109.51787451048065,4359.375,4757.8125,3.4483340272727276,0.41321450861202413,2.7225149,3.980188,4.920567772727273,0.24014693056034025,4.511042,5.269799,14.341312803881742,2.2237076029585605,9.407505620025468,17.478021763810016,3.0,0.0,3.0,3.0,2.484848484848485,0.9466969304129278,1.0,3.6666666666666665,1.6727417454545452,0.48105201868028097,0.8922909,2.7149458
680208,51.4261,5.4756,Netherlands,C,3,0.3212080963125024,12,10.140845070422536,3866.6750391233404,34.93544114783887,3750.807288950415,3877.208470957242,4271.484375,19.433348380988672,4242.1875,4312.5,2.5848649333333333,0.32870981305911084,2.142775,3.425088,5.069630924999999,0.15063766017335067,4.7754626,5.2999964,18.428456625004763,1.2808939244770203,16.119145332743006,20.745217095829787,3.0,0.0,3.0,3.0,3.222222222222222,0.8748897637790902,1.3333333333333333,4.666666666666667,1.449364075,0.28230708776365654,1.0685959,2.1419008
680209,51.4261,5.4756,Netherlands,C,3,0.3212080963125024,12,10.140845070422536,3866.6750391233404,34.93544114783887,3750.807288950415,3877.208470957242,4271.484375,19.433348380988672,4242.1875,4312.5,2.5848649333333333,0.32870981305911084,2.142775,3.425088,5.069630924999999,0.15063766017335067,4.7754626,5.2999964,18.428456625004763,1.2808939244770203,16.119145332743006,20.745217095829787,3.0,0.0,3.0,3.0,3.222222222222222,0.8748897637790902,1.3333333333333333,4.666666666666667,1.449364075,0.28230708776365654,1.0685959,2.1419008
682783,46.812,1.2854,France,A,3,0.7580342444652748,12,16.0,3618.669097354438,32.69470540063558,3510.2330269093236,3628.5269219403576,3683.59375,18.73371688794031,3656.25,3726.5625,2.93225995,0.4326068829603452,1.7022212,3.3668694,4.374794050000001,0.31133979260252637,3.856011,4.7920713,27.32424968384115,2.193449216042569,24.570910702533205,32.947478064651406,3.0,0.0,3.0,3.0,1.9444444444444444,0.7797593804232333,0.3333333333333333,3.0,2.32325825,0.6662375183122776,1.5904924,3.8736691
682784,46.812,1.2854,France,B,3,0.7580342444652748,4,14.117647058823529,3628.5269219403576,0.0,3628.5269219403576,3628.5269219403576,3703.125,0.0,3703.125,3703.125,2.481935925,0.6320433366714792,1.522882,3.272862,4.374552850000001,0.5350588800292846,3.4738674,4.8753185,29.037376771814223,3.0342099237247817,26.87608917075577,34.27395229024147,3.0,0.0,3.0,3.0,2.0833333333333335,1.0897247358851685,0.3333333333333333,3.3333333333333335,2.3456162,1.0328784794838357,1.4620808,4.104796
685416,50.1542,8.7704,Germany,B,4,0.6711782352763955,5,20.0,3083.7182592547033,236.6859396849994,2692.655140983971,3395.79564056698,7425.0,45.44699866327809,7359.375,7476.5625,4.041223860000001,0.5235443432766459,3.3419294,4.9103374,4.34449204,0.16326677467892367,4.1275487,4.5726113,19.499203505942642,2.514853104676643,16.017651085128584,22.516178860248058,3.0,0.0,3.0,3.0,1.6666666666666665,0.47140452079103173,1.0,2.3333333333333335,2.74205292,0.3080764791353172,2.2529862,3.0528774
691544,50.7756,3.0142,Belgium,C,3,0.3944893758278857,11,19.411764705882355,3471.9256137287343,296.9691932282052,2692.655140983971,3750.807288950415,4297.585227272727,441.7967593975231,3703.125,4687.5,3.1364856363636364,0.4201946806124757,2.117846,3.465638,4.735895200000001,0.2511304403023367,4.172128,5.1098976,20.446660345726887,2.414384173635562,17.653232175058374,25.543524160900063,3.0,0.0,3.0,3.0,2.5454545454545454,0.7002557580782631,1.0,3.6666666666666665,1.8744746545454545,0.34956946955075874,1.3943915,2.7319806
694592,51.94,5.9038,Netherlands,A,3,0.4853026525338119,10,8.450704225352112,3408.3711865384707,94.96853452399745,3285.0890365665714,3628.5269219403576,4488.28125,345.93146590265894,3796.875,4687.5,2.9904143699999994,0.28593393581191107,2.4344578,3.4277349,4.65932095,0.468001795057806,3.6101213,5.278076,21.33800866702942,1.3694964904159324,20.051643953910055,25.0910469993535,3.0,0.0,3.0,3.0,2.3666666666666663,1.1967548714010827,0.6666666666666666,4.333333333333333,1.94197798,0.8075399940366618,1.0809295,3.9920805
706028,50.7143,2.9045,Belgium,B,3,0.5005521848204305,8,14.545454545454545,3540.2885642531687,77.33819366707553,3395.79564056698,3628.5269219403576,3832.03125,421.38643585230943,3632.8125,4945.3125,3.3049768625000002,0.2476318294867097,2.9664948,3.7828083,4.8238755875,0.2599336084571474,4.390015,5.1200595,18.20039730740599,0.5936962820746665,17.115048399655556,18.881682255114796,3.0,0.0,3.0,3.0,2.5833333333333335,1.1273124382057236,0.6666666666666666,4.0,1.8666732874999998,0.5506984673453986,1.3393799,2.923151
709335,42.7053,2.515,France,A,3,0.7869885330544835,7,13.548387096774192,2657.24403187296,424.81393710197943,1750.062319644153,2974.1573399706103,4603.794642857143,1739.6994078906423,3257.8125,7804.6875,5.051417228571429,0.11255937633477488,4.877031,5.2282796,4.637425228571429,0.32075742588476736,4.0497847,4.969677,13.753186043052311,6.93633120482939,1.6453762386154622,24.369098779217204,3.0,0.0,3.0,3.0,2.666666666666667,0.8544932592822077,1.3333333333333333,4.0,2.275096128571428,0.5558874292555045,1.6629741,3.3090594
709355,42.68,2.6278,France,B,3,0.6021754167965507,4,21.81818181818182,4142.933441216916,0.0,4142.933441216916,4142.933441216916,5232.421875,558.4264117796067,4265.625,5578.125,2.5377326250000003,0.1616377088647536,2.3733585,2.7296495,4.936253925,0.13400974175860064,4.8137403,5.1623144,22.95639905556378,1.984915152137076,20.16940793754273,25.78196309967484,3.0,0.0,3.0,3.0,3.416666666666667,0.7592027982620251,2.6666666666666665,4.666666666666667,1.4261179750000001,0.1690354446215849,1.1967841,1.6163391
709547,47.3103,9.5915,Austria,C,3,0.5871736686329135,9,14.594594594594595,2973.288394515195,367.17194467704195,2692.655140983971,3628.5269219403576,3924.4791666666665,24.978289183920413,3890.625,3984.375,4.1862987,0.16284190804216636,3.9654126,4.4905033,5.009159333333333,0.17766884216482318,4.7590427,5.29416,13.643344539433002,0.4056812838007873,13.255012432278788,14.537900355449644,3.0,0.0,3.0,3.0,2.3333333333333335,0.7370277311900889,1.0,3.3333333333333335,1.4139640555555557,0.27418101564634717,1.0001215,1.8365489
709548,47.3103,9.5915,Austria,C,3,0.5871736686329135,5,23.076923076923077,3263.6695467284526,42.83897967623725,3177.9915873759783,3285.0890365665714,3646.875,127.16868718359878,3492.1875,3867.1875,4.19682186,0.34145211040376133,3.7781236,4.7337904,4.87467032,0.26038546595179546,4.374654,5.110474,12.5119520330427,0.8338326312302617,11.239710056657875,13.672128199465435,3.0,0.0,3.0,3.0,1.5999999999999999,0.3887301263230202,1.3333333333333333,2.3333333333333335,1.52711496,0.13633991704005985,1.3846176,1.7353554
710138,51.9892,4.4694,Netherlands,B,3,0.2331512224351674,6,13.333333333333332,3341.665661425401,106.039377486774,3177.9915873759783,3510.2330269093236,3742.1875,69.87712429686843,3632.8125,3796.875,3.2183324,0.15445205795037728,3.0121582,3.4032032,4.884276766666667,0.2538189783206175,4.4692974,5.2674894,14.924820814539826,0.4122836294202586,14.076593379949184,15.390049571598052,3.0,0.0,3.0,3.0,2.611111111111111,0.8031573497111645,1.3333333333333333,4.0,1.5041132166666664,0.32824038663444216,1.0298644,2.0655003
710261,42.6634,2.4999,France,B,3,0.8422629608180918,5,17.647058823529413,3157.27039603117,41.44238268961599,3074.3856306519383,3177.9915873759783,4364.0625,37.5,4289.0625,4382.8125,3.30213552,0.5630035904654798,2.7416604,4.3516636,4.979884139999999,0.2080502898871674,4.638564,5.2169886,16.509709193131368,2.970765032816895,11.288913126080924,20.31129790399649,3.0,0.0,3.0,3.0,2.533333333333333,0.9797958971132711,1.6666666666666667,4.333333333333333,1.5579717,0.16903024958562896,1.2825437,1.747476
710312,51.9892,4.4694,Netherlands,B,3,0.2331512224351674,14,17.142857142857142,3436.666135689246,54.83352322047554,3395.79564056698,3510.2330269093236,4063.058035714286,571.1257677238833,3726.5625,5179.6875,3.1743961142857144,0.07742761112988843,3.0486512,3.3094711,5.138899878571428,0.31821745546013513,4.5278406,5.5290747,20.07563366815606,0.5913691697141981,18.965305232947298,21.409826978663556,3.0,0.0,3.0,3.0,2.6904761904761902,1.0036780432551422,1.0,4.0,1.1846970821428573,0.4251518217874433,0.6899945,2.09425
710918,51.9892,4.4694,Netherlands,A,3,0.2331512224351674,7,9.333333333333334,3316.7194948524025,50.01214580908572,3285.0890365665714,3395.79564056698,3860.4910714285716,93.5105360073813,3726.5625,3984.375,3.452137814285714,0.16938096250286908,3.2029521,3.7054837,4.1616029,0.18495048616411602,3.799802,4.41973,21.45279552948822,1.7596957203944485,18.90965689548181,23.879536270368167,3.0,0.0,3.0,3.0,0.7619047619047619,0.23328473740792172,0.6666666666666666,1.3333333333333333,3.1709552142857143,0.32133349634413616,2.6816146,3.7325447
711263,47.52,5.1814,France,A,3,0.53517765761622,27,18.620689655172413,3811.972362879389,79.01063436328123,3628.5269219403576,3877.208470957242,4215.277777777777,168.8540988358673,4101.5625,4851.5625,2.914798314814814,0.24917570852579285,2.129157,3.3616974,4.449337248148147,0.3761631797881973,3.5350895,4.9539227,26.756212199968544,3.0135243280519384,19.438441396533793,30.243855807197587,3.0,0.0,3.0,3.0,2.1851851851851856,1.0075163339804034,0.6666666666666666,5.0,2.2735914740740744,0.6715499562960553,1.4626398,4.1432076
712274,47.74,16.5021,Austria,C,3,0.5169014260547259,5,21.428571428571427,3375.9179344414106,133.3837245195467,3285.0890365665714,3628.5269219403576,3670.3125,390.94986491236955,3328.125,4171.875,3.0800886800000002,0.5286723881010862,2.374755,3.5503738,5.01943642,0.20451661987856534,4.6905646,5.3100834,16.77557057622338,4.298067521942253,10.74953271422418,22.3388800687271,3.0,0.0,3.0,3.0,3.6,1.948218559493661,0.6666666666666666,6.333333333333333,1.54829312,0.4420379926272511,1.1301819,2.3871307
712760,44.0619,1.9524,France,B,4,0.6779532910832917,56,15.774647887323944,2439.838083468735,552.0298057008176,1532.7661745000066,3074.3856306519383,3533.203125,102.4732728996257,3351.5625,3656.25,3.9772140392857147,0.2580707019042481,3.5275278,4.7074046,5.0578808875,0.0974753982707762,4.8915167,5.3137608,10.932892887514072,1.1128391840815441,8.155596540167647,12.72143870299189,3.0,0.0,3.0,3.0,2.773809523809524,0.6610091577096068,1.3333333333333333,4.333333333333333,1.5127871857142858,0.15491768394926758,1.1314638,1.775157
712847,44.0619,1.9524,France,B,4,0.6779532910832917,51,16.54054054054054,3229.7828207000216,311.39066463737095,2065.501535848521,3395.79564056698,3699.448529411765,65.20555110491892,3632.8125,3867.1875,4.048537803921569,0.1765104198775566,3.7207575,4.6717663,4.931519613725491,0.14197370633463008,4.4421015,5.2031717,14.258635999892263,1.1537984959278949,10.762995993910648,16.63067164296132,3.0,0.0,3.0,3.0,2.3071895424836604,0.5861254829136042,1.3333333333333333,3.6666666666666665,1.6729876627450977,0.2097168196427099,1.266229,2.1725118
712851,44.0619,1.9524,France,B,4,0.6779532910832917,5,8.108108108108107,2628.205692435341,331.36894880528445,1998.1639558540896,2974.1573399706103,5339.0625,22.963966338592293,5296.875,5367.1875,4.45633104,0.28219916905761844,4.0260806,4.8221374,4.352092520000001,0.22077098153486943,3.9209394,4.52831,22.124036805068144,1.2052191549701234,20.632982078667325,24.137001077445163,3.0,0.0,3.0,3.0,0.6666666666666666,0.0,0.6666666666666666,0.6666666666666666,2.7896020600000004,0.25347745808075006,2.5876594,3.2380574
712856,44.0619,1.9524,France,B,4,0.6779532910832917,16,16.271186440677965,3334.41811062275,93.37143226930813,3074.3856306519383,3395.79564056698,4924.8046875,599.3126747098472,3609.375,5296.875,3.79112655625,0.2873286475260537,3.2096226,4.3668194,4.89606574375,0.3617031566437282,3.9438794,5.3493533,15.979172713058631,1.1399000246592474,13.630083388265604,17.993818945267268,3.0,0.0,3.0,3.0,3.583333333333333,1.479019945774904,1.3333333333333333,6.0,1.56464573125,0.4412845545609611,1.0253279,2.4389737
712876,44.0619,1.9524,France,B,4,0.6779532910832917,21,8.4,2526.4416893473767,168.43559387150458,1870.0030608561433,2692.655140983971,5156.25,1248.6041313345534,2882.8125,8062.5,4.94987139047619,0.15521305978288255,4.6206784,5.2467065,4.619290614285714,0.254860680724528,4.0377626,5.0780725,11.028652339313924,1.1790583795470497,9.5987108963517,14.820411409661054,3.0,0.0,3.0,3.0,1.1904761904761905,0.549857399228215,0.6666666666666666,2.6666666666666665,2.4108400333333333,0.4066470151560667,1.7027212,3.3711007
712879,44.0632,1.9509,France,A,4,0.6623084159877483,6,11.61290322580645,2753.149636584032,42.776068063263025,2692.655140983971,2783.3968843840626,3777.34375,21.035800027869158,3750.0,3820.3125,2.949517783333333,0.3284587574859915,2.4292018,3.352071,4.416698883333333,0.35186999237917127,3.6773682,4.7440567,23.272525224246166,0.7793814101088407,22.23355107359934,24.10037588977315,3.0,0.0,3.0,3.0,1.9999999999999998,0.6938886664887108,0.6666666666666666,2.6666666666666665,2.1223459333333334,0.5671800225281202,1.6278175,3.338178
714095,44.0632,1.9509,France,C,4,0.6771867104493566,9,8.4375,3513.9385379622545,336.58426592106525,2974.1573399706103,3877.208470957242,4247.395833333333,37.91723900666937,4195.3125,4335.9375,3.534096933333333,0.40575198983826183,2.9916747,4.208135,4.9596179000000005,0.13463740802376498,4.680057,5.2119765,14.436005384142398,2.303962377149657,10.713761162260967,18.03668165556515,3.0,0.0,3.0,3.0,2.3333333333333335,0.6085806194501846,1.3333333333333333,3.0,1.7281282444444444,0.1989254264368273,1.3985068,2.1896672
714096,44.0632,1.9509,France,B,4,0.6771867104493566,15,6.338028169014084,3136.935373868478,277.29841330811223,2207.060943421246,3285.0890365665714,4028.125,861.355672036819,3539.0625,5765.625,3.933766533333333,0.17048261451195795,3.5464938,4.148693,4.817159993333333,0.1769431048826015,4.2194457,5.0156384,16.241442209922273,1.3284992129595619,12.62883285861659,17.747049140532976,3.0,0.0,3.0,3.0,2.7111111111111112,0.4998765279645331,1.3333333333333333,3.3333333333333335,1.6012278733333332,0.26833255181328125,1.4270289,2.5375245
715846,48.2128,-3.0134,France,A,4,0.7781627033013786,8,11.707317073170731,3012.573601041844,86.04848425694563,2877.196599772457,3177.9915873759783,4019.53125,11.71875,4007.8125,4031.25,2.2610840875,0.22803609750936052,1.7720047,2.5638077,4.590263775,0.14819681156521858,4.3016596,4.88023,23.946806653995466,1.2810540673888355,21.876366466719485,25.74920080801308,3.0,0.0,3.0,3.0,2.6666666666666665,0.5270462766947298,1.6666666666666667,3.6666666666666665,1.830672525,0.2486234373035241,1.4681838,2.3467305
715983,51.9892,4.4694,Netherlands,A,4,0.2467939868889942,7,21.0,2837.4482967216823,69.21543840960346,2783.3968843840626,2974.1573399706103,4088.1696428571427,32.80566619798899,4031.25,4125.0,2.3312891714285717,0.3163337686095753,1.8282351,2.7445912,4.2110658857142855,0.40148242159909747,3.7420263,5.023299,25.0734522560838,1.9848177140387437,23.20339362713918,28.645737259049255,3.0,0.0,3.0,3.0,1.5714285714285714,1.0345505229714491,0.3333333333333333,3.6666666666666665,2.6329363714285714,0.7996633009750912,1.381823,4.021408
716606,48.6312,1.6872,France,B,4,0.8083470868526509,11,11.578947368421053,3504.542394781618,750.0293932654188,2065.501535848521,4142.933441216916,6406.960227272727,1226.9693635481467,4078.125,7382.8125,3.368951854545455,0.6154301681158625,2.008858,4.0908546,4.605190490909091,0.2119756875648135,4.141181,4.9708986,21.089887609729928,2.942159744190001,16.113255473459674,26.62871553102204,3.0,0.0,3.0,3.0,1.3333333333333333,0.4923659639173309,0.6666666666666666,2.6666666666666665,2.2297660545454545,0.37450771287571477,1.6553338,2.9305787
716952,51.4269,5.4752,Netherlands,B,4,0.3431269810262927,12,10.0,3619.00130335269,59.05543331312281,3510.2330269093236,3750.807288950415,4167.96875,616.2349254938716,3960.9375,6210.9375,3.2897222083333335,0.4699189493814127,2.3897913,3.8987575,4.993514658333334,0.20846554062660827,4.485705,5.2620497,16.86600580238675,2.4589191078350927,12.234072134074305,20.92639273295053,3.0,0.0,3.0,3.0,3.0555555555555554,0.8801655287641589,1.6666666666666667,4.666666666666667,1.5267761416666668,0.31544748934913464,1.0679814,2.2218394
717009,51.4261,5.4756,Netherlands,B,4,0.3599239765164211,9,9.642857142857142,3372.825270156167,113.68587360075497,3177.9915873759783,3510.2330269093236,4091.1458333333335,447.85610055636795,3539.0625,4523.4375,3.711800933333333,0.3674552173541726,3.1462414,4.540579,4.723457422222222,0.16610311959700594,4.3735843,4.9370403,16.96495368525694,1.1847215465155332,14.57340528285794,19.148068564830854,3.0,0.0,3.0,3.0,2.2962962962962963,0.8811390558052089,0.3333333333333333,3.3333333333333335,2.103646611111111,0.4645768467197278,1.5925268,3.1248817
722044,47.3149,-1.554,France,C,5,0.6949963588181698,6,21.176470588235293,3681.300768643992,483.95425315321023,3074.3856306519383,4142.933441216916,4953.125,349.6475625093789,4171.875,5132.8125,2.9417042,0.3696443734044611,2.546365,3.6949754,4.675915933333333,0.22905490357710945,4.2603593,4.956469,23.470733068055342,3.6924872733680276,15.86762866656017,26.843086171507533,3.0,0.0,3.0,3.0,2.4444444444444446,0.6849348892187752,1.6666666666666667,3.3333333333333335,2.077044283333333,0.4310610856351662,1.5937815,2.863398
724068,42.6644,2.5014,France,A,5,0.8647500204022117,5,9.09090909090909,2880.9080592136497,143.0357610263623,2604.8716763839616,2974.1573399706103,4603.125,79.27281808728638,4476.5625,4687.5,4.022136680000001,0.2260262452259331,3.7117229,4.2528505,4.85043362,0.16224946627640288,4.5878925,5.015826,13.266663818753864,2.103437372724986,10.36146532034827,15.54455607603673,3.0,0.0,3.0,3.0,1.9999999999999996,0.760116950066092,0.6666666666666666,2.6666666666666665,1.9053699599999998,0.4322174876372245,1.4928032,2.6888642
724867,51.9892,4.4694,Netherlands,B,5,0.265629297170648,3,12.857142857142858,3576.191427295031,425.7023856525522,2974.1573399706103,3877.208470957242,4062.5,44.19417382415922,4031.25,4125.0,2.1771263,0.2715208302746586,1.8003219,2.4295533,4.652988733333333,0.1212585193864561,4.5014668,4.798293,21.651954901415962,2.266216426624947,19.73952131597779,24.83540173937582,3.0,0.0,3.0,3.0,2.222222222222222,0.415739709641549,1.6666666666666667,2.6666666666666665,1.9136644,0.16760687787327425,1.7779572,2.1498206
72579,52.665,13.451,Germany,B,3,0.5087779946685783,8,8.0,2901.4367848219954,41.98523209067193,2877.196599772457,2974.1573399706103,4060.546875,564.6625908918833,3046.875,4546.875,4.2262502125,0.12046925558824575,3.9578598,4.3977942,4.8154800375,0.18154377680058967,4.4597406,5.039629,13.038532768632999,1.1549658621413268,11.704011209151393,15.60189559505933,3.0,0.0,3.0,3.0,2.416666666666667,0.5951190357119042,1.6666666666666667,3.0,1.6882013125,0.26289704785582146,1.3732866,2.1985457
726467,49.3844,0.4422,France,B,5,0.8300034617799368,3,9.473684210526317,3671.989473268974,152.93678249424102,3510.2330269093236,3877.208470957242,4218.75,19.136638615493577,4195.3125,4242.1875,4.188720633333333,0.07181798020191187,4.0928736,4.265743,5.242547833333333,0.12515376329133004,5.1041465,5.4072943,11.577788672728607,1.1392110410840557,9.969939569738605,12.470136302107232,3.0,0.0,3.0,3.0,3.0,0.7200822998230956,2.0,3.6666666666666665,1.1982219533333334,0.19180647652477664,0.97256166,1.441408
72795,51.5562,5.2687,Netherlands,B,3,0.7324620873765434,16,16.271186440677965,3265.2264831224948,55.6515118943645,3074.3856306519383,3285.0890365665714,4353.515625,25.540423497308634,4312.5,4406.25,2.22815364375,0.20598009528160413,1.8454652,2.5905578,4.5227838875,0.16035405054488364,4.092046,4.688136,24.36090452459959,0.9397535681243763,22.21106208491674,25.84900328417382,3.0,0.0,3.0,3.0,2.25,0.6180165405913053,0.6666666666666666,3.3333333333333335,2.1921281374999997,0.3995100119993207,1.7083559,3.4456596
72853,54.146,9.218,Germany,C,3,0.7538591687456905,7,13.548387096774192,2877.1965997724574,4.547473508864641e-13,2877.196599772457,2877.196599772457,5353.794642857143,1765.8458018429808,3093.75,7828.125,4.584618228571428,0.0607766404352789,4.4986663,4.672028,4.7469000857142865,0.09793735982087771,4.6007214,4.8903675,17.441253921293377,1.8968473210690773,14.827078405224094,20.61434291615341,3.0,0.0,3.0,3.0,1.0,0.0,1.0,1.0,1.8963112142857146,0.09292864984285255,1.7377012,2.0524926
729679,48.0599,2.2307,France,C,5,0.9700067598877876,4,21.81818181818182,1572.826730536939,69.38691843542719,1532.7661745000066,1693.0083986477366,4517.578125,1926.5407588873632,3093.75,7828.125,5.4003905,0.1051607264726239,5.291217,5.558053,5.033218425,0.22689837664743642,4.679092,5.2502017,7.203028224994828,4.924586254826009,0.9197224714875096,14.50147030783441,3.0,0.0,3.0,3.0,1.6666666666666665,1.0274023338281628,0.3333333333333333,2.6666666666666665,1.7490032750000002,0.4199146153192597,1.3269961,2.2231443
729993,52.2362,13.8762,Germany,A,6,0.7040914887555716,8,20.869565217391305,3782.407584452122,54.73331734314622,3750.807288950415,3877.208470957242,4303.7109375,472.9698969030321,4101.5625,5554.6875,3.128021825,0.18748011689355717,2.7023952,3.312596,4.598438175,0.4178925164380841,3.731454,5.0188994,17.419944559607057,0.5619118622799961,16.581945925517108,18.09645264052169,3.0,0.0,3.0,3.0,2.0,0.881917103688197,0.3333333333333333,3.0,2.0513566375,0.7939130297646586,1.3283715,3.899806
73012,54.1498,9.2039,Germany,B,3,0.7615807392316557,9,21.599999999999998,3057.057043106135,342.2735259807833,2877.196599772457,4007.86933830162,4278.645833333333,27.312730421097697,4242.1875,4335.9375,3.439402577777778,0.5684241929152047,2.6925852,4.3188567,4.25599988888889,0.29021990920736657,3.7976484,4.8555336,14.652762006649308,2.6046080767246256,8.863874724523347,17.917113132290353,3.0,0.0,3.0,3.0,1.4074074074074074,0.4382281320814531,0.6666666666666666,2.3333333333333335,2.8844493222222223,0.4770598212221859,1.9750565,3.9181402
747136,48.2741,10.8188,Germany,C,3,0.5162386544548012,62,4.75095785440613,3506.661251142392,603.2368820346596,1482.796342429293,4142.933441216916,4159.022177419355,258.110534502695,3960.9375,4781.25,3.1532434870967743,0.6385703680533208,1.9432892,4.071021,5.053254432258064,0.22228386925925467,4.3640704,5.3943796,17.819568048967017,2.996684106365251,9.337696213612514,24.966984551077516,3.0,0.0,3.0,3.0,2.510752688172043,0.9346337751630687,0.6666666666666666,4.666666666666667,1.4022571967741935,0.347285198711489,0.8961333,2.6192513
74816,54.135,9.217,Germany,B,4,0.7287719280389883,6,20.0,3395.7956405669797,4.547473508864641e-13,3395.79564056698,3395.79564056698,4320.3125,11.048543456039805,4312.5,4335.9375,1.9258755333333335,0.13307974819585525,1.7127805,2.0644162,4.70566875,0.18089836253438707,4.5054317,5.034447,29.33394739957947,1.3171813477951426,27.504630927379377,31.92295491556027,3.0,0.0,3.0,3.0,2.611111111111111,0.7049209744694178,1.6666666666666667,3.6666666666666665,1.7020070833333334,0.24900531307457022,1.2858691,2.0084436
755602,51.6421,14.3799,Germany,B,3,0.7369371819073662,4,18.46153846153846,3659.097013692872,52.9489521073972,3628.5269219403576,3750.807288950415,3960.9375,16.572815184059706,3937.5,3984.375,2.8117594,0.08894837479130804,2.6753323,2.9017558,4.6330564249999995,0.3335475870722827,4.111101,4.9836197,18.2842716897525,0.6528854453532442,17.41870935720967,18.918646233943782,3.0,0.0,3.0,3.0,2.083333333333333,0.8936504412303007,0.6666666666666666,3.0,1.914005325,0.5243456937976766,1.343483,2.755623
757024,52.6408,13.2956,Germany,B,4,0.6969108122895433,7,19.090909090909093,1937.99251077555,492.1275073358496,1584.4199762742635,3074.3856306519383,3739.9553571428573,76.05680820268223,3656.25,3914.0625,4.166195885714286,0.1886882813166159,3.9645407,4.5322022,5.118961214285714,0.15514178522776634,4.9446397,5.390712,11.021696783676353,1.2156605701127357,9.297594202693483,13.16175421639097,3.0,0.0,3.0,3.0,3.238095238095238,0.6098213559459855,2.3333333333333335,4.333333333333333,1.3575962071428571,0.2154438699995802,0.99429315,1.5987725
757053,52.6408,13.2956,Germany,B,4,0.6969108122895433,6,17.142857142857142,3177.9915873759783,0.0,3177.9915873759783,3177.9915873759783,4066.40625,11.71875,4054.6875,4078.125,2.69336195,0.27962109186709405,2.4058762,3.268917,4.886311633333333,0.20661665321259928,4.5203094,5.1010633,19.381789779569207,3.044746423580596,12.946678666554044,22.50769427965337,3.0,0.0,3.0,3.0,2.555555555555556,0.7114582486036499,1.3333333333333333,3.3333333333333335,1.5709940833333336,0.3053131561564094,1.306529,2.1548026
760100,48.1617,11.11,Germany,B,4,0.6245477862379223,4,14.117647058823529,3100.2871198329485,44.8626952532049,3074.3856306519383,3177.9915873759783,4294.921875,10.14873520059889,4289.0625,4312.5,4.084134775,0.20939437428498878,3.9250124,4.4382663,5.004751324999999,0.13167937692931217,4.7962437,5.1285715,14.940380440775632,0.6221959140312464,14.280925325162578,15.944524303433107,3.0,0.0,3.0,3.0,3.5,0.8660254037844385,2.3333333333333335,4.333333333333333,1.6152158500000002,0.15662270487425342,1.460695,1.814969
761621,48.2085,11.1489,Germany,B,4,0.5143286024737899,8,20.869565217391305,3424.404987152566,49.55284185758188,3395.79564056698,3510.2330269093236,4174.8046875,231.85288480601463,3562.5,4289.0625,2.89500145,0.18670079444124626,2.5106812,3.1683493,4.7362617,0.19652384873498824,4.382546,4.9637594,18.02552407802886,1.0850293643405093,16.526076714107447,20.13614205810499,3.0,0.0,3.0,3.0,1.9166666666666665,0.5713045500334203,1.0,3.0,1.8182793124999999,0.28782190927992013,1.4861407,2.4406974
76364,49.55,8.545,Germany,A,4,0.7856869872670371,13,17.333333333333332,3252.1359752771577,49.429591934119905,3177.9915873759783,3285.0890365665714,3441.706730769231,366.77958347123325,3304.6875,4710.9375,2.645099192307692,0.2910871070923708,1.8917507,3.0273232,4.271889092307692,0.41262914276599977,3.3241763,4.995655,28.856068431984447,3.441487705103926,20.50037083167069,32.63824419862277,3.0,0.0,3.0,3.0,1.5384615384615388,0.6476579969392353,0.3333333333333333,2.6666666666666665,2.426360176923077,0.920379277431773,1.4087129,5.0567627
767786,47.4736,4.4438,France,A,3,0.6900224832531675,7,19.090909090909093,2311.864056577899,423.43530275620674,1693.0083986477366,2692.655140983971,4088.1696428571427,885.575778520704,1921.875,4546.875,4.113853842857142,0.29274937548357866,3.5737476,4.565716,4.742197257142857,0.22659345920570642,4.381201,5.0949335,22.397159115546508,3.051183725400018,15.233069232710776,25.119462469790427,3.0,0.0,3.0,3.0,1.8571428571428572,0.5870870479018072,1.0,2.6666666666666665,1.9531613285714287,0.36971403783917217,1.4767991,2.5924313
769719,52.0395,4.7501,Netherlands,C,3,0.5242205330824257,3,13.846153846153845,3435.185030128406,106.13389487650578,3285.0890365665714,3510.2330269093236,4562.5,11.048543456039805,4546.875,4570.3125,3.8120053666666665,0.3594553407350474,3.3037615,4.0749784,4.8560314,0.31560847548565607,4.4183702,5.1507077,17.427142939737987,2.1880600959024665,15.084974534565912,20.349539748994044,3.0,0.0,3.0,3.0,2.7777777777777772,1.2570787221094177,1.0,3.6666666666666665,1.5062445333333334,0.18106033884677478,1.2877513,1.731119
770763,52.0747,4.7632,Netherlands,B,5,0.4763847334424811,48,10.827067669172932,3197.6401063889066,647.9896157563231,1434.4555808317646,4142.933441216916,4145.01953125,557.0000809647178,2062.5,4968.75,3.9760044916666666,0.469312763433547,2.9752042,5.0926266,5.02721395625,0.27632741819493245,4.3684134,5.449977,13.524995990539173,3.431524626942536,5.258071507555455,19.89992303412788,3.0,0.0,3.0,3.0,2.3333333333333335,0.9622504486493763,0.6666666666666666,4.0,1.4669784872916667,0.41869373430922435,0.88377345,2.5910628
770764,52.0747,4.7632,Netherlands,B,5,0.4762667606918216,139,7.245873153779322,3533.82827201326,405.80259347473446,1387.690780251243,4282.549167540185,4194.469424460432,466.9542666815999,1710.9375,4921.875,3.1328634330935254,0.6035618369914942,2.057444,4.9447813,4.732519618705037,0.3301217283371063,3.9714715,5.5832386,20.046044251687878,5.5185453790961905,2.187528542476995,27.909212543451066,3.0,0.0,3.0,3.0,2.134292565947242,0.8848303449504964,0.3333333333333333,4.333333333333333,1.8272873129496403,0.5427953134937687,0.6704089,3.4680364
770768,52.0747,4.7632,Netherlands,A,5,0.4802082056661806,36,13.5,3588.478890282818,151.7052586793058,3395.79564056698,3877.208470957242,4106.770833333333,439.34846361702336,3539.0625,4570.3125,2.7387574361111104,0.5274937203894744,1.5932894,3.5620239,4.747688669444444,0.33190291099167907,4.206199,5.4052467,23.798289467472483,3.679052321217184,16.165783810122733,29.006266705888905,3.0,0.0,3.0,3.0,2.4259259259259256,1.017170825545145,1.0,5.0,1.6486833655555555,0.4413583047208528,0.95622826,2.7071428
770769,52.0747,4.7632,Netherlands,B,4,0.467815468317785,15,13.043478260869566,3819.1160001429694,262.29013927588613,3177.9915873759783,4142.933441216916,4746.875,36.17449032121945,4710.9375,4851.5625,3.550652866666667,0.16064129213057962,3.2258596,3.7468293,4.847160399999999,0.3351893704466675,4.1519847,5.3406653,14.30274750344476,1.0615244915981583,12.88520308431631,17.092597332579302,3.0,0.0,3.0,3.0,2.4888888888888885,0.8332592559667855,1.0,3.6666666666666665,1.5146190666666663,0.41667960743679733,0.9331815,2.4451363
776383,48.1678,11.2493,Germany,B,4,0.6006668607977579,15,13.23529411764706,3434.5334955144344,315.05796141398935,2604.8716763839616,3750.807288950415,4418.75,324.1801558354552,3796.875,5132.8125,3.7874707666666656,0.4346468382242985,3.1035676,4.7332788,4.888861386666666,0.218653883589204,4.525451,5.210249,14.897364994224628,2.131463573536482,8.925708847425206,17.548614863440765,3.0,0.0,3.0,3.0,2.8222222222222224,1.179244369904142,1.3333333333333333,5.0,1.71628626,0.29630647797423937,1.2207712,2.2139215
777116,48.2085,11.1489,Germany,B,5,0.5263039296894683,7,9.333333333333334,3877.2084709572414,4.547473508864641e-13,3877.208470957242,3877.208470957242,4232.142857142857,293.49920090372046,3960.9375,4593.75,2.8931983857142853,0.2366262452020873,2.559167,3.3063529,4.593388285714285,0.1494069179336222,4.3944044,4.9188495,20.55549766692891,1.2788050218551168,17.982372564588726,22.028665820756935,3.0,0.0,3.0,3.0,1.8095238095238098,0.4312088161017817,1.3333333333333333,2.6666666666666665,2.110510742857143,0.23405152161495105,1.5973346,2.3641622
777118,48.2085,11.1489,Germany,B,5,0.5263039296894683,4,12.0,3783.437788201314,103.25697053481251,3628.5269219403576,3877.208470957242,3984.375,40.59494080239556,3960.9375,4054.6875,2.977175125,0.1829012517858389,2.6820726,3.1473894,4.5044277500000005,0.05645423380728387,4.4498606,4.589636,20.69004283688411,0.8239652453552079,19.26749938039856,21.243615763710963,3.0,0.0,3.0,3.0,1.9166666666666667,0.1443375672974064,1.6666666666666667,2.0,2.199534125,0.10066641655962959,2.0464478,2.3079288
78162,43.022,1.9678,France,B,5,0.8448043520650557,16,16.551724137931036,3958.8715130474784,63.25592040322404,3877.208470957242,4007.86933830162,4056.15234375,57.68955664311099,3984.375,4242.1875,2.56101579375,0.2753877741320125,1.9892949,3.037535,4.92251696875,0.3336372008595034,4.3222265,5.3955956,19.329301661865436,2.267216455989872,16.618954399946876,23.70563484479283,3.0,0.0,3.0,3.0,2.5625,1.3422553056537179,0.6666666666666666,5.0,1.691983321875,0.5448808890574208,0.98503435,2.7242427
783633,52.3087,13.7614,Germany,A,3,0.6587814363061864,3,16.363636363636363,2464.1505119760564,524.4205371430223,1933.0216536654648,3177.9915873759783,7054.6875,38.273277230987155,7007.8125,7101.5625,4.392793666666666,0.13534005581027694,4.2138886,4.541154,4.3897675000000005,0.12570316725588115,4.2131915,4.4958773,9.740682399228273,0.7642808476999394,8.67534592633646,10.431405913619049,3.0,0.0,3.0,3.0,1.111111111111111,0.31426968052735443,0.6666666666666666,1.3333333333333333,2.563868166666667,0.268944752696489,2.3712668,2.9442031
784029,43.2186,0.1177,France,B,3,0.6296378566348109,13,14.716981132075473,3344.700284874484,55.18929185599782,3285.0890365665714,3395.79564056698,4653.245192307692,817.2736665711408,3398.4375,5226.5625,3.33981313076923,0.2501294533469339,3.00787,3.7635295,4.9861816153846155,0.23903473280035412,4.5834193,5.386258,19.24670296743453,2.4061353922218895,15.558288667724607,23.86096807649979,3.0,0.0,3.0,3.0,2.41025641025641,0.979742214079118,0.6666666666666666,3.6666666666666665,1.4576924284615382,0.3728903445114108,0.92484117,2.2786844
784030,43.2186,0.1177,France,B,3,0.6296378566348109,5,10.344827586206897,3510.233026909323,4.547473508864641e-13,3510.2330269093236,3510.2330269093236,4153.125,236.89272690924895,3679.6875,4289.0625,2.96835174,0.19900194250008313,2.7947872,3.3558865,4.840294760000001,0.185445972909315,4.5090446,5.027919,15.802433862434048,1.4456540380470118,14.27261631311884,18.537163735323947,3.0,0.0,3.0,3.0,1.6666666666666667,0.6992058987801011,0.3333333333333333,2.3333333333333335,1.76963418,0.45408600523068937,1.3928249,2.6524727
784066,44.046,1.7685,France,C,3,0.8579996961735471,10,10.16949152542373,4129.427030925387,40.51923087458899,4007.86933830162,4142.933441216916,4321.875,55.660978532990235,4242.1875,4406.25,4.12021848,0.23306703134998655,3.546922,4.350486,4.0934282799999995,0.2500762215102419,3.641594,4.395282,14.353614797498476,0.7158735965480073,13.414420402198784,15.562247375962064,3.0,0.0,3.0,3.0,1.6333333333333333,0.4068851871911235,1.0,2.3333333333333335,3.0422012100000004,0.41952603216159884,2.4868572,3.5770757
784075,44.046,1.7685,France,C,3,0.8579996961735471,11,17.36842105263158,3628.5269219403576,0.0,3628.5269219403576,3628.5269219403576,4242.1875,17.309740918968664,4218.75,4265.625,2.7958399545454546,0.3625312714294297,2.3008275,3.4446,4.888934709090909,0.22673126264008303,4.379316,5.281862,19.982075904034236,2.974353078806369,15.217789786294592,23.46093906651076,3.0,0.0,3.0,3.0,3.5454545454545454,1.0077750998979327,1.6666666666666667,5.333333333333333,1.4975682545454545,0.19921496502253477,1.0609066,1.6636788
784077,44.0538,1.7715,France,C,3,0.8491835452816896,4,5.1063829787234045,4247.645235959369,60.455382881883345,4142.933441216916,4282.549167540185,4675.78125,282.4680654654832,4382.8125,4992.1875,4.83921895,0.3019577115942436,4.587627,5.3484025,4.20075365,0.31442077443294436,3.817149,4.5764813,15.146332655525006,1.1929979675317879,13.577090381400414,16.93677914366795,3.0,0.0,3.0,3.0,1.3333333333333333,0.6236095644623236,0.6666666666666666,2.3333333333333335,2.8634279250000003,0.5237767398246288,2.2911882,3.6488805
784255,43.0333,0.3163,France,B,3,0.8001668813467199,20,19.047619047619047,3404.1059145764193,462.5973578289177,1387.690780251243,3510.2330269093236,3686.71875,195.82588776847788,3562.5,4195.3125,2.752171915,0.3399966790550568,2.0944083,3.3330495,5.0540452049999995,0.17317768987552776,4.490139,5.2808867,21.59211399909816,4.027523671500249,13.741121238506317,28.358352324542302,3.0,0.0,3.0,3.0,3.45,0.6934214687571573,2.0,4.333333333333333,1.38932562,0.19987056366664804,1.130057,2.0197175
784256,43.0333,0.3163,France,B,3,0.8001668813467199,11,20.625,3600.9871079073305,592.3090207016149,1809.0389422075937,4007.86933830162,3980.1136363636365,273.1098612641649,3609.375,4640.625,2.560507336363637,0.46014098830074657,2.0742033,3.8179576,4.75347959090909,0.39172778455674706,3.7596085,5.070835,27.728705358984953,2.389232369367591,21.12184942990026,30.13058567468331,3.0,0.0,3.0,3.0,2.9090909090909087,0.9856639980176116,1.0,4.333333333333333,1.7164300363636364,0.5013950887034264,1.253653,2.8310494
784257,43.0333,0.3163,France,B,3,0.8001668813467199,14,13.77049180327869,3464.1945931970686,481.65765173402514,2358.322142798309,4007.86933830162,4901.785714285715,446.09222820874135,4171.875,5343.75,3.193009192857143,0.5744998257778305,2.4005435,4.9485683,4.608965278571428,0.400539977058394,3.4046986,5.0597134,22.935635131051587,6.422249061313387,10.860051690165433,31.593095368583658,3.0,0.0,3.0,3.0,2.523809523809524,1.219642711891971,0.3333333333333333,4.666666666666667,2.135066392857143,0.5855697009182699,1.7101032,4.128241
784258,43.0333,0.3163,France,B,3,0.8001668813467199,7,12.352941176470589,3775.322638037261,809.8043320281627,3177.9915873759783,5054.455366309282,5146.205357142857,48.288633153535564,5085.9375,5250.0,2.9917568428571433,0.1513779404140213,2.7396717,3.171744,4.605691042857143,0.22852250745827984,4.2784123,4.8530793,20.235781727905998,1.9745872885418494,17.55933111780667,22.495464148161368,3.0,0.0,3.0,3.0,2.523809523809524,0.7315376902732007,1.6666666666666667,4.0,2.3164187857142857,0.3438467997862771,1.8778585,2.866223
784259,43.4267,-0.4591,France,B,3,0.5742188348284352,16,14.76923076923077,2834.4861799683295,318.0934969104645,2207.060943421246,3877.208470957242,4291.9921875,20.084925587112433,4242.1875,4312.5,3.8245667375,0.5664637502505798,2.702182,5.303192,4.9213678,0.3023478010400172,4.3870335,5.3306394,13.383354485687146,2.3783874631742403,8.959049823347616,16.989065963378344,3.0,0.0,3.0,3.0,2.104166666666667,0.9553849573165084,0.3333333333333333,4.0,1.7855615375,0.5698470747454025,1.1655818,3.2365024
784260,43.0333,0.3163,France,B,3,0.8001668813467199,12,16.74418604651163,3491.160129185599,42.64829583814765,3395.79564056698,3510.2330269093236,4171.875,372.67344693025154,3820.3125,4710.9375,3.9579699250000004,0.26164408508903253,3.623373,4.555418,4.762043658333333,0.1733764373775238,4.4550457,4.9894066,17.75077752266319,1.8252321216823744,14.155873292761266,20.002720370367587,3.0,0.0,3.0,3.0,2.5555555555555554,0.8089010988089465,1.0,3.6666666666666665,1.8618957,0.33322842601454333,1.4218763,2.5242376
784262,43.0333,0.3163,France,B,3,0.8001668813467199,7,8.75,3883.0985622411345,206.9522063727259,3395.79564056698,4007.86933830162,4084.8214285714284,32.462141902341486,4031.25,4148.4375,2.2239597,0.35311202300434347,1.7006708,2.7997234,4.610775571428571,0.38585341866164924,4.008136,5.0732574,29.579262704169768,4.048361975933657,22.69989146072612,33.265395227182836,3.0,0.0,3.0,3.0,2.5714285714285716,1.0942024088643862,1.0,3.6666666666666665,2.0026605285714285,0.6070600368149283,1.412158,3.0216365
784685,44.5294,6.2602,France,B,3,0.7337282230717963,7,19.090909090909093,2960.3058056565887,33.92919122400591,2877.196599772457,2974.1573399706103,4125.0,12.527870714644893,4101.5625,4148.4375,3.5767802285714287,0.260063721031397,3.0178359,3.8677986,4.919390614285715,0.09959119488313098,4.80982,5.120678,18.7550769485192,1.1169113694074762,16.88882020126506,20.583720683510943,3.0,0.0,3.0,3.0,2.380952380952381,0.329914439536929,2.0,3.0,1.4277313714285713,0.13323609711164952,1.160572,1.5609097
784686,44.5308,6.2577,France,B,3,0.7489325899666932,6,18.0,3856.141607289437,47.10693923393131,3750.807288950415,3877.208470957242,3941.40625,25.012204052472065,3890.625,3960.9375,3.4523076333333336,0.0837010351913417,3.3232582,3.590679,4.879372683333334,0.18337756377912776,4.619698,5.1330256,18.33686769197818,0.6678862738103627,17.403929066939792,19.569699750278755,3.0,0.0,3.0,3.0,3.0,0.7453559924999299,2.0,4.0,1.5647553666666667,0.2749258146416027,1.251915,1.9879568
784983,44.0599,1.9522,France,C,3,0.6726788703876125,30,7.003891050583658,3488.091842736396,83.8750045051828,3177.9915873759783,3628.5269219403576,3596.875,90.92085328735097,3234.375,3679.6875,2.8246341000000004,0.4706967605789634,2.0782127,4.0282845,4.8946980133333335,0.3045080923987448,4.083345,5.313658,16.60943874883971,3.184679923094812,10.6370810855636,23.52156905025196,3.0,0.0,3.0,3.0,2.3777777777777778,0.9878271453730164,0.3333333333333333,4.666666666666667,1.714226493333333,0.5118058972284779,1.0859072,2.825139
785341,51.1474,3.4556,Belgium,C,3,0.7362853269796443,4,15.0,2692.655140983971,0.0,2692.655140983971,2692.655140983971,3503.90625,11.71875,3492.1875,3515.625,4.233262425,0.45308835711516243,3.5125165,4.7203603,5.12925425,0.04529177599280589,5.0666847,5.192361,11.017857196508718,2.1202519916539697,7.882858261074084,13.711503190732335,3.0,0.0,3.0,3.0,2.333333333333333,0.7071067811865476,1.6666666666666667,3.3333333333333335,1.442813675,0.1218567332867038,1.2487558,1.566786
785342,51.1474,3.4556,Belgium,B,3,0.7362853269796443,4,20.0,2425.3486483680817,572.60094657854,1870.0030608561433,3177.9915873759783,6808.59375,1468.9629582979833,4265.625,7734.375,5.115058875000001,0.2167071365659006,4.8194017,5.4247794,5.237425,0.07661608539334287,5.10865,5.306926,12.074188910307093,2.0414637547003665,10.069887506968204,15.337298524382948,3.0,0.0,3.0,3.0,3.7500000000000004,0.4330127018922192,3.3333333333333335,4.333333333333333,1.2547266,0.03628274195729972,1.2251046,1.3150628
785344,51.15,3.4633,Belgium,B,3,0.7308862020809628,3,25.714285714285715,5168.011210599897,80.29610754125794,5054.455366309282,5224.789132745205,5273.4375,0.0,5273.4375,5273.4375,3.714549333333333,0.026907541268862918,3.6784103,3.7429388,4.764357100000001,0.2503383865734273,4.4231935,5.0168505,17.70131401974223,0.6493931561985417,16.81394303164794,18.349930609752576,3.0,0.0,3.0,3.0,0.7777777777777778,0.41573970964154905,0.3333333333333333,1.3333333333333333,1.8039154666666668,0.07521948015566778,1.6982068,1.8670758
785385,48.3566,10.7894,Germany,C,3,0.452661454211388,24,7.826086956521738,3501.921396238237,713.2485471351036,1637.8144970715018,4007.86933830162,4756.8359375,753.698132503302,4054.6875,6960.9375,3.8092658999999998,0.6025373514626424,2.9547603,4.977966,5.048054958333333,0.2395695182590013,4.477356,5.349336,16.930960806231173,4.012131587572601,8.343066031851398,22.40562311452522,3.0,0.0,3.0,3.0,2.875,0.9851325347947407,0.6666666666666666,4.0,1.5170312875,0.3548435682946446,1.0989194,2.2757483
786167,44.0632,1.9509,France,B,3,0.6614278797827858,6,15.652173913043477,3491.1601291856,42.648295838147654,3395.79564056698,3510.2330269093236,3546.875,11.048543456039805,3539.0625,3562.5,2.6636146333333333,0.1023192131564851,2.4650526,2.7658877,4.719423333333334,0.23851838262212746,4.2909174,5.042037,21.070945654754862,0.6597870632386131,19.909850464313724,22.16059353725073,3.0,0.0,3.0,3.0,2.1666666666666665,0.6596856715021064,1.3333333333333333,3.0,1.8639889500000002,0.28323582531059843,1.409585,2.1738992
786465,44.0599,1.9522,France,B,3,0.6691159969061802,30,13.953488372093023,2808.4101418209666,41.47979485139062,2783.3968843840626,2877.196599772457,4219.53125,20.506882419385448,4171.875,4242.1875,2.545377843333333,0.3190562999576038,1.985979,3.6930106,4.565111160000001,0.28764633494510994,3.9163876,5.056772,23.724272181007862,1.4161117977263942,20.05834440684154,25.523497397162735,3.0,0.0,3.0,3.0,2.033333333333333,0.9203461506612808,0.6666666666666666,3.6666666666666665,2.315255553333333,0.5879528219538014,1.4819528,3.6672409
787101,44.0632,1.9509,France,B,3,0.6614278797827858,7,12.0,2882.161374234855,573.1482653559957,2604.8716763839616,4282.549167540185,4593.75,41.55024658255867,4546.875,4640.625,3.2522197142857148,0.07086473648875888,3.1527908,3.330903,4.590928,0.397841145644831,4.0302763,5.1956477,17.08329960140644,1.064924443301543,15.574744159976222,19.358736394775462,3.0,0.0,3.0,3.0,2.523809523809524,1.2196427118919713,0.6666666666666666,4.666666666666667,1.962533642857143,0.6189433875384839,1.1511595,3.2881403
787221,44.0599,1.9522,France,C,3,0.6854046893044342,4,3.116883116883117,3024.2714853112743,50.11414534066398,2974.1573399706103,3074.3856306519383,5472.65625,83.68861439698652,5367.1875,5601.5625,4.636711775,0.19309558596406842,4.4471445,4.9449763,4.681151475,0.1785633319445143,4.374252,4.8160095,15.195728323297818,1.9869372434313313,13.777659591216716,18.60104029478504,3.0,0.0,3.0,3.0,0.7499999999999999,0.14433756729740646,0.6666666666666666,1.0,2.2516312999999997,0.0800857230169336,2.1629808,2.3674533
787230,44.0599,1.9522,France,B,3,0.6854046893044342,8,15.483870967741934,3381.9573150669294,36.61276783469875,3285.0890365665714,3395.79564056698,4488.28125,11.71875,4476.5625,4500.0,2.50116295,0.22106737167219523,2.179504,2.8261695,4.8450130125,0.1674174121955541,4.5877337,5.075785,19.987015953154803,2.3058425446341353,16.27079118701697,23.81397427442941,3.0,0.0,3.0,3.0,1.9583333333333333,0.6959705453537527,1.0,3.0,1.6303671875,0.25377264669070637,1.2704558,2.0115414
787269,43.5848,-1.3987,France,B,3,0.5438334777009002,9,20.76923076923077,3162.103192261483,211.46474606202304,2783.3968843840626,3395.79564056698,3768.2291666666665,107.56185639616345,3632.8125,3914.0625,3.9390040555555554,0.30983494253110205,3.5754168,4.720953,4.8992773000000005,0.2275421691046982,4.4537234,5.2050433,16.381738862684543,1.2142530245156296,13.522174896702849,18.195316227207577,3.0,0.0,3.0,3.0,2.9259259259259256,1.086139133230754,1.3333333333333333,4.666666666666667,1.5454519222222223,0.27091897505782375,1.1524289,1.9581757
787342,44.046,1.7685,France,C,3,0.8793670539017544,36,14.896551724137932,3154.968041437302,43.073110365587276,3074.3856306519383,3177.9915873759783,4434.244791666667,422.0131228045253,3234.375,4640.625,2.8972508472222223,0.22456351153404672,2.623622,3.6333966,4.743633602777778,0.22617758572458854,4.329325,5.119667,22.18156067833735,2.440094146638672,11.704026163185816,24.865843665207244,3.0,0.0,3.0,3.0,2.2037037037037037,0.8061406985066265,0.6666666666666666,4.0,1.8531905055555558,0.37776184056235523,1.2637862,2.8372622
787358,44.046,1.7685,France,B,3,0.8793670539017544,16,9.142857142857142,3950.7052088384544,64.81803020272959,3877.208470957242,4007.86933830162,4051.7578125,20.084925587112433,4007.8125,4078.125,3.0537562312500004,0.3886362573402292,2.115633,3.6832569,4.577159675,0.25017621313232524,4.0310135,4.8779745,23.143008306047093,1.9871473313092785,19.105855529970167,26.989676243411225,3.0,0.0,3.0,3.0,2.229166666666667,0.8309862781324637,1.0,3.3333333333333335,2.11188705625,0.4640334101109126,1.6112626,3.114152
787365,44.046,1.7685,France,B,3,0.8793670539017544,25,8.928571428571429,3882.5443584142567,272.2504125093681,3074.3856306519383,4142.933441216916,4149.375,144.5514344013922,4007.8125,4570.3125,3.067732364,0.672951080068799,1.6904402,4.182932,4.649001432,0.21343409941389918,4.2962813,5.00731,22.364454441826002,3.44170830286872,15.03608388611933,30.254580102919807,3.0,0.0,3.0,3.0,2.3333333333333335,0.8993825042154694,0.3333333333333333,3.6666666666666665,1.977435852,0.41130760093671026,1.4151863,3.1912334
787369,44.046,1.7685,France,C,3,0.8793670539017544,8,10.0,3152.090098194968,44.8626952532049,3074.3856306519383,3177.9915873759783,4417.96875,447.77280877834687,3234.375,4617.1875,3.1267651875,0.19522845342613634,2.7016876,3.395174,4.583816975,0.18478376910094638,4.208903,4.8297358,21.90547510956494,1.541396244974607,18.98976491588095,23.92997661928016,3.0,0.0,3.0,3.0,1.5,0.44095855184409843,0.6666666666666666,2.0,2.22815005,0.4224017161600731,1.7302297,3.1698823
788240,44.0599,1.9522,France,C,3,0.6854046893044342,37,12.982456140350877,3504.148054197357,36.50983627179765,3285.0890365665714,3510.2330269093236,3616.9763513513512,28.34272464678686,3562.5,3703.125,2.643352816216216,0.42397804318200727,1.8094846,4.0986004,4.814209700000001,0.21197747795551553,4.459984,5.1477165,19.30738988847749,1.8604294964871773,12.16789112332166,22.287341200240945,3.0,0.0,3.0,3.0,2.4684684684684686,1.0147839884921601,1.0,4.333333333333333,1.7822051108108108,0.380975738044013,1.2538742,2.5687022
788242,44.0599,1.9522,France,B,3,0.6854046893044342,38,11.937172774869111,3770.5694546721606,153.45148822676748,3074.3856306519383,4007.86933830162,4093.5444078947367,19.59175185970632,4031.25,4125.0,2.5395109026315783,0.4875268582614756,1.7664863,4.0293536,4.658578189473684,0.2670704984316902,4.088373,5.043765,21.36890718738865,1.8655303734819733,16.67404162935623,24.039400973555033,3.0,0.0,3.0,3.0,2.18421052631579,1.0587904619084825,0.3333333333333333,4.333333333333333,2.0576829605263156,0.596237837461978,1.4067822,3.6083932
788919,52.5563,4.6585,Netherlands,B,5,0.5056850730925435,9,8.709677419354838,1552.823698108536,97.0740787266966,1387.690780251243,1693.0083986477366,3031.25,1812.129541882285,1781.25,7054.6875,5.610056922222222,0.11318745581590427,5.420937,5.752873,5.306696055555555,0.11759252551218378,5.081098,5.442686,5.586112432353465,1.5884772362655653,2.4510302271786055,7.002822621821457,3.0,0.0,3.0,3.0,3.962962962962963,0.656297968395161,3.0,5.0,1.1888596944444445,0.2396080922541715,0.89903975,1.7405133
78963,45.3039,5.5239,France,B,3,0.6563771592079056,3,11.25,2820.884730473321,193.5025275741842,2604.8716763839616,3074.3856306519383,5304.6875,2298.17671447117,3656.25,8554.6875,5.315613566666666,0.07106216756926441,5.24783,5.413761,4.705917666666667,0.10341687558399491,4.559821,4.784831,14.143702980852192,1.120463746142533,12.559790642986318,14.975342762232035,3.0,0.0,3.0,3.0,1.888888888888889,0.1571348402636772,1.6666666666666667,2.0,2.1232668,0.11178319372153696,1.9910634,2.2644346
78964,45.3039,5.5239,France,B,5,0.6430529535596,11,15.714285714285715,3750.8072889504156,4.547473508864641e-13,3750.807288950415,3750.807288950415,4086.6477272727275,476.7016672900436,3843.75,5109.375,2.792602709090909,0.4804186670300595,2.440025,4.2474284,4.647425363636365,0.2787190750717787,4.153384,5.0835676,24.37669629222852,1.6336372058251611,21.325697431041256,26.375286640117366,3.0,0.0,3.0,3.0,2.393939393939394,1.1531089448751786,0.6666666666666666,4.333333333333333,1.981914827272727,0.5111198848846185,1.2463696,3.0326557
78965,45.2964,5.5176,France,C,3,0.5934147744767341,12,12.203389830508476,3214.84508239304,98.4350373369271,2974.1573399706103,3285.0890365665714,4062.5,820.3311009795831,3164.0625,5062.5,3.8415283333333328,0.3470414633466039,3.3876026,4.775984,4.949280691666667,0.3360071821248331,4.02212,5.3615775,18.310177327715945,3.532397923090735,11.331532488706555,22.870327215170228,3.0,0.0,3.0,3.0,3.166666666666666,1.092906420717,0.6666666666666666,4.666666666666667,1.5565167583333335,0.42523828498957195,1.0592515,2.7300467
78966,45.2426,5.7512,France,B,4,0.819674052250034,5,16.666666666666668,3175.4667344008367,358.4318036649333,2877.196599772457,3877.208470957242,4396.875,171.33437702340998,4054.6875,4500.0,3.70468218,0.621825607668537,2.8604908,4.446235,5.04356834,0.31573047671001664,4.459876,5.3923464,14.32882645249353,3.9393237228700966,8.188667252200391,18.278315696116465,3.0,0.0,3.0,3.0,2.933333333333333,1.451436070471816,1.3333333333333333,5.0,1.5232462999999998,0.5022943086684977,1.0011983,2.4717517
78967,45.2426,5.7512,France,B,5,0.9286383192698734,6,10.0,1990.3798959009898,411.4880475514868,1637.8144970715018,2877.196599772457,5195.3125,1138.3217327221246,3656.25,6609.375,5.453789033333333,0.06373638574840021,5.3665085,5.538645,4.73400125,0.1355536374346548,4.538729,4.9271584,2.6476180185327896,1.0875622663974134,1.298142394920348,4.182008534559893,3.0,0.0,3.0,3.0,1.722222222222222,0.6211299937499416,0.6666666666666666,2.6666666666666665,2.3230565999999997,0.2726149089539064,1.9582772,2.7619374
790331,44.0515,1.9506,France,C,4,0.7596801870409371,8,3.5036496350364965,2444.9561007562215,483.02478923206104,1584.4199762742635,2783.3968843840626,4042.96875,182.67723361078004,3750.0,4359.375,4.5537655625,0.3836573943344925,4.185735,5.247017,4.209140424999999,0.21542813939609745,4.054888,4.6274467,17.740188268181363,9.841728600068954,0.3991907649105951,24.656915440307472,3.0,0.0,3.0,3.0,0.7499999999999999,0.2763853991962833,0.3333333333333333,1.3333333333333333,2.73293935,0.1963577277046856,2.328676,3.1024277
790335,46.7985,1.3043,France,B,4,0.8627158321523858,9,15.428571428571427,2931.06367766032,48.18017916261499,2877.196599772457,2974.1573399706103,3757.8125,11.048543456039805,3750.0,3773.4375,2.3749774777777777,0.4539733097969913,1.788052,3.3525655,4.5818411,0.11518918917612593,4.4182653,4.7342024,21.688285248049453,2.292996468447711,16.333569409017024,24.153551983035324,3.0,0.0,3.0,3.0,1.740740740740741,0.5616944773371519,0.6666666666666666,2.3333333333333335,2.1835564444444446,0.3248768213534071,1.8095207,2.9077673
790460,42.5619,3.039,France,B,3,0.570270808721521,13,14.716981132075473,2535.521882484,862.1478476537671,1750.062319644153,3877.208470957242,4566.7067307692305,41.97276463998612,4500.0,4640.625,3.4889184000000006,0.44373790126563717,2.9182746,4.2736883,4.934677584615385,0.2416267560717845,4.509264,5.245471,17.774587205087713,2.467030088019769,13.989287264108793,21.946115217361243,3.0,0.0,3.0,3.0,2.666666666666667,1.0294799948658837,1.0,4.666666666666667,1.6578268538461538,0.3568447017662566,1.1461562,2.1954668
790978,44.053,1.7728,France,B,3,0.8644606546166291,8,5.161290322580645,3234.700012664249,353.4149495288635,2974.1573399706103,4142.933441216916,4268.5546875,37.859906201133064,4218.75,4335.9375,3.1661406125,0.25893698554927624,2.5370479,3.48992,4.809166675,0.08225401235611181,4.6588335,4.9462647,17.82547987210995,2.0949621048746963,16.041534152939853,23.091719341237592,3.0,0.0,3.0,3.0,1.5833333333333335,0.46398036356916855,0.6666666666666666,2.3333333333333335,1.894283825,0.13668647465880404,1.6635457,2.1058283
790993,44.053,1.7728,France,B,3,0.8644606546166291,7,1.453287197231834,2713.4216851365845,201.48987911827683,2281.438294886726,2877.196599772457,4001.1160714285716,20.639779027797914,3984.375,4031.25,3.497174628571429,0.47696376207227353,3.0181537,4.0871778,4.934828242857143,0.17663945185079158,4.53469,5.0780673,13.534030116825377,1.9381493877486449,9.966822674153365,16.070523635359404,3.0,0.0,3.0,3.0,2.0952380952380953,0.4616837959444123,1.3333333333333333,2.6666666666666665,1.6746096285714285,0.3141424243648354,1.4126989,2.3547487
792451,48.1362,7.0875,France,A,4,0.8561765147108238,11,21.29032258064516,2504.3967486343054,668.9494572579077,1809.0389422075937,3877.208470957242,5147.727272727273,1589.9312767168067,2601.5625,7640.625,4.928108309090908,0.05768087322309728,4.818414,5.0018005,4.753889872727273,0.21519044287683278,4.3291645,5.0230603,12.079965247428818,2.254656718148564,8.709607495124128,16.475023516334055,3.0,0.0,3.0,3.0,1.696969696969697,0.4370365182380592,1.0,2.6666666666666665,1.8765695727272729,0.35242938155098685,1.3108432,2.5904148
792834,48.9062,16.5926,Czech Republic,B,4,0.6249951348513677,5,11.538461538461538,3014.2486562431413,49.10163399212073,2974.1573399706103,3074.3856306519383,4096.875,9.375,4078.125,4101.5625,2.88853596,0.5328881684387509,2.111312,3.497529,4.733909420000001,0.2879042359213661,4.357296,5.2200904,18.526635113398743,2.0910807195857872,16.497859247152167,21.92949109629641,3.0,0.0,3.0,3.0,1.8666666666666667,0.8589399151150084,1.0,3.3333333333333335,1.96558914,0.485603473394899,1.1999018,2.6184456
793552,42.8772,2.0787,France,B,4,0.9882058821640168,13,12.38095238095238,3391.310979644251,592.879949974102,1998.1639558540896,3877.208470957242,5426.682692307692,1498.185182887777,3937.5,7125.0,4.293373315384615,0.9211852159841127,2.5615084,5.204844,4.543901730769231,0.2830328668766644,4.1695623,5.172806,12.869328291544033,3.387247145241515,6.361485481145844,18.650074216776723,3.0,0.0,3.0,3.0,1.9743589743589745,0.5463404039144234,1.0,2.6666666666666665,2.401684584615384,0.44220669953190933,1.4920348,2.9040015
793621,42.8739,2.0676,France,C,4,0.9457619381877804,9,5.74468085106383,3110.0721330017095,98.53133891267072,2974.1573399706103,3285.0890365665714,3671.875,708.2280099392426,3140.625,4992.1875,3.9625516,0.16095702783149576,3.675076,4.223967,4.029147711111111,0.18789889969028825,3.7144468,4.2530184,24.088442673691457,1.5609816064071076,21.609607726971632,26.68464108360271,3.0,0.0,3.0,3.0,0.6666666666666666,0.0,0.6666666666666666,0.6666666666666666,2.9767045888888886,0.24151881215024065,2.7501867,3.4971743
793625,42.8703,2.0573,France,C,4,0.9433245223337794,4,6.153846153846153,2932.2698512767884,207.26840152486514,2783.3968843840626,3285.0890365665714,7353.515625,25.540423497308634,7312.5,7382.8125,4.8199878499999995,0.19590655132401133,4.54233,5.080556,4.78710805,0.12654093806761704,4.6070447,4.911088,13.530841819854206,1.2996863058334953,11.838649617938824,15.43221209507932,3.0,0.0,3.0,3.0,1.4166666666666665,0.36324157862838946,1.0,2.0,2.251603125,0.17079072550992605,2.037528,2.4998143
793973,42.8703,2.0573,France,B,4,0.9393720322458076,38,18.387096774193548,3285.089036566571,4.547473508864641e-13,3285.0890365665714,3285.0890365665714,3439.1447368421054,274.5229740894034,3328.125,4523.4375,3.633445955263157,0.32978366689190336,1.8134909,4.011141,4.798870781578948,0.36057781291444096,3.6673293,5.26048,18.118714361268182,1.7902210279026116,15.661140296331636,27.45021747551769,3.0,0.0,3.0,3.0,2.7456140350877196,1.1066894167137293,0.3333333333333333,4.333333333333333,1.685487081578947,0.6758745015469847,1.0071331,4.5931773
793976,42.8703,2.0573,France,B,4,0.9393720322458076,27,16.701030927835053,3242.2457032603706,88.64299154427893,3074.3856306519383,3395.79564056698,3743.0555555555557,426.70912919851855,3562.5,5906.25,3.586821762962963,0.18257448261367526,3.200576,4.1047587,4.834791092592592,0.39828647132699174,4.2311497,5.295624,18.79148138799115,1.9028362194550634,12.98348585600025,20.82994473219486,3.0,0.0,3.0,3.0,3.950617283950617,1.8182968191866333,1.0,6.0,1.763714225925926,0.634713163819785,1.0585546,2.914186
795227,47.4607,4.4191,France,A,4,0.7983707767935039,6,17.142857142857142,4121.915233894181,120.72815235196127,3877.208470957242,4282.549167540185,4429.6875,19.136638615493577,4406.25,4453.125,2.1548163833333334,0.26180248217142266,1.7916228,2.6208634,4.53722475,0.12341759675684755,4.350533,4.7449665,22.71891890723923,0.8651844469201453,21.043660573150945,23.648904197406164,3.0,0.0,3.0,3.0,2.2777777777777777,0.5241100628920335,1.6666666666666667,3.0,2.2769251333333336,0.20309883699278594,1.9602312,2.5281932
795763,43.3996,3.6759,France,A,4,0.3816794244948821,10,12.5,3851.928234555877,50.56047280273069,3750.807288950415,3877.208470957242,4014.84375,37.86444005016448,3960.9375,4101.5625,2.96860817,0.18851608637183753,2.6971726,3.2316582,4.67612576,0.31537487796348085,3.9303505,5.056451,25.66780399631075,1.091132716864201,23.700072311982915,27.289901859036743,3.0,0.0,3.0,3.0,2.9,0.989388138643722,0.6666666666666666,4.333333333333333,1.97009449,0.5626774769069266,1.3793174,3.437626
795784,43.3996,3.6759,France,A,4,0.3816794244948821,49,13.243243243243242,2807.773496411748,280.7597745835704,2065.501535848521,3177.9915873759783,4136.001275510204,1098.7460130794284,3023.4375,7875.0,4.634583834693877,0.5909286803230546,3.534844,5.4145427,4.460018183673469,0.3346872698961807,3.4716697,5.196659,11.120621809146327,4.03017268789837,1.0531650937911046,22.83065477768037,3.0,0.0,3.0,3.0,1.5782312925170068,0.6163880974190092,0.3333333333333333,3.0,2.4693293000000005,0.564766177443655,1.372638,4.332421
796011,52.3803,14.5014,Germany,B,4,0.5292290710948367,3,16.363636363636363,3395.7956405669806,4.547473508864641e-13,3395.79564056698,3395.79564056698,4125.0,33.14563036811941,4078.125,4148.4375,3.615543133333333,0.23765363827197963,3.285455,3.8353617,4.843804333333334,0.1315723291104764,4.659417,4.957629,18.238779947151123,1.3936690676923358,16.564990898398968,19.97694738833523,3.0,0.0,3.0,3.0,3.0,0.4714045207910317,2.3333333333333335,3.3333333333333335,1.5607848333333332,0.030119521495793364,1.5188118,1.5880544
797614,43.6448,1.3155,France,B,5,0.6072005287550265,15,17.307692307692307,3005.7076563346245,370.1635862572929,2281.438294886726,3285.0890365665714,3996.875,607.8627067952928,3539.0625,4875.0,3.5032472333333335,0.2187843820271081,3.2522862,4.1020994,4.974877926666666,0.15732783345468765,4.711509,5.232111,16.60905078764435,2.476792895274169,10.382725319305136,20.475565538537683,3.0,0.0,3.0,3.0,3.8222222222222224,0.7969076034240493,2.6666666666666665,5.666666666666667,1.56011236,0.24807258422580222,1.1431842,2.041596
798048,51.1403,4.9922,Belgium,A,3,0.6413688608711727,24,6.990291262135922,3112.2046336866765,145.89556504790264,2604.8716763839616,3285.0890365665714,4125.9765625,428.57522054538725,3304.6875,4453.125,2.8280226791666667,0.45600047190135024,2.1384184,4.3275466,4.865220625,0.16273558740739336,4.5610576,5.2082887,19.295424866647668,4.229894032735547,11.88229145280066,27.625143830699873,3.0,0.0,3.0,3.0,2.0972222222222223,0.6699859497329076,1.0,3.6666666666666665,1.6922386208333335,0.2689317996315143,1.1963329,2.2884073
798049,51.1403,4.9922,Belgium,A,3,0.6387417361312921,35,14.788732394366196,2877.2399672510737,246.41378351732945,2783.3968843840626,4282.549167540185,4426.339285714285,29.18905542549558,4382.8125,4523.4375,2.8199442342857144,0.3050038816350516,2.2818737,3.5814028,4.390456457142857,0.35392874192894114,3.4899611,5.10163,23.64797824138219,1.53620460688383,21.24208738107881,30.95821324510515,3.0,0.0,3.0,3.0,2.323809523809524,1.0585576118884956,0.3333333333333333,5.333333333333333,2.4294606571428567,0.6813876182875318,1.4101328,4.8370957
798050,51.1403,4.9922,Belgium,A,3,0.6387417361312921,21,14.318181818181817,2771.1667740299054,71.87412442919094,2692.655140983971,2974.1573399706103,4573.660714285715,18.134014296062414,4523.4375,4617.1875,3.97679599047619,0.1677068723943369,3.390074,4.140715,4.872273433333334,0.3838573804581795,3.7369285,5.198271,14.223693276790303,0.8485893194118715,13.376985450578186,17.364188154364157,3.0,0.0,3.0,3.0,3.9365079365079354,1.4533997640964567,0.6666666666666666,5.333333333333333,1.8659811857142858,0.6687985973641436,1.3361607,4.117812
798517,49.4238,8.7064,Germany,A,5,0.8385985085329872,4,10.0,3351.973920125107,274.1128137107317,2877.196599772457,3510.2330269093236,3814.453125,19.433348380988672,3796.875,3843.75,2.897507725,0.1409555221952898,2.6902142,3.0830824,4.87737985,0.3065768588240189,4.4120593,5.256626,15.844165907301655,0.5077249496616256,15.22320113700033,16.63816811098818,3.0,0.0,3.0,3.0,2.0,0.7071067811865476,1.0,3.0,1.4726520500000002,0.4006615479467584,1.0174963,2.1139092
798960,52.6222,13.3655,Germany,B,4,0.7338375870490673,8,18.46153846153846,3416.7988002244224,207.36182017955718,2877.196599772457,3510.2330269093236,3603.515625,28.100575331910466,3539.0625,3632.8125,3.5172557749999998,0.40019369800204807,2.8023756,4.0594735,4.7401604875,0.2174585719014914,4.35144,5.1028237,16.96002629216335,2.337249993880976,12.713710224644704,19.54202482606682,3.0,0.0,3.0,3.0,1.6666666666666667,0.6454972243679028,1.0,2.6666666666666665,1.9871648874999999,0.37836364005215417,1.4122344,2.6571753
799282,47.4205,4.4503,France,A,5,0.7224518610809806,3,12.857142857142858,4142.933441216916,0.0,4142.933441216916,4142.933441216916,4257.8125,39.836089949943634,4218.75,4312.5,3.201366333333333,0.21606171512197359,2.8990808,3.3911302,4.606138966666666,0.38170211125606224,4.068908,4.9203825,23.22037753980548,1.1244549721512653,22.40518912297047,24.810426550905554,3.0,0.0,3.0,3.0,1.5555555555555556,0.8748897637790902,0.3333333333333333,2.3333333333333335,2.3907297333333335,0.9238323749116912,1.6192143,3.6895988
799872,48.3566,10.7894,Germany,C,5,0.4996352176113688,175,12.138728323699423,3148.1235271387523,789.1381811524334,1750.062319644153,4142.933441216916,4014.6428571428573,375.62783858311474,3492.1875,4593.75,3.113104893714285,0.5249401582705898,1.8181385,4.7667766,4.877460008571428,0.19402981047672851,4.4520907,5.3204308,17.94232357052976,3.0279676421534947,7.715089029408987,24.082377483279412,3.0,0.0,3.0,3.0,2.078095238095238,0.7949819946905,0.6666666666666666,4.333333333333333,1.750655672,0.3506915380286627,1.0974598,2.8495605
799881,48.3566,10.7894,Germany,C,5,0.4996352176113688,53,14.133333333333333,3522.469324615324,439.7292277720641,1693.0083986477366,3750.807288950415,4224.498820754717,353.3388395967746,3750.0,4617.1875,3.1020093471698114,0.6415773204455717,2.2140107,5.2902727,4.752942467924528,0.24423181275509445,4.275757,5.4755726,20.118621511568033,4.168947609765295,6.856313710473464,25.600905449851847,3.0,0.0,3.0,3.0,1.849056603773585,0.6395951213290161,0.6666666666666666,3.3333333333333335,1.9345033196226418,0.4175942414673842,0.9006286,2.720816
800571,42.9902,9.4479,France,B,5,0.7871313740220697,8,7.2727272727272725,3309.204644307306,259.5265259775422,2974.1573399706103,3510.2330269093236,4959.9609375,1229.7954352000843,3914.0625,6562.5,4.2494700750000005,0.2757425483380139,3.7254727,4.619265,4.5781114125,0.11316672534682443,4.421666,4.7261114,18.050088835451056,1.8675029485305195,14.93561837073653,21.4198154670984,3.0,0.0,3.0,3.0,1.5416666666666667,0.40611643103370687,1.0,2.3333333333333335,2.29807465,0.15536722600769123,2.0842803,2.5268989
801201,43.178,0.3973,France,B,5,0.8509554717953484,8,8.0,3436.125621519237,406.4462740559185,2604.8716763839616,3750.807288950415,4163.0859375,74.97939780509606,4078.125,4289.0625,3.3126015,0.37841678283412594,2.4971132,3.8472013,4.8450207875,0.37697989139425736,4.307182,5.4031634,17.342816336415982,4.811374629086254,10.40088310818845,23.88013133902197,3.0,0.0,3.0,3.0,2.4583333333333335,1.4135996211406145,1.0,5.666666666666667,1.6686919062499999,0.5237959013951179,0.89825785,2.3690796
801209,43.178,0.3973,France,B,5,0.8509554717953484,4,5.714285714285714,3510.2330269093236,0.0,3510.2330269093236,3510.2330269093236,4570.3125,16.572815184059706,4546.875,4593.75,2.6362140500000004,0.35047259950005727,2.2386453,3.1967747,5.145250750000001,0.11441192978307602,5.014475,5.277878,16.393638464539684,2.9038770459948404,11.755784640633324,19.66582111642376,3.0,0.0,3.0,3.0,2.8333333333333335,0.37267799624996495,2.3333333333333335,3.3333333333333335,1.2200659,0.11977829384558789,1.0967171,1.3432719
801249,43.3807,-0.6077,France,A,5,0.4992650090893022,27,18.202247191011235,3185.9247317604663,28.047900952018562,3177.9915873759783,3285.0890365665714,3559.8958333333335,571.2333224528796,3257.8125,4781.25,2.5834726888888895,0.16423768147441486,2.24199,3.0292516,4.142722351851852,0.30365701131954836,3.532836,4.6778145,27.991662788662357,1.8350834923671888,24.28648793310253,31.67560049584875,3.0,0.0,3.0,3.0,1.641975308641975,0.5587016542708525,0.6666666666666666,3.0,2.6074710333333337,0.5609558509287663,1.7672572,3.8309813
801512,42.8954,1.7949,France,B,5,0.9119227664069794,13,11.470588235294118,3704.727335868878,103.75562068153123,3628.5269219403576,3877.208470957242,4058.293269230769,400.4839435648506,3726.5625,4664.0625,2.9272848846153843,0.5367450311670479,2.1481175,3.998558,4.858509546153846,0.20692173623263616,4.591802,5.1901727,19.561876716866657,2.7078383710948906,16.338740711284093,24.477923401088812,3.0,0.0,3.0,3.0,2.3589743589743586,0.9824227723419496,0.6666666666666666,4.0,1.7095242000000002,0.3635764578569875,1.1871736,2.4963582
801873,47.7976,-0.7484,France,A,5,0.7819423694326887,20,20.0,3254.874306662348,510.89598079980607,1693.0083986477366,3750.807288950415,5612.109375,1730.3554826785007,3914.0625,7593.75,4.74975131,0.49183231171033476,3.6924527,5.425333,4.966195064999999,0.18946024911568463,4.7373657,5.363598,11.37221543115565,3.6980460071320245,5.569854141417426,18.55656117716422,3.0,0.0,3.0,3.0,2.3833333333333337,0.8318319808978519,1.3333333333333333,4.333333333333333,1.8074148599999997,0.32153758814772404,1.1436894,2.2512443
804299,47.4593,4.4201,France,A,5,0.7844885113961904,14,19.090909090909093,2932.602737028544,47.98312238933935,2877.196599772457,2974.1573399706103,5246.651785714285,35.27562640464087,5179.6875,5296.875,2.691478935714286,0.319989467537439,2.123017,3.2110121,4.327535314285714,0.1518394589294461,4.0913653,4.586876,23.43504451389503,1.8297548102177321,19.881405115779724,26.34591190385208,3.0,0.0,3.0,3.0,1.4047619047619047,0.28670463282838804,1.0,2.3333333333333335,2.568903607142857,0.26899089927343656,2.0089402,3.0000587
805377,52.5769,12.5703,Germany,C,5,0.7509265951018885,3,18.0,3472.0872314618755,53.94630126929055,3395.79564056698,3510.2330269093236,4476.5625,19.136638615493577,4453.125,4500.0,3.5750004,0.09579292914723228,3.4421263,3.6643019,4.972448866666667,0.12371427658076577,4.8451166,5.140027,16.705514825572365,1.2017889582959136,15.497335589076275,18.34482048397713,3.0,0.0,3.0,3.0,3.4444444444444446,0.8748897637790903,2.6666666666666665,4.666666666666667,1.5872723999999998,0.18761778011691754,1.3232944,1.7424424
805512,42.8806,2.1026,France,B,4,0.9509691175406382,7,8.571428571428571,2897.0439260903217,192.47674530042858,2692.655140983971,3285.0890365665714,5219.866071428572,1099.0816206999639,3398.4375,7476.5625,4.1276319571428575,0.37804046895623244,3.7734637,4.9152293,4.474208314285715,0.3116775067483899,4.171859,5.1820917,19.14604751741967,4.723460743186516,8.115467719670155,23.23623158066191,3.0,0.0,3.0,3.0,1.3333333333333335,0.47140452079103173,0.6666666666666666,2.3333333333333335,2.644239628571428,0.5627502250146577,1.5380857,3.1234086
805658,48.6367,9.2571,Germany,B,4,0.5508127287560819,4,20.0,4007.86933830162,0.0,4007.86933830162,4007.86933830162,4265.625,16.572815184059706,4242.1875,4289.0625,3.5214576,0.09951772551035824,3.378197,3.646968,5.08128275,0.14837531910701163,4.8626738,5.2611732,18.971942293754054,1.8458641196793946,16.445219003932863,21.620743293827783,3.0,0.0,3.0,3.0,3.3333333333333335,0.816496580927726,2.0,4.0,1.3558176,0.2314783328430223,1.0980625,1.7159135
80642,50.835,4.372,Belgium,B,5,0.1607255084152275,14,9.767441860465116,2205.1001662221906,470.10247484191683,1693.0083986477366,3177.9915873759783,5476.004464285715,968.932083828164,3703.125,6187.5,5.453270421428572,0.07936770314085291,5.235198,5.5780683,5.265276692857142,0.08492098442476195,5.112839,5.4014416,3.204004195164169,1.082489071391283,2.122835292100126,5.4672007651798245,3.0,0.0,3.0,3.0,4.6190476190476195,0.6023386019368342,3.3333333333333335,5.666666666666667,1.1969671785714286,0.11619752278314827,1.0199283,1.4298313
811564,52.1425,5.1913,Netherlands,B,5,0.4570035703927581,22,14.347826086956523,3097.932438998311,43.41816927534771,3074.3856306519383,3177.9915873759783,4093.0397727272725,19.411435182835863,4078.125,4125.0,2.5959438727272732,0.2935771148972124,2.1998668,3.4056115,4.640498836363636,0.2518305067474578,4.058732,5.0132685,18.814724650171694,1.2299003680444827,16.025361285894554,21.641128531153583,3.0,0.0,3.0,3.0,1.5606060606060608,0.5162643950727522,0.6666666666666666,2.3333333333333335,1.969084572727273,0.4207110369395108,1.4063427,3.1629782
815294,52.243,5.187,Netherlands,B,3,0.53728444920967,8,14.545454545454545,3368.118989566878,47.93736571552898,3285.0890365665714,3395.79564056698,4321.2890625,16.31180965672858,4289.0625,4335.9375,2.1716650125,0.1799743807676626,1.7318927,2.3326042,4.5764062125,0.22923213153860242,4.142619,4.844219,29.21860710727349,0.952142577687129,27.441846608066484,30.817864388354128,3.0,0.0,3.0,3.0,2.375,0.5877806658194118,1.3333333333333333,3.0,1.9215202,0.30079102683507275,1.5465521,2.5021975
830563,46.5926,0.2079,France,B,3,0.8506117688634734,8,11.707317073170731,2945.478972570464,554.2954756527973,2207.060943421246,3395.79564056698,4514.6484375,462.69588961551176,3656.25,4781.25,3.9517661,0.1715923880070078,3.7931452,4.2646346,4.931709462500001,0.138401729469179,4.796674,5.2063665,15.106465395868767,0.6437442115425563,14.21741825972656,16.173419989807112,3.0,0.0,3.0,3.0,3.0833333333333335,0.49300664859163473,2.6666666666666665,4.0,1.4505336624999998,0.18077754152360115,1.1304188,1.6500922
841519,47.0661,0.3026,France,A,5,0.7360983378835144,19,12.954545454545453,3274.9429684503175,91.42137121602784,3074.3856306519383,3395.79564056698,3778.371710526316,166.52503648703492,3609.375,4335.9375,4.0933712842105265,0.205342599097468,3.6141162,4.440844,4.756071442105264,0.2665555856115041,4.0125923,5.1838703,15.973277223286217,0.7161179467073748,14.450409564660772,17.221043680008773,3.0,0.0,3.0,3.0,2.8070175438596494,0.9989221645955619,1.0,5.0,1.7205372315789473,0.3512966373229866,1.1628717,2.780676
842245,47.9984,10.9503,Germany,A,4,0.713818288726054,26,18.352941176470587,3642.003410487274,171.93240580037286,3285.0890365665714,3750.807288950415,3887.019230769231,12.490751016121711,3867.1875,3914.0625,2.507727092307692,0.39351759839892403,1.6121472,3.044523,4.485340311538462,0.3100022301394426,3.6802778,4.950915,21.081627793663227,1.2056052081731126,19.679075030454413,24.80830457915308,3.0,0.0,3.0,3.0,2.128205128205128,0.6275506795138676,1.0,3.3333333333333335,2.048371653846154,0.4663339548848659,1.4136372,3.3829978
843474,51.9363,5.9001,Netherlands,A,4,0.5493164848189381,12,7.912087912087912,3475.7990976845213,165.3529855566739,3074.3856306519383,3628.5269219403576,4736.328125,244.78041169826452,3937.5,4898.4375,3.6569861583333334,0.3094217523873833,3.347565,4.5541434,4.784247608333334,0.3464235901699765,4.259842,5.241581,17.981331339239834,2.0349501170668933,12.735306173675069,21.249387469043743,3.0,0.0,3.0,3.0,2.138888888888889,1.0754700379225521,0.6666666666666666,4.0,1.9355944416666666,0.6017294535739109,1.1688862,3.1719306
843484,51.9363,5.9001,Netherlands,A,3,0.5088080136011465,15,16.9811320754717,3679.836255166922,684.8402693961967,2065.501535848521,4142.933441216916,4312.5,382.92409087833585,3492.1875,5203.125,3.09332758,0.9099731073656043,1.9898077,4.9692726,4.156479146666667,0.3230164351948093,3.3195977,4.5943584,21.16529754312859,6.116778003726401,6.077048597346244,27.277879395064364,3.0,0.0,3.0,3.0,1.3111111111111111,0.47868131618973375,0.3333333333333333,2.3333333333333335,2.9052177133333337,0.7284874618535604,2.229693,5.226416
843489,51.9363,5.9001,Netherlands,A,3,0.5088080136011465,5,10.714285714285714,3441.570595103917,56.06264080729719,3395.79564056698,3510.2330269093236,3628.125,86.94017339527223,3492.1875,3750.0,3.17382468,0.13647990630986526,2.980845,3.3875856,3.7761709600000004,0.038040510920259736,3.7303278,3.8322823,27.849560739261484,1.407808484681995,25.836344158480102,29.79977380618836,3.0,0.0,3.0,3.0,0.6666666666666666,0.0,0.6666666666666666,0.6666666666666666,3.02551348,0.1351976326730819,2.8489325,3.254371
846066,43.6207,3.8725,France,C,5,0.2681778462855277,3,9.0,2006.691562263228,362.9285554134316,1750.062319644153,2519.9500475013783,5718.75,38.273277230987155,5671.875,5765.625,5.2935669999999995,0.2014840468293373,5.0876713,5.567099,5.4583203000000005,0.02154436892508101,5.428009,5.4761515,2.907577318312431,0.15324831209919715,2.731228897509593,3.10485466158426,3.0,0.0,3.0,3.0,5.0,0.0,5.0,5.0,0.9102724000000001,0.03466828947813836,0.8670539,0.9519305
855469,46.6044,0.18,France,B,6,0.8857613896257627,13,15.0,3195.2519822348213,727.8892335823555,2207.060943421246,4730.26599157077,4813.701923076923,32.551929240266446,4757.8125,4898.4375,4.128952323076924,0.5741604261025313,3.4120638,5.3332963,4.921487038461539,0.20262913558818027,4.517979,5.3570786,13.125694261327858,3.309778624784359,5.693060900330863,18.03115993320319,3.0,0.0,3.0,3.0,1.7948717948717952,0.4985185152621432,1.0,2.3333333333333335,1.8176776538461539,0.3542498797307838,1.1364127,2.5050316
865022,44.1736,1.6818,France,B,4,0.8260302666629672,5,9.375,3465.229374110124,92.90268882423074,3395.79564056698,3628.5269219403576,3735.9375,11.481983169296146,3726.5625,3750.0,2.0103865999999995,0.43570326631001055,1.4763483,2.5600262,5.09660576,0.06983994719363977,4.998387,5.156622,15.86329357358685,3.052302117056495,13.558446695122164,21.800720001919476,3.0,0.0,3.0,3.0,2.933333333333333,0.5734883511361751,2.3333333333333335,4.0,1.32305192,0.09745335455992063,1.1991776,1.4843858
870733,50.4357,5.7941,Belgium,A,4,0.8515098832764716,6,18.0,3877.9184185135,74.21421350243749,3750.807288950415,4007.86933830162,4199.21875,522.7519998243072,3937.5,5367.1875,2.4309868,0.3578919510984752,1.9028773,2.7857525,4.308942116666667,0.41486231596798234,3.6753051,4.923463,25.972943194538516,2.1132179693511577,21.96627183187822,28.124042489826007,3.0,0.0,3.0,3.0,1.8333333333333333,0.9953596037316065,0.6666666666666666,3.6666666666666665,2.5998859666666667,1.0119643715873774,1.5439473,4.584085
877604,50.9948,7.6842,Germany,C,3,0.6751012970960628,11,12.692307692307692,2803.48926903299,449.7147384442589,1387.690780251243,2974.1573399706103,4075.994318181818,15.657249776312929,4054.6875,4101.5625,3.7792208727272727,0.42862594754476474,3.0952466,4.580426,5.394171781818182,0.06326272781016708,5.29687,5.490167,9.112979350241424,1.651011162200168,7.62763194819124,13.905643852580909,3.0,0.0,3.0,3.0,2.9090909090909087,0.7397912494384061,1.6666666666666667,4.333333333333333,0.9704984354545453,0.13429062644175627,0.77300406,1.161739
880597,47.2216,9.7063,Austria,B,3,0.8253957682455735,7,7.118644067796611,2006.6260070369194,419.6657691545667,1693.0083986477366,2974.1573399706103,6539.0625,677.2006537551692,5835.9375,7382.8125,4.454939914285714,0.2985613124195835,3.839896,4.808449,4.907753428571428,0.20011403738691944,4.459609,5.1033573,16.179403912023353,2.813106524594232,11.804143289964792,20.47839436512269,3.0,0.0,3.0,3.0,1.8095238095238098,0.24281045302822787,1.3333333333333333,2.0,1.561548142857143,0.0785112426563748,1.4499589,1.6688387
880664,44.0485,1.947,France,C,3,0.7710727707655132,16,16.551724137931036,3434.985314105681,1004.0163280481878,1870.0030608561433,7040.7412152673605,7218.75,64.18623720763665,7101.5625,7312.5,3.4404105250000003,0.5296765931571105,2.504103,4.408202,4.2202918875,0.2571833943719925,3.453848,4.5518746,20.607428550533356,2.3514461999429583,16.467999522675576,23.55139986821971,3.0,0.0,3.0,3.0,1.1458333333333333,0.4077163706412693,0.3333333333333333,2.0,2.9019608375,0.5901502576596689,2.131956,4.8476124
880732,46.8447,-2.0855,France,A,4,0.7094547167692595,7,5.675675675675675,3395.7956405669797,4.547473508864641e-13,3395.79564056698,3395.79564056698,3622.7678571428573,21.175966474341827,3585.9375,3656.25,2.985517285714286,0.2825003647886466,2.6325486,3.3822749,4.781283828571429,0.27077287394057103,4.446607,5.0984726,16.212413357099734,0.5206542540267958,15.274174767944007,16.820841564620128,3.0,0.0,3.0,3.0,2.3333333333333335,0.5345224838248487,1.6666666666666667,3.0,1.4860672000000001,0.27255053613763874,1.1803114,1.8945206
880828,50.4703,3.7077,Belgium,B,3,0.6980416484485287,7,20.0,4224.643353742623,141.8396969446441,3877.208470957242,4282.549167540185,4446.428571428572,10.587983237170913,4429.6875,4453.125,2.7971953999999997,0.6341020707067886,2.2282076,4.295521,4.925568771428571,0.0953549605754012,4.7674913,5.0725045,17.258403732979776,1.6859377767844472,13.748258467286329,18.873321604547115,3.0,0.0,3.0,3.0,2.857142857142857,1.124858267715973,0.6666666666666666,4.333333333333333,1.7422294285714286,0.3433634242239543,1.3834561,2.4920623
881388,49.1065,-0.3934,France,B,3,0.735054114333688,3,15.0,2478.932276541423,430.57797767366696,1870.0030608561433,2783.3968843840626,4265.625,166.82934768798924,4125.0,4500.0,4.6147651666666665,0.3295882962872955,4.1630845,4.9402604,4.885866433333334,0.10464810274134086,4.7655616,5.020664,17.772426735107956,1.2470086141545054,16.027680276528702,18.86715232467216,3.0,0.0,3.0,3.0,2.3333333333333335,0.9813067629253163,1.3333333333333333,3.6666666666666665,1.7203568666666664,0.23773193644569968,1.4395862,2.0209002
881418,51.6998,14.1113,Germany,B,3,0.4896159716749637,32,13.617021276595745,3135.2132842084247,1037.3402722965743,2207.060943421246,5224.789132745205,5881.34765625,828.494439400503,5250.0,7148.4375,3.319350471875,0.37976311743717633,2.6855798,4.2776856,4.6283295625,0.20727734123431954,4.087219,4.943738,25.917262141148854,4.046041290071817,17.11290810261869,33.166261147774144,3.0,0.0,3.0,3.0,1.6041666666666667,0.5030290194854016,0.6666666666666666,2.3333333333333335,1.8933159000000002,0.2992635834293815,1.4347217,2.7598696
881427,52.0747,4.7632,Netherlands,A,5,0.485539694514622,49,16.99421965317919,3219.164818063058,290.93130614004366,2877.196599772457,3628.5269219403576,4365.114795918367,288.2394667114679,4007.8125,4710.9375,3.515631006122449,0.21526774087487427,3.0260751,3.8910131,4.81839757755102,0.3400650371182015,4.1122093,5.380346,17.78355904535523,2.223105142321809,14.455167465112124,20.8770110477224,3.0,0.0,3.0,3.0,2.333333333333333,0.9499970163457143,0.3333333333333333,4.0,1.6954797020408163,0.5050507739998302,0.9718005,3.1012905
881936,44.0599,1.9522,France,B,3,0.7153354163325906,10,7.317073170731708,3061.8645340702597,222.264840040017,2877.196599772457,3395.79564056698,4572.65625,817.5253991897209,3515.625,6375.0,3.2949750100000004,0.7221111564857746,2.0162222,3.8868642,4.419770260000001,0.4102120037998674,3.5935001,5.071923,22.965618825095508,5.7466920442183085,17.839188595412296,32.61728431281649,3.0,0.0,3.0,3.0,2.166666666666667,0.9689627902499088,0.6666666666666666,4.0,2.3009407299999998,0.7568241942982213,1.372138,4.123483
881937,44.0599,1.9522,France,B,3,0.7153354163325906,7,11.666666666666668,2877.6481747452794,50.98787573955349,2783.3968843840626,2974.1573399706103,5042.410714285715,620.7845724014352,4757.8125,6562.5,3.650474499999999,0.10691884555043206,3.524917,3.8211222,4.3565934,0.43595846417899875,3.8447227,5.0204606,19.633623487713106,1.1014873149610294,18.492102610603872,21.640539282020967,3.0,0.0,3.0,3.0,2.238095238095238,1.2046772038736682,1.0,4.333333333333333,2.3739626428571428,0.6573514969704866,1.4434417,3.3049598
883339,51.9892,4.4694,Netherlands,B,3,0.2222471505733355,12,17.5609756097561,3773.54927391984,1015.2553822483222,1482.796342429293,4282.549167540185,4361.328125,36.382687519916324,4289.0625,4406.25,3.2573465833333337,0.20739801513688935,3.0913682,3.808636,4.881573616666667,0.363143391149001,4.1680984,5.363296,21.709341991327207,3.348279271648444,12.492419477025376,24.792512630164524,3.0,0.0,3.0,3.0,3.0555555555555554,1.1693091766582884,1.0,4.666666666666667,1.5308616783333333,0.42432892318854504,0.93623394,2.246425
883369,50.7756,3.0142,Belgium,B,3,0.4240378954284372,3,4.5,2680.88293626095,670.0854884245566,2207.060943421246,3628.5269219403576,4593.75,764.7475839697044,3750.0,5601.5625,4.070062233333334,0.4738584620449888,3.552495,4.6975,4.920749866666667,0.10604503431408537,4.818615,5.0669208,13.636533159326568,5.615221281485422,5.715001321078717,18.080067202697933,3.0,0.0,3.0,3.0,2.0,0.0,2.0,2.0,1.6849417666666666,0.04131200266866216,1.6338102,1.734986
884004,44.0624,1.9482,France,B,3,0.7101133490475978,10,15.0,3727.5874600474344,108.3063306902711,3628.5269219403576,3877.208470957242,4312.5,305.40780242366105,4171.875,5226.5625,3.06176999,0.2632018538701331,2.3706782,3.2929175,4.52508641,0.3331115079219074,3.8571095,4.957149,21.265757909047426,1.1920551057039215,19.527880592106165,23.35363749972825,3.0,0.0,3.0,3.0,2.4,1.0519822558706333,0.3333333333333333,3.6666666666666665,2.26816995,0.7812083848721162,1.5544102,4.29949
884515,45.2199,0.429,France,B,3,0.6686915167008414,21,14.157303370786517,3095.900369560413,112.59921519285709,2877.196599772457,3285.0890365665714,3620.535714285714,376.9910207833544,3304.6875,4242.1875,3.2071030285714284,0.34992438431508677,2.727497,4.43257,4.841573090476191,0.23021252677075207,4.2449813,5.1714067,16.853898612522336,1.8471075808681243,13.0933788775227,20.16506064231437,3.0,0.0,3.0,3.0,3.079365079365079,1.2080188946311394,0.3333333333333333,4.666666666666667,1.8105293142857144,0.4450523148789378,1.2822261,2.9881477
891891,48.7411,2.7606,France,B,3,0.560750342200717,52,12.839506172839506,3938.380272189961,216.4367162922621,3285.0890365665714,4282.549167540185,4331.430288461538,75.81231634617531,4171.875,4500.0,3.2051414192307695,0.2888900969317085,2.668433,3.9092884,4.863796288461538,0.34372341217250574,3.9475813,5.3158836,18.944278136885966,2.2450503107139017,14.280872025130174,24.29007996422659,3.0,0.0,3.0,3.0,3.0576923076923084,1.3708210058617314,0.3333333333333333,5.0,1.7889772538461535,0.697009585705611,1.0992533,4.0891943
892636,47.6979,-2.1806,France,B,4,0.7575491469030712,4,12.631578947368421,3351.973920125107,274.1128137107317,2877.196599772457,3510.2330269093236,3878.90625,60.89241120359334,3843.75,3984.375,2.8123838,0.3172319766934206,2.5242567,3.3270223,4.942162150000001,0.12501959634470294,4.7498426,5.0800695,19.10172222880012,4.078223088327487,12.361351886909016,23.04189305893843,3.0,0.0,3.0,3.0,3.25,0.49300664859163473,2.6666666666666665,4.0,1.59427565,0.1627877570718618,1.4479188,1.8448756
892685,47.6992,-2.1856,France,B,3,0.7630873641513211,6,6.545454545454546,3480.3641035780333,246.33319404698466,3177.9915873759783,3877.208470957242,4156.25,22.09708691207961,4125.0,4171.875,4.995903383333334,0.2576845091067137,4.480253,5.290725,4.914370633333333,0.20857105523133415,4.570798,5.169513,10.791703201843662,2.023868276665009,8.533795426751524,13.673651923822062,3.0,0.0,3.0,3.0,1.2777777777777777,0.4874980215217846,1.0,2.3333333333333335,2.0010267999999996,0.3427690250031013,1.5867181,2.6049998
892687,47.6979,-2.1806,France,B,3,0.7575356998213217,5,5.172413793103448,3330.839665597085,113.0929103847398,3177.9915873759783,3510.2330269093236,3815.625,58.17034521558214,3750.0,3914.0625,4.21618646,0.29082286761336096,3.9384367,4.6697154,5.167920179999999,0.08876105940927927,5.066432,5.2751493,11.443239254285327,1.9040490157190948,8.575262622284194,14.395286117980584,3.0,0.0,3.0,3.0,2.666666666666667,0.36514837167011077,2.3333333333333335,3.3333333333333335,1.2937691399999998,0.11130592762309828,1.1482964,1.3929896
892721,47.6986,-2.1854,France,B,3,0.7639791045362736,3,4.615384615384615,4052.8907059400517,63.669828710855995,4007.86933830162,4142.933441216916,4187.5,11.048543456039805,4171.875,4195.3125,2.5007045666666663,0.22948864558544546,2.2709832,2.8141065,4.738958433333333,0.39420782167662377,4.1814976,5.022959,25.144889307385757,2.0594070608782653,23.638141539072457,28.05673939840804,3.0,0.0,3.0,3.0,2.222222222222222,0.6849348892187752,1.3333333333333333,3.0,1.8049322000000003,0.4541956809193809,1.4255755,2.4435058
894261,46.0252,-0.9816,France,B,4,0.8169031191383102,14,16.8,3067.226467031843,25.81273152168839,2974.1573399706103,3074.3856306519383,4960.379464285715,505.45007042890796,3140.625,5132.8125,4.005622392857143,0.2868429247537516,3.0368009,4.2267447,4.9149169142857145,0.40769607518783235,3.7043467,5.3093967,16.247870936791248,1.2828679430091638,13.735459094298989,18.130093706028063,3.0,0.0,3.0,3.0,2.9047619047619047,1.122840583100152,0.3333333333333333,4.333333333333333,1.6510754785714286,0.4790962581784526,1.1479504,2.966026
894271,46.0252,-0.9816,France,B,4,0.8169031191383102,6,4.8,3617.145504241707,747.6910881020436,2281.438294886726,4282.549167540185,6167.96875,1155.306044156293,4500.0,7054.6875,4.164455033333334,0.223273424304347,3.8672268,4.4850564,4.780301316666667,0.21100354685859665,4.392609,5.0977383,11.476474404690187,1.843224083324503,8.765222531218468,14.790809746920516,3.0,0.0,3.0,3.0,1.9444444444444446,0.5905636562630361,1.0,3.0,2.1491638333333336,0.3903975580346982,1.5216104,2.8282094
894412,52.5043,13.4262,Germany,B,4,0.2018746755705275,7,19.090909090909093,3750.807288950415,0.0,3750.807288950415,3750.807288950415,3981.026785714286,14.973669492186092,3960.9375,4007.8125,3.1126624142857144,0.37946807360081003,2.579596,3.572028,4.650884528571429,0.20340923271679764,4.2962856,4.867774,24.287920068445878,2.031713790578638,21.9385902868257,27.9429427766179,3.0,0.0,3.0,3.0,1.8095238095238098,0.49943278484292936,1.0,2.3333333333333335,1.8291755285714284,0.3236369384108535,1.4653982,2.3970048
895692,44.0515,1.9506,France,C,4,0.7938835934976709,6,10.285714285714285,2592.133439606571,90.88815718635674,2437.796955402183,2692.655140983971,4589.84375,78.22259529101869,4476.5625,4687.5,2.7891692833333335,0.3319604932053632,2.085078,3.1521752,4.45129145,0.29477849323852057,3.897028,4.8571844,24.00818571520912,4.124198636103335,16.184957956177932,29.24933293256113,3.0,0.0,3.0,3.0,1.7222222222222223,0.44790320823880836,1.0,2.3333333333333335,2.280344316666667,0.418980280316363,1.7527272,3.0832453
896752,43.6262,1.3119,France,B,4,0.6361687109848995,21,12.989690721649485,3215.367281504769,668.9429072772627,1998.1639558540896,3877.208470957242,4187.5,61.088982961625035,4078.125,4312.5,3.6605031571428577,0.27150357072251335,3.2405171,4.52598,4.754494447619048,0.1949326101208597,4.365235,5.131503,16.386176651887258,1.2266650951943556,13.824713522071528,18.924979046435592,3.0,0.0,3.0,3.0,2.9682539682539684,1.053614398430228,1.3333333333333333,5.0,1.9205158,0.3283795287102337,1.3446655,2.5595355
89780,52.0901,4.2889,Netherlands,B,3,0.3782586641568461,16,20.0,2997.980858909743,1220.1955286164896,1584.4199762742635,4889.674664552353,4659.66796875,487.7885697999848,3562.5,5062.5,5.14857793125,0.4699297889275065,4.347812,5.738559,4.8527911687500005,0.28389078720604805,4.141298,5.338808,8.23655858870644,5.928941632284386,0.6580829850826192,21.000179017304024,3.0,0.0,3.0,3.0,2.208333333333333,0.8887803753208976,1.0,4.333333333333333,2.00683220625,0.45574304516134617,1.221769,3.00788
898058,46.2065,-0.9514,France,B,4,0.5789471039904125,33,8.081632653061225,3228.995976213253,127.0270254804648,2604.8716763839616,3395.79564056698,3502.130681818182,156.9618341135358,2695.3125,3656.25,3.4145967909090906,0.2996885340309283,3.0003703,4.280369,4.720021430303031,0.34444119000437684,3.7218297,5.1403003,17.43065556176052,1.8876977623441236,13.529714307522132,26.180222530303027,3.0,0.0,3.0,3.0,2.7474747474747474,0.9745250177933201,1.0,4.0,1.8687807757575756,0.511765165283668,1.2865021,3.1215844
898975,49.3312,0.5446,France,B,4,0.79339472816537,8,9.411764705882353,3240.0329720077816,457.0240737852428,2437.796955402183,3750.807288950415,4010.7421875,157.41448396886352,3867.1875,4265.625,3.3617777125000003,0.1992587093289553,3.1948946,3.6654322,4.615346825,0.21499296835786713,4.3909664,4.956048,15.354992220502332,1.4367872772816335,12.973762443548802,17.716155435428323,3.0,0.0,3.0,3.0,1.9583333333333335,0.19982631347136331,1.6666666666666667,2.3333333333333335,1.948999275,0.23162021487937293,1.586058,2.2421145
898980,49.3443,0.5429,France,B,4,0.6259054110874609,10,10.344827586206897,3351.8739144477986,72.56674835773693,3177.9915873759783,3395.79564056698,3827.34375,48.08972936410123,3726.5625,3914.0625,3.27984382,0.41027410739128983,2.1403952,3.706581,4.39243427,0.18193065800297678,4.1277714,4.6361666,16.15005350853486,1.8286580792210785,13.863990168477224,20.896311896839027,3.0,0.0,3.0,3.0,1.3,0.31446603773522014,1.0,2.0,2.4014546999999995,0.28436425955431527,1.9719796,2.7818186
899081,43.178,0.3973,France,A,4,0.854347021124901,23,13.142857142857142,3128.739571486623,67.42715945331335,2974.1573399706103,3285.0890365665714,3938.5190217391305,568.8533128320225,3164.0625,4992.1875,3.348339056521739,0.28271384178512565,2.8854008,3.9299667,4.941331073913044,0.23906200876033998,4.4220757,5.2776146,18.30152054614549,3.6782563730171,11.547967511119085,23.219376512802583,3.0,0.0,3.0,3.0,2.652173913043478,0.8652064670492347,1.6666666666666667,4.666666666666667,1.5703952217391304,0.3503690326863997,1.1048002,2.3090715
899464,46.2095,-0.9417,France,B,4,0.6693892216226544,16,14.117647058823529,3368.118989566878,47.93736571552898,3285.0890365665714,3395.79564056698,3732.421875,294.7795600337172,3539.0625,4851.5625,3.0511632437499996,0.4029707491514133,2.1686635,3.6931438,4.43758865,0.5144137773076054,3.4392266,5.067212,18.767924150484674,0.9375005433528405,17.130632572087652,20.745032299251484,3.0,0.0,3.0,3.0,2.4166666666666665,1.2665570127975552,0.3333333333333333,4.333333333333333,2.29626731875,0.8124086414360242,1.3955982,4.44931
899659,46.2095,-0.9417,France,B,4,0.6693892216226544,19,4.253731343283582,3169.023888060464,298.03034792709724,1933.0216536654648,3395.79564056698,4894.736842105263,642.5495022973154,3375.0,5320.3125,3.334614636842106,0.37472086705934815,2.7061067,4.2359667,4.961950989473685,0.2035702515658749,4.416987,5.23492,15.35247403250784,1.8788548226408557,11.57698879062065,19.934326764241185,3.0,0.0,3.0,3.0,2.2982456140350878,0.8369726625878291,0.6666666666666666,3.3333333333333335,1.5749116368421057,0.35872805042734296,1.2048215,2.4644933
899668,46.2095,-0.9417,France,B,4,0.6693892216226544,13,11.142857142857142,3081.209268407875,199.32755245927913,2692.655140983971,3285.0890365665714,4584.735576923077,851.6030013847154,3351.5625,5296.875,3.4237777307692308,0.14959040795631245,3.1874192,3.7220135,5.076792630769232,0.1815231238939478,4.6275597,5.354458,15.678314538645175,1.776181580214047,13.24118593095854,19.439938609117267,3.0,0.0,3.0,3.0,2.923076923076923,0.6013353538235167,2.0,4.0,1.3845251230769229,0.2679152583906169,0.9579639,1.9768486
899669,46.2095,-0.9417,France,B,4,0.6693892216226544,3,12.857142857142858,3595.567871489134,219.54168958864258,3285.0890365665714,3750.807288950415,4148.4375,19.136638615493577,4125.0,4171.875,3.2395223000000004,0.15814096574210826,3.0642915,3.447485,4.2962197,0.09109788700099809,4.227048,4.4249315,17.483748681548395,1.0498038788373716,16.020115600736823,18.43112479515497,3.0,0.0,3.0,3.0,1.111111111111111,0.1571348402636772,1.0,1.3333333333333333,2.574230633333334,0.19440870504670194,2.3909774,2.843356
89967,45.242,5.752,France,A,4,0.8346528225461662,11,12.941176470588236,3358.2119109257324,579.8044221273218,1998.1639558540896,3750.807288950415,3941.7613636363635,67.64705056699238,3890.625,4148.4375,2.9597673090909087,0.69861454540385,1.9721402,4.5257406,4.9294777909090906,0.17611087217548488,4.6341867,5.1790085,14.683362582115326,3.600696870053945,8.662015289643184,20.148234402153182,3.0,0.0,3.0,3.0,1.3333333333333335,0.2842676218074806,0.6666666666666666,1.6666666666666667,1.676679109090909,0.15335797718779332,1.5117766,1.9697897
899903,50.4707,3.7115,Belgium,C,5,0.724550211319209,7,16.153846153846153,2592.7400151150214,29.716379841189628,2519.9500475013783,2604.8716763839616,6478.794642857143,1584.805709177575,3585.9375,8179.6875,5.3051405,0.0745165773107088,5.1842885,5.4077334,4.952320671428572,0.1898872896818058,4.570775,5.1381917,5.109111991912671,1.2823505722957873,3.2037069107368157,6.8710858642448915,3.0,0.0,3.0,3.0,3.619047619047619,0.6529194857524803,2.3333333333333335,4.333333333333333,1.7449794857142855,0.16990597313902286,1.5186896,1.9704816
902756,49.3443,0.5429,France,B,5,0.6306418196447277,15,16.363636363636363,2734.529118408414,280.44419572161723,2604.8716763839616,3750.807288950415,3809.375,22.426093897511443,3773.4375,3843.75,1.6969732999999998,0.19135230928403937,1.4418728,2.1045856,4.771339179999999,0.3191102144399062,4.020084,5.126004,21.530596821593125,2.521854645663474,16.355191995912755,25.598311941223425,3.0,0.0,3.0,3.0,2.266666666666666,0.8623825738636559,1.0,3.6666666666666665,1.7996162866666665,0.48952751421690266,1.3050826,2.8478558
904938,43.238,1.1499,France,B,5,0.6879159584868342,44,12.054794520547945,3377.673636264433,210.16855039222347,2604.8716763839616,3510.2330269093236,4122.336647727273,279.4784364064194,3492.1875,4335.9375,3.316117370454546,0.3059487363041283,2.9278672,4.133364,4.64104906590909,0.2525240245707677,3.9365094,5.056308,22.548432903592474,1.3601864025256825,18.002958493385908,25.069920621580454,3.0,0.0,3.0,3.0,2.1742424242424243,0.8804516642892319,0.3333333333333333,3.3333333333333335,2.005995015909091,0.516822720481977,1.4612131,3.5497713
904953,47.2931,-1.539,France,B,5,0.6579041460429467,4,8.571428571428571,3074.3856306519383,0.0,3074.3856306519383,3074.3856306519383,4359.375,16.572815184059706,4335.9375,4382.8125,3.359694925,0.12024001240796213,3.2236993,3.542469,5.002251075,0.02703560398135918,4.9713144,5.042125,13.790996250204266,0.7384232918682714,12.71959521645528,14.756011437701783,3.0,0.0,3.0,3.0,2.7499999999999996,0.1443375672974065,2.6666666666666665,3.0,1.549876975,0.061193214896317384,1.472225,1.6097723
904989,49.2409,0.7016,France,B,5,0.7975727764400542,11,6.285714285714286,3359.794615375285,425.30923398995236,2065.501535848521,3628.5269219403576,4514.914772727273,47.16465260194315,4429.6875,4593.75,3.767578618181818,0.4710749302634711,3.0584285,4.6022468,4.910742518181818,0.22184950946341495,4.517774,5.2329206,15.586316925398785,3.287073839958759,10.203446225200338,20.951981330585003,3.0,0.0,3.0,3.0,2.5757575757575752,0.5701481127947509,1.6666666666666667,3.6666666666666665,1.7739153,0.2250540978008136,1.403164,2.0876863
905309,49.3158,0.6165,France,B,5,0.790983669546976,3,1.7307692307692306,2316.201344501691,523.6041791767769,1693.0083986477366,2974.1573399706103,5046.875,849.8764845920259,3867.1875,5835.9375,4.823338366666667,0.19257603120015293,4.6605263,5.0938144,4.8704823,0.15243151152700257,4.7018023,5.0710692,6.8819953310360376,1.4554350029294787,5.848056108984234,8.940283804418357,3.0,0.0,3.0,3.0,2.2222222222222228,0.1571348402636773,2.0,2.3333333333333335,1.9538756666666666,0.2854282102287758,1.6343423,2.3272488
905338,49.3308,0.5064,France,B,5,0.7841204302665797,3,12.857142857142858,2287.0251868951987,634.4206672577421,1750.062319644153,3177.9915873759783,4906.25,1049.7860645150515,3421.875,5671.875,4.6222297,0.5698101654534136,3.816399,5.0269055,4.859969,0.34161955244199166,4.449733,5.286075,11.195039620512738,4.584615826271857,6.306166447652748,17.32759805098761,3.0,0.0,3.0,3.0,2.111111111111111,0.6849348892187752,1.3333333333333333,3.0,1.8190888,0.4858566081031386,1.2812637,2.4583297
905524,49.3549,0.5087,France,B,5,0.4883037395854115,16,4.120171673819742,3689.6671054453864,61.140183505028745,3628.5269219403576,3750.807288950415,4221.6796875,93.33710344965229,3984.375,4312.5,3.5504904625,0.2659042689284855,3.124393,4.1047215,4.713282456250001,0.309099089405946,3.9188688,5.318944,14.538212598912287,1.033841374655335,12.204554427969166,16.902980676698224,3.0,0.0,3.0,3.0,1.8541666666666665,0.6766825737046549,0.6666666666666666,3.0,1.9043433625,0.4257810268128544,1.013331,2.9337094
905527,49.3549,0.5087,France,A,5,0.4883037395854115,20,10.434782608695652,2995.566010048746,101.85932068908923,2877.196599772457,3395.79564056698,5565.234375,27.20668773338414,5531.25,5625.0,3.3149988200000005,0.5352385028653875,2.0591817,4.1078434,4.597018795000001,0.39964127150218537,3.8611953,5.271939,17.81922194933731,3.1633418652690177,11.38950977426902,23.15151261210221,3.0,0.0,3.0,3.0,1.9333333333333336,0.7717224601860151,0.6666666666666666,3.3333333333333335,2.047305665,0.6044343625534722,1.094271,3.2309973
906512,49.3924,0.5392,France,A,5,0.5619220414688043,31,12.567567567567567,3371.45502190979,250.8372252469352,2135.108373911701,3510.2330269093236,3653.9818548387098,28.769603211351484,3609.375,3726.5625,3.234615983870967,0.40113050363046326,2.7375314,4.601084,4.436103990322581,0.24664579439787268,4.0247164,5.0204744,17.839257704613637,1.8139466934201465,11.553278673637305,20.165382496716045,3.0,0.0,3.0,3.0,1.4516129032258063,0.42795158585230975,0.3333333333333333,2.3333333333333335,2.550531064516129,0.5048531577992629,1.7401593,3.8891432
907119,44.0626,1.9506,France,B,4,0.7191176907703143,8,17.142857142857142,3766.607436701269,41.80326162683447,3750.807288950415,3877.208470957242,4746.09375,20.29747040119778,4710.9375,4781.25,2.8840606749999997,0.5148116339565686,2.3453817,3.8834183,4.8033264375,0.24208405235668096,4.4260006,5.158561,22.019166696196393,1.6254792785144654,19.4877315236155,25.055973022469185,3.0,0.0,3.0,3.0,2.25,0.8122328620674137,1.0,3.3333333333333335,1.840121125,0.4513923885941719,1.2299696,2.5848167
910529,44.1041,1.9111,France,B,5,0.8398675524624577,61,19.263157894736842,6020.075480905561,1672.819280921907,3395.79564056698,7776.811759328697,7837.3463114754095,78.28503328344358,7687.5,8015.625,3.8237491229508196,0.6519639252498844,2.587767,5.174836,4.562957706557377,0.19146027267048124,4.1174355,5.0546036,16.705314825366482,3.7850148281522022,9.192972876977306,26.42620443104295,3.0,0.0,3.0,3.0,1.8087431693989071,0.580368002070022,1.0,3.3333333333333335,2.392131096721311,0.33880466626247807,1.5320861,3.1654515
910530,44.1041,1.9111,France,B,5,0.8398675524624577,9,20.0,3351.1683571774124,186.60249633207494,3177.9915873759783,3750.807288950415,7617.1875,829.5977470286427,5273.4375,7968.75,4.128448911111111,0.26421903826238335,3.745942,4.5240655,4.520102133333334,0.11401523632594038,4.3330464,4.6889095,21.462606558886918,1.7014858955342584,17.19903557529838,23.18812607285049,3.0,0.0,3.0,3.0,1.7407407407407407,0.3434673516850261,1.0,2.3333333333333335,2.394527044444444,0.19701347117216292,2.0033386,2.5860157
911275,42.4649,1.8829,France,C,5,0.7870594818173594,9,9.473684210526317,4007.86933830162,0.0,4007.86933830162,4007.86933830162,4119.791666666667,14.731391274719739,4101.5625,4148.4375,2.972263555555555,0.29381432665549984,2.6150024,3.5089247,4.978081688888889,0.2092841411730497,4.458873,5.2500405,19.274225985174194,2.5354603728824725,13.637807023202424,22.081979424617565,3.0,0.0,3.0,3.0,3.333333333333333,0.8461970117626565,1.3333333333333333,4.333333333333333,1.5460335777777778,0.3909624944578011,1.1106552,2.538198
911720,44.0632,1.9509,France,B,5,0.7124743893964421,6,1.309090909090909,3102.594041263141,2105.888096000884,1809.0389422075937,7776.811759328697,6125.0,1191.3742311271258,4968.75,8132.8125,5.040580933333334,0.5994685491596665,3.7363539,5.5510325,4.93316865,0.49747463446203893,3.949203,5.4234166,8.84899186593116,7.27642813989017,3.796924822560545,24.586828038044253,3.0,0.0,3.0,3.0,3.2222222222222228,1.892154040658489,0.3333333333333333,6.0,1.8393003383333335,0.9278187422958097,0.98452663,3.724777
911756,44.0632,1.9509,France,C,5,0.7052535287358831,8,15.483870967741934,3689.6671054453864,61.140183505028745,3628.5269219403576,3750.807288950415,4107.421875,98.56994438238705,3984.375,4335.9375,3.5951637125,0.2105065854374659,3.4160366,4.1015997,5.045035199999999,0.14516221691186543,4.771656,5.21021,14.724956955060424,0.596427596617142,13.669890840026037,15.33419124736464,3.0,0.0,3.0,3.0,2.3333333333333335,0.5773502691896257,1.3333333333333333,3.0,1.4657219125,0.21332095811191665,1.184326,1.8563868
912622,46.5917,0.1988,France,B,3,0.8425021490487629,27,16.200000000000003,3886.43594767098,573.6558398770626,2783.3968843840626,4282.549167540185,4344.618055555556,23.993532918550788,4289.0625,4382.8125,2.1436012703703704,0.21612539049470508,1.6914392,2.7459633,4.9165388666666665,0.2674553290262008,3.9333155,5.233732,20.104687856159384,2.8022213988844427,14.800113117725724,25.944213169048,3.0,0.0,3.0,3.0,2.864197530864198,0.8228188989111918,1.0,5.0,1.5277660148148147,0.4096740658686282,1.1097293,3.168351
912624,46.5917,0.1988,France,B,3,0.8425021490487629,11,17.36842105263158,3397.0369162895445,390.9535413427516,3074.3856306519383,4007.86933830162,5561.079545454545,1634.2537889806224,4289.0625,7757.8125,3.501577445454545,0.2861573174729826,3.114102,4.127202,4.710842154545454,0.11007685046496431,4.509338,4.904818,18.480772653898818,2.535128271540755,14.339348314783743,23.329734068550422,3.0,0.0,3.0,3.0,1.6060606060606062,0.3428396514843868,1.3333333333333333,2.3333333333333335,2.0534487363636362,0.14394010605389929,1.8442323,2.3581839
913706,46.603,0.1674,France,B,4,0.8823092356794435,4,4.528301886792453,2533.0572520506857,405.7117952321538,1933.0216536654648,3074.3856306519383,6972.65625,633.354802353359,6328.125,7640.625,5.0873588000000005,0.1385043382248366,4.896943,5.2616982,4.719075975,0.16910290681150877,4.497078,4.9551535,13.175375915486171,1.2230463781567948,11.92637962714169,14.519557974583469,3.0,0.0,3.0,3.0,1.8333333333333335,0.49999999999999994,1.3333333333333333,2.6666666666666665,2.100379175,0.24371600447217637,1.748883,2.4167163
918078,44.0632,1.9509,France,B,4,0.7174672405561939,3,18.0,2574.02797048333,950.3402695112349,1637.8144970715018,3877.208470957242,4867.1875,326.0724492923313,4406.25,5109.375,4.710928633333333,0.3550699924616959,4.2125516,5.0132895,4.3658584000000005,0.16474378439324067,4.2424483,4.5987015,6.522304200010161,7.347799905165259,0.8633004195222317,16.899454885000566,3.0,0.0,3.0,3.0,1.5555555555555556,0.1571348402636773,1.3333333333333333,1.6666666666666667,2.5818827333333334,0.24487044552989418,2.240151,2.8012962
922037,50.1665,8.6684,Germany,B,3,0.4676968129801384,8,10.212765957446809,2818.9669057559304,66.20623711117595,2783.3968843840626,2974.1573399706103,4693.359375,234.30174636483054,4429.6875,5015.625,4.5362305,0.393261460205062,3.614092,4.987425,4.7966863,0.3057521046976946,4.1633615,5.116381,14.364580796116606,2.1549418515236183,12.585149223905406,18.610314826047833,3.0,0.0,3.0,3.0,1.875,0.9709316831442536,1.0,4.0,1.8928113,0.3934765160682496,1.3609068,2.411886
922040,50.1665,8.6684,Germany,B,5,0.546286155082085,17,2.4113475177304964,3017.2878339482927,276.405892869245,2281.438294886726,3177.9915873759783,4636.488970588235,447.32049895416384,3328.125,5929.6875,2.9188620352941177,0.2954756585420232,2.676194,3.9049945,5.251459423529412,0.17988406348911481,4.747975,5.4663386,18.633743914352777,2.280786097815043,10.599640690900696,20.59741208459403,3.0,0.0,3.0,3.0,3.6470588235294117,1.0631718989588987,1.3333333333333333,6.0,1.1336339152941175,0.2847087165907677,0.8605579,2.03057
922189,50.1665,8.6684,Germany,C,3,0.4945049113262972,8,16.0,1840.7634595297588,73.18179470214012,1693.0083986477366,1933.0216536654648,4122.0703125,665.5422105479081,3703.125,5859.375,5.511634562499999,0.11635104905487453,5.306287,5.665697,5.1334324875,0.0672015311326207,5.010891,5.267543,1.4668789747068747,1.4120354340973378,0.2594363726474189,5.051911739374255,3.0,0.0,3.0,3.0,2.0,0.7453559924999299,0.6666666666666666,3.3333333333333335,1.5270624875,0.1427964225011645,1.3328892,1.7626296
923782,50.1665,8.6684,Germany,B,4,0.5041432953167712,18,9.473684210526317,3936.6692541094776,119.91324089288102,3510.2330269093236,4007.86933830162,4089.84375,57.009841872368845,4007.8125,4242.1875,3.550030883333333,0.22998894512583587,3.1681201,4.0774803,5.13945905,0.1728863959592067,4.8012886,5.427519,9.950332772148316,0.6806619714446984,8.732268421214915,11.178116385384891,3.0,0.0,3.0,3.0,3.4629629629629632,1.2178654109227691,1.3333333333333333,6.0,1.3329171916666667,0.2748105219996338,0.92636245,1.8355044
923783,50.1665,8.6684,Germany,B,4,0.5041432953167712,15,8.41121495327103,3517.9900040349453,352.6354364864754,2207.060943421246,3628.5269219403576,4606.25,432.5783436991501,3703.125,4828.125,3.2728319400000006,0.26218206083857015,2.7626374,3.7144272,5.461206553333333,0.14431103577989635,5.2102995,5.610161,12.29286980474296,1.4023590095831313,8.985671364269335,14.25340139266152,3.0,0.0,3.0,3.0,3.8666666666666667,0.9873271062899138,2.0,5.333333333333333,0.7689681993333333,0.23103895329268342,0.5156709,1.1450702
924651,48.8263,9.0883,Germany,C,6,0.4736435742930658,30,17.821782178217823,1984.1487597929663,462.4585454700251,1532.7661745000066,3510.2330269093236,4698.4375,1456.1929978114165,1945.3125,7828.125,5.4662085466666674,0.20484701654670448,4.674657,5.7552514,5.1679824866666655,0.19050353334667705,4.599557,5.530966,3.5463581968332303,3.316706772883309,0.2915031539847239,14.425164552379307,3.0,0.0,3.0,3.0,2.211111111111111,0.6748570950693429,0.6666666666666666,3.3333333333333335,1.5740923600000003,0.3652841407851954,0.9015214,2.4080606
926836,46.576,0.3222,France,A,4,0.4485224270004185,27,18.0,3718.956931828226,393.5796543525592,2974.1573399706103,4007.86933830162,4119.791666666667,258.6659904549795,3070.3125,4523.4375,2.1998715185185187,0.40406283750314553,1.5229524,3.0546546,4.459053562962962,0.3390768548905364,3.646631,4.92043,25.489091003577173,1.5937491934344035,22.281378603930943,30.225473588891113,3.0,0.0,3.0,3.0,2.0864197530864197,0.6824827141276668,0.6666666666666666,3.3333333333333335,2.167595807407407,0.6308071955544436,1.4708848,4.1219697
931234,44.0632,1.9509,France,B,5,0.7163356553312558,5,13.636363636363637,1672.370738017474,73.21633030878722,1532.7661745000066,1750.062319644153,3820.3125,111.9125286216874,3632.8125,3984.375,4.84802786,0.17518473514439092,4.5280867,5.0468516,4.25284862,0.2572405415301514,3.7651384,4.5078697,3.6812032543879973,3.9420219620422223,1.4756496194523174,11.548690025138573,3.0,0.0,3.0,3.0,1.2666666666666666,0.32659863237109044,0.6666666666666666,1.6666666666666667,2.9169257200000005,0.6606192460757935,2.377803,4.18519
940243,46.2773,-0.308,France,B,3,0.5784185716901566,3,9.473684210526317,3920.762093405368,61.59412355661705,3877.208470957242,4007.86933830162,4375.0,44.19417382415922,4312.5,4406.25,3.4940778,0.27545209205149745,3.199747,3.862236,4.236122933333333,0.1299276192579631,4.10285,4.4123063,14.361996020276793,1.3668010253600031,12.452072433305483,15.574565040632574,3.0,0.0,3.0,3.0,0.8888888888888888,0.15713484026367724,0.6666666666666666,1.0,3.038744133333333,0.2667485274674175,2.7904544,3.408849
946921,47.9973,10.963,Germany,B,3,0.670909549124654,30,16.9811320754717,3391.854186410714,200.49974209887714,2358.322142798309,3510.2330269093236,4275.0,912.289947998305,3562.5,5507.8125,2.641617273333333,0.22502849129222713,2.1885715,3.1558778,5.043486893333333,0.20848909212991773,4.3316493,5.2898,21.091701238190193,2.6633245325321644,15.733424606372958,27.43796136394775,3.0,0.0,3.0,3.0,3.088888888888889,0.8070675465482167,1.0,4.333333333333333,1.38728168,0.31568002451162197,1.0164361,2.4152734
956943,49.4302,0.7883,France,B,4,0.8987495592703473,16,8.421052631578947,3468.2752763064454,98.79724046371156,3285.0890365665714,3628.5269219403576,4079.58984375,204.90540997133888,3773.4375,4265.625,3.5205149625,0.1816620597010245,3.1640775,3.780655,5.0228196249999995,0.30068581989796583,4.289985,5.425803,14.874188355870817,1.7981501366860047,10.227807374034306,17.880924280628612,3.0,0.0,3.0,3.0,2.75,0.9166666666666667,1.3333333333333333,4.666666666666667,1.366526365,0.3899529452946982,0.86720264,2.2715998
958008,48.2102,9.7563,Germany,B,3,0.6882135862640395,20,15.18987341772152,2925.023832858454,723.2012031040216,1693.0083986477366,4142.933441216916,5786.71875,1649.8884683540923,4195.3125,7851.5625,4.64030657,0.965172892340802,2.5494523,5.62418,4.552515914999999,0.35824719581282316,3.627789,5.060009,11.634027175672717,4.505523735599548,0.9179185480575864,17.934488100202557,3.0,0.0,3.0,3.0,1.5499999999999998,0.7977398629182879,0.3333333333333333,3.0,2.411995285,0.47744724431926855,1.5311085,3.5536609
964861,48.1911,8.1396,Germany,C,5,0.9199470945326496,3,20.0,3075.8423324132978,614.3212115249476,2207.060943421246,3510.2330269093236,4070.3125,11.048543456039805,4054.6875,4078.125,2.4036258333333334,0.3160001364226744,1.9567778,2.6324587,5.305259566666667,0.057016600717705396,5.2273736,5.3622766,13.095285841549448,1.9419877556748772,11.391043383855278,15.812519104251637,3.0,0.0,3.0,3.0,3.8888888888888893,0.6849348892187752,3.0,4.666666666666667,1.0590379666666667,0.09501655919660645,0.9768197,1.1921924
96699,54.152,9.225,Germany,B,3,0.7296775474769136,9,17.419354838709676,2920.290262082747,48.18017916261499,2877.196599772457,2974.1573399706103,8111.979166666667,98.47745000619291,7921.875,8296.875,4.623248644444444,0.19560431653808508,4.22533,4.7964234,4.3815381222222225,0.194378906389138,4.0302296,4.5602765,19.306244136495486,1.6867595315848851,16.107202936298616,21.77263143244935,3.0,0.0,3.0,3.0,1.962962962962963,0.42873470010334175,1.3333333333333333,2.6666666666666665,2.2476034555555557,0.3206142233317207,1.9842333,2.8347874
96822,54.123,9.203,Germany,B,3,0.6717553483036754,5,12.5,3136.5492046863624,50.75634565735475,3074.3856306519383,3177.9915873759783,4073.4375,22.963966338592293,4031.25,4101.5625,3.43008018,0.11288500924148254,3.2714748,3.5898426,4.81036056,0.1671170063300154,4.5674343,5.0789356,17.337708678896654,1.5615009986337576,15.22500005025937,18.705921824727827,3.0,0.0,3.0,3.0,1.8,0.33993463423951903,1.3333333333333333,2.3333333333333335,1.6376425400000003,0.24163355703524797,1.2569814,2.009977
96982,49.568,8.518,Germany,A,3,0.8017174525837631,25,20.0,3976.581210182145,215.72191940557065,3750.807288950415,4282.549167540185,4818.75,324.4210588687177,4546.875,5296.875,2.1320174119999997,0.3067555489995868,1.6021883,2.8848953,4.53119008,0.33603736576735155,3.549765,4.9675655,35.46044124046297,2.7908434708682206,28.60152536859295,37.72504234317376,3.0,0.0,3.0,3.0,2.746666666666666,0.8603875095947562,1.0,4.666666666666667,1.9272269559999997,0.4706061635075275,1.356513,3.430154
96983,49.5732,8.5185,Germany,A,3,0.8144470329406003,26,14.57943925233645,3951.304329506083,845.5374184835624,2207.060943421246,5400.863100624323,5292.367788461538,1181.695972910929,4406.25,8015.625,3.260731857692308,0.951588516474771,1.6627208,4.845581,4.535566623076923,0.24521387144214973,4.21643,5.068616,25.247385842666116,4.597230062862349,12.736302949143107,29.689820704459855,3.0,0.0,3.0,3.0,1.858974358974359,0.7405996468736502,0.6666666666666666,3.6666666666666665,2.2552010499999997,0.43869684062938147,1.3658234,3.035488
97120,48.3289,10.9351,Germany,A,3,0.7283152482516534,14,13.333333333333332,2776.9153312840563,23.369572046716204,2692.655140983971,2783.3968843840626,4099.888392857143,25.772551872222074,4054.6875,4148.4375,2.2716772357142854,0.19776218738057805,1.8701783,2.7128663,4.688553378571428,0.33182755701153654,3.8914533,5.0959964,19.964758729847535,2.2174321554288547,15.643160797373977,23.39693056836165,3.0,0.0,3.0,3.0,2.357142857142857,0.995739222206023,0.3333333333333333,4.0,1.9973605357142858,0.601562050335391,1.3486902,3.5840244
978669,42.2521,8.8093,France,B,3,0.8305992840963046,8,16.551724137931036,4282.549167540185,0.0,4282.549167540185,4282.549167540185,4517.578125,233.12655778216126,4359.375,5109.375,3.7184515124999997,0.23405412753095398,3.5106192,4.208187,4.718592149999999,0.1655631730005725,4.3553066,4.8938513,17.67799444036114,1.2752560727245712,15.8021191687125,19.91083869102281,3.0,0.0,3.0,3.0,2.0,0.5270462766947299,1.3333333333333333,2.6666666666666665,1.871602925,0.24779581168182985,1.6023444,2.4251049
981378,44.0626,1.9506,France,B,3,0.6721091448468499,12,18.46153846153846,3507.5039168493745,223.3197609135196,3177.9915873759783,4007.86933830162,5261.71875,370.2704683424841,5015.625,6468.75,4.605871541666667,0.3052871517663424,3.8755531,4.985094,4.380767816666666,0.16393717887976592,4.044265,4.625097,9.909573675213261,2.6350823360208735,4.005741658416875,14.760252767282807,3.0,0.0,3.0,3.0,2.2777777777777777,0.3557291243018248,1.6666666666666667,2.6666666666666665,2.591723183333333,0.24978856168066035,2.2210689,3.116209
982091,47.1031,15.416,Austria,C,3,0.422159208638599,3,16.363636363636363,4142.933441216916,0.0,4142.933441216916,4142.933441216916,4210.9375,22.09708691207961,4195.3125,4242.1875,2.6324977,0.5042454526237992,2.1539786,3.3296435,5.205929533333333,0.05429354373313878,5.130055,5.2540636,15.156569824979668,3.0465251853743402,11.914889749583857,19.23517434982165,3.0,0.0,3.0,3.0,3.444444444444444,0.3142696805273544,3.0,3.6666666666666665,1.1991250333333332,0.08641824012303323,1.1261032,1.3205066
98272,52.0775,4.3249,Netherlands,B,3,0.1343910458615882,29,10.0,3449.702792971248,464.16478609315743,2974.1573399706103,4007.86933830162,4272.898706896552,453.3057895622982,4054.6875,5343.75,2.9155752379310345,1.013011965909919,1.6219497,4.943618,4.732035168965517,0.32061698934462995,4.1461616,5.1715593,18.46075917812106,2.3979247850546277,13.291746220409706,22.79411314625554,3.0,0.0,3.0,3.0,2.0114942528735638,0.9407047110625345,0.6666666666666666,4.0,1.8593051517241381,0.5139193950177969,1.1518928,2.7436254
98273,52.0775,4.3249,Netherlands,B,3,0.1343910458615882,24,9.350649350649352,3774.451653335418,358.93150154407346,3074.3856306519383,4007.86933830162,4176.7578125,312.69372657311754,4054.6875,5343.75,3.351409075,0.4939167840160891,2.5213995,3.923845,4.8402725375,0.2891543939024369,4.2984457,5.2868795,17.891463316686025,2.0484356927366996,15.59049551369522,21.49818677580776,3.0,0.0,3.0,3.0,2.402777777777778,0.8922462636860568,0.6666666666666666,4.333333333333333,1.5890277833333333,0.40363528266873305,1.0078759,2.469191
98274,52.0775,4.3249,Netherlands,A,3,0.1343910458615882,4,6.857142857142857,3540.7706278392548,96.63413774887015,3395.79564056698,3628.5269219403576,3919.921875,53.381446752798624,3867.1875,3984.375,2.8816875250000002,0.2916695234624916,2.5640337,3.2476704,4.4146452499999995,0.2604766262876337,4.21655,4.861797,19.976704381961905,2.62501423345503,15.965244436026907,23.329441415091107,3.0,0.0,3.0,3.0,0.9166666666666666,0.14433756729740646,0.6666666666666666,1.0,2.35802625,0.31267313636864863,1.8543588,2.670021
983069,52.9638,6.1637,Netherlands,A,3,0.771877646936194,13,19.5,2204.642649404207,661.6837301796777,1693.0083986477366,3628.5269219403576,4728.966346153846,1934.6539673353873,3515.625,8320.3125,5.502511453846154,0.10417762430078166,5.2169604,5.6077185,4.893553607692308,0.17789692504394636,4.554126,5.1357164,3.185281914653974,3.6818195670478144,0.6500269629566438,10.132427754009557,3.0,0.0,3.0,3.0,3.6410256410256414,0.6332866171912035,2.6666666666666665,4.666666666666667,1.9798249384615383,0.32504118070475685,1.5810529,2.5816236
983564,46.7666,6.1831,France,A,3,0.8947373239129534,3,15.0,2551.9496533887473,141.52783897495914,2358.322142798309,2692.655140983971,6703.125,132.58252147247765,6515.625,6796.875,4.244472300000001,0.6737982502119312,3.3499353,4.9760976,4.327419566666666,0.1005847266071855,4.207883,4.453965,23.57702687064848,4.520844542066799,17.355898288037533,27.964392802487268,3.0,0.0,3.0,3.0,1.3333333333333333,0.2721655269759087,1.0,1.6666666666666667,2.4340050333333334,0.18823977463870079,2.2180507,2.6767936
985298,49.3321,0.5446,France,B,3,0.7946520228052062,51,12.803347280334728,3230.8318231854428,215.30064141961293,2692.655140983971,3628.5269219403576,4165.900735294118,239.72942301405246,3281.25,4570.3125,3.670761021568627,0.3521503980711218,2.86053,4.6925044,5.011824009803922,0.17693671742561037,4.510591,5.3296447,15.063157377840708,2.9306341556394138,9.674204929095175,22.95805781933898,3.0,0.0,3.0,3.0,3.4836601307189534,1.1324366415980938,1.0,5.333333333333333,1.6275053313725496,0.30180267691087953,1.1334141,2.512915
985810,53.0232,5.9177,Netherlands,A,4,0.7124878278247154,9,7.82608695652174,4127.926318670772,42.446552473904,4007.86933830162,4142.933441216916,4195.3125,15.625,4171.875,4218.75,2.3160664,0.3772408210907721,1.8751079,3.2901602,4.615060177777777,0.17782828931193884,4.2635937,4.8125997,27.558269524665246,5.175782173658891,14.118331506894457,31.599522585944577,3.0,0.0,3.0,3.0,2.0,0.8012336167697754,0.6666666666666666,3.3333333333333335,1.9386158666666669,0.30741053889650566,1.5709622,2.596363
985819,53.0228,5.917,Netherlands,B,4,0.7111584995266879,3,10.588235294117647,4007.86933830162,0.0,4007.86933830162,4007.86933830162,4765.625,11.048543456039805,4757.8125,4781.25,2.8208373666666664,0.19701639557800482,2.5817187,3.064251,5.009398666666667,0.04856411807314357,4.962613,5.076335,21.952841893028346,0.4919479179043686,21.37879815746687,22.5802671584752,3.0,0.0,3.0,3.0,3.1111111111111107,0.415739709641549,2.6666666666666665,3.6666666666666665,1.5390764,0.04839065974524422,1.4712535,1.5808951
985820,53.0228,5.917,Netherlands,A,4,0.7111584995266879,11,13.75,4131.482454298794,91.58684981386403,4007.86933830162,4282.549167540185,4393.465909090909,25.210567257526773,4335.9375,4429.6875,2.8191284090909092,0.16267888220285362,2.5422366,3.1277657,3.998521836363636,0.30625425596874783,3.693368,4.8038883,25.152199522788006,2.9211238919231652,17.719615864139335,29.212423341531764,3.0,0.0,3.0,3.0,1.2121212121212122,0.3559800037718403,1.0,2.0,3.180847890909091,0.4387258187864808,2.0241356,3.6119523
98686,48.3045,10.9389,Germany,B,4,0.7789873333124937,6,4.736842105263158,3901.0919797932834,135.17690114627865,3628.5269219403576,4007.86933830162,4023.4375,17.469281074217108,4007.8125,4054.6875,1.9526671166666667,0.45738915075304826,1.5628227,2.918933,4.657442,0.2504800406200329,4.3220015,5.0009727,17.578111049448523,1.2549701329368022,16.01446338025409,19.470811034045877,3.0,0.0,3.0,3.0,1.8333333333333333,0.5357583756107198,1.0,2.3333333333333335,2.0752692666666666,0.38537184694919296,1.5729797,2.625651
987541,48.2102,9.7563,Germany,C,4,0.7148895118407906,19,12.666666666666666,4015.2097245377363,52.58233739674669,3877.208470957242,4142.933441216916,4184.210526315789,30.764713601989946,4125.0,4218.75,2.981398647368421,0.4682014608607838,2.4662673,4.172507,4.871875668421052,0.14262370403530242,4.5584836,5.1580763,21.267295742814618,1.4055066117346262,17.198701326819428,23.475629590980976,3.0,0.0,3.0,3.0,2.3333333333333335,0.9176629354822471,0.6666666666666666,4.0,1.6747366631578948,0.3045534141877669,1.1721154,2.2259588
987916,43.6337,1.5425,France,C,4,0.5932930307082833,7,8.076923076923077,4242.658960019252,63.071956051465115,4142.933441216916,4282.549167540185,5179.6875,39.61660569039921,5109.375,5250.0,3.1369978142857144,0.2526186466228122,2.8151443,3.609954,5.027893571428572,0.1579877314242625,4.8267093,5.3432617,16.467670051610252,1.0999238763514294,14.544861854785877,17.945485910790325,3.0,0.0,3.0,3.0,2.5714285714285716,0.7499055118106487,1.3333333333333333,4.0,1.6238749571428575,0.2952155698344074,1.1632586,2.1856608
989009,43.6337,1.5425,France,B,4,0.5932930307082833,9,14.594594594594595,3607.771693346187,367.68006857447233,3074.3856306519383,4007.86933830162,4778.645833333333,294.6968708006962,4218.75,4992.1875,3.4140121666666667,0.32411411028130205,2.7912138,3.9761972,4.643176166666667,0.2483156404829549,4.190968,4.9929366,20.528766243061447,1.3574585600626001,17.8259771567566,22.448600541327668,3.0,0.0,3.0,3.0,2.1111111111111116,0.769800358919501,1.0,3.3333333333333335,1.9905058777777778,0.3925035321065695,1.4155346,2.6115406
989960,50.7183,2.91,Belgium,C,4,0.5504297383586993,3,4.285714285714286,3321.991237900041,52.18759360721521,3285.0890365665714,3395.79564056698,3914.0625,303.78472023786844,3632.8125,4335.9375,3.5209216333333337,0.03444494405727625,3.4732487,3.553427,5.3238286666666665,0.07510777773454795,5.247037,5.425778,13.363923851918642,0.3287487469686967,13.013125918884308,13.803556078235482,3.0,0.0,3.0,3.0,3.7777777777777772,0.4157397096415489,3.3333333333333335,4.333333333333333,1.0648248166666667,0.1293465960206938,0.89736885,1.2123077
990694,53.2024,5.7515,Netherlands,A,4,0.6164057791995313,5,3.846153846153846,2974.1573399706103,0.0,2974.1573399706103,2974.1573399706103,4396.875,405.57034493106124,3843.75,4734.375,4.09955054,0.1438450454618941,3.8276699,4.2339964,4.83665188,0.14727748249627834,4.55753,4.9656286,19.865368974909323,1.1568838047660448,18.159147746712197,21.4898510258954,3.0,0.0,3.0,3.0,1.7333333333333336,0.5734883511361751,0.6666666666666666,2.3333333333333335,1.7294609400000003,0.36716536537089983,1.4355526,2.4328327
990738,43.6337,1.5425,France,C,4,0.6023862615541441,20,8.955223880597014,1764.7400545915566,177.12017946639122,1434.4555808317646,2135.108373911701,4204.6875,884.8517652603599,3046.875,6210.9375,5.1930336950000004,0.1559424291614968,4.8783827,5.572271,4.409450049999999,0.31918545286649025,3.9304924,5.0214357,2.3190548154072284,2.0576676240631713,0.884038515282206,9.119152136480086,3.0,0.0,3.0,3.0,1.35,0.5525194818083592,0.6666666666666666,3.0,2.69874254,0.51373097124694,1.6491708,3.6261253
992430,45.6891,4.1978,France,B,4,0.6528722565929043,11,10.476190476190476,2975.048490102385,72.82141951619651,2877.196599772457,3074.3856306519383,4514.914772727273,28.744469239840992,4453.125,4546.875,3.067328627272727,0.2751071357746158,2.4096792,3.4630737,4.645703136363637,0.3759961949174057,3.9489362,5.227435,15.751595642353623,0.8388275843898193,14.764316022236777,17.287546065234977,3.0,0.0,3.0,3.0,2.1818181818181817,1.1491203167186994,0.6666666666666666,4.333333333333333,2.120671563636364,0.6824470867767276,1.2479534,3.581812
992431,45.6891,4.1978,France,B,4,0.6528722565929043,24,10.588235294117647,3071.748372513164,98.84375604169924,2877.196599772457,3177.9915873759783,4444.3359375,316.46501913703247,3351.5625,4593.75,3.472032458333333,0.26180836824015147,2.9448104,3.8577452,4.5768199958333335,0.3719156262603002,3.6353168,5.17177,17.162379477037067,1.4368133754994687,13.682250182357969,19.28535921675683,3.0,0.0,3.0,3.0,2.0833333333333335,0.982485510212633,0.3333333333333333,4.333333333333333,2.0547938916666664,0.6011313418682552,1.2460864,3.8724456
992432,45.6891,4.1978,France,B,4,0.6528722565929043,23,12.777777777777777,3242.200081948663,372.63081908530614,2974.1573399706103,4576.0542134267835,4515.285326086957,240.07425526022647,3398.4375,4617.1875,3.5363690869565216,0.41190034139352866,2.028189,4.3321257,4.709111147826087,0.48944566432728853,3.1821866,5.439266,17.699553664700964,2.5605027160784437,12.77757740702296,26.397888206543236,3.0,0.0,3.0,3.0,2.4492753623188404,1.1016399529843415,0.3333333333333333,5.0,1.9349019173913045,0.8826824066456177,0.8469443,5.1544814
994503,48.9512,2.4064,France,B,4,0.6104254046945206,22,5.5,3119.445602724244,409.41046498757885,2692.655140983971,3628.5269219403576,4161.221590909091,679.236500771164,3679.6875,6914.0625,2.7738466681818186,0.7093034007360828,1.9419297,4.542838,4.782563395454546,0.3471208206624715,3.9550452,5.233185,20.56217983448629,4.0978940819446565,9.50159360121942,28.044543538463007,3.0,0.0,3.0,3.0,2.606060606060606,1.4689938961867663,0.6666666666666666,5.0,1.8640242272727272,0.5665676696334021,1.1632365,3.1390011
994504,48.9512,2.4064,France,A,4,0.6104254046945206,19,13.571428571428573,3535.314679979434,402.93323642458336,2692.655140983971,3877.208470957242,4016.4473684210525,329.988586489699,3679.6875,5296.875,2.323569831578947,0.9262653484839013,1.264484,5.361492,4.549711994736842,0.4419211788690752,3.5608609,5.1777496,22.792142495893142,4.373931736821032,11.730868884436966,31.288515236947752,3.0,0.0,3.0,3.0,2.1052631578947363,0.9306517340263049,0.6666666666666666,4.0,2.098693163157895,0.5884179720061324,1.4207913,3.578884
994505,48.9512,2.4064,France,A,4,0.6104254046945206,42,17.872340425531913,3411.216450668547,276.65704717807563,3177.9915873759783,4282.549167540185,4019.53125,531.8876654894121,3375.0,4968.75,2.83860655,0.34813426810072123,2.0308335,3.6337075,4.638921038095238,0.4208285575265531,3.488639,5.391944,22.683134832043105,5.242312088960848,13.027496395014524,31.198253802557645,3.0,0.0,3.0,3.0,2.753968253968254,1.527628316746081,0.3333333333333333,6.666666666666667,2.0524600214285713,0.7359301188058138,0.9854204,4.519102
995732,43.0834,-0.1279,France,C,5,0.9450511375255458,9,5.934065934065934,2886.4151416059394,216.0176999427272,2281.438294886726,2974.1573399706103,4882.8125,376.7861109933592,3820.3125,5039.0625,3.9651726666666667,0.17639425200013367,3.6896594,4.1962504,5.121892822222223,0.14229734318412107,4.9153967,5.351422,12.724111282873169,1.704716012902214,9.714399813817078,15.954049606176383,3.0,0.0,3.0,3.0,2.592592592592593,0.5158662324883007,1.6666666666666667,3.3333333333333335,1.3392423666666666,0.2002726242052068,1.0250888,1.6112081
996274,51.9363,5.9001,Netherlands,A,4,0.5187067661594357,15,11.39240506329114,2974.1573399706103,0.0,2974.1573399706103,2974.1573399706103,4310.9375,514.5205975590287,3000.0,4546.875,3.628121126666666,0.0705570697287188,3.5018167,3.7590685,4.762989433333333,0.20891621644524935,4.393977,5.151766,18.74036259211631,0.5513985024527551,17.52700059808055,19.77317657357124,3.0,0.0,3.0,3.0,2.0222222222222226,0.626177902382461,1.0,3.0,1.7406566799999998,0.3345839910449516,1.2185991,2.3741634
99911,50.792,4.423,Belgium,A,4,0.72077250377079,12,18.46153846153846,3433.9414360144287,53.94630126929055,3395.79564056698,3510.2330269093236,4119.140625,390.09241036329695,3726.5625,4593.75,3.1158318,0.08190159710656846,2.937117,3.2284749,4.439268233333334,0.226037662890182,4.0740757,4.755009,19.812166669257618,0.8812882408198083,18.019468584493755,21.562479175342727,3.0,0.0,3.0,3.0,1.5833333333333333,0.36324157862838946,1.0,2.0,2.13846385,0.3245159170445252,1.7397248,2.767795
999132,54.0701,13.4648,Germany,B,3,0.7908038963383637,4,5.333333333333333,2677.1281989876243,184.06276236018408,2358.322142798309,2783.3968843840626,5912.109375,1875.4668608229051,2859.375,7453.125,4.94369755,0.29255104314274355,4.5357018,5.3100076,4.974660125,0.18888352221153887,4.7833176,5.2869263,16.410409774393337,4.751653954455767,9.448360389469435,22.68935986501215,3.0,0.0,3.0,3.0,2.4166666666666665,0.8620067027323833,1.3333333333333333,3.6666666666666665,1.65318745,0.3152769457976471,1.1404839,1.9474778
99984,48.3228,10.9406,Germany,B,4,0.8055250332513314,11,18.857142857142858,3194.028276507903,200.92833452453883,2783.3968843840626,3510.2330269093236,6943.892045454545,64.83717636947276,6867.1875,7078.125,3.476091109090909,0.4933529766148693,2.9700308,4.7668757,4.458221981818182,0.12462922196488431,4.2493296,4.673008,19.21755253517364,2.243538225870912,16.387451929963767,22.700699846511164,3.0,0.0,3.0,3.0,1.484848484848485,0.45756572334974244,0.6666666666666666,2.0,2.3802101818181813,0.2994186177727759,1.9807007,2.8925958
