recording_id,lat,lon,ndvi_raw,naturalness_raw,nightlights_raw,hfi_raw,road_impact_raw,ndvi_norm,naturalness_norm,nightlights_norm,hfi_norm,road_impact_norm,raw_hqi,hqi
1106174,47.123,16.4243,0.6856530912536649,0.9243594317023226,0.25708449766331404,0.37222780704090386,0.0,0.7795627577078129,0.9177596680623792,0.0006853824615038086,0.33036442334967453,0.5,0.3636170043331867,0.8498021326822744
1106173,47.123,16.4243,0.6856530912536649,0.9243594317023226,0.25708449766331404,0.37222780704090386,0.0,0.7795627577078129,0.9177596680623792,0.0006853824615038086,0.33036442334967453,0.5,0.3636170043331867,0.8498021326822744
1100198,46.6031,0.1818,0.7217504927708885,0.9022132624263026,0.3154793945219926,0.47791288371016133,0.0,0.8206041972226569,0.8936237666774308,0.0008410621641386883,0.45413252200686954,0.5,0.35129911010229664,0.8308784448895951
1092231,47.8103,-2.3838,0.642644967721452,0.5939114624657854,1.182654549874443,0.6928910675828159,0.0,0.7306640772930457,0.5576224588256737,0.0031529349061069152,0.7058940943049488,0.5,0.20209013676736848,0.6016522497031183
1091980,49.0315,12.2836,0.6760351661412849,0.9975963200965706,0.4815015584693672,0.4370199102418121,0.0,0.7686275248332334,0.9975765562109787,0.001283674147454235,0.40624264262062537,0.5,0.36878926528013006,0.8577481540969388
1084417,48.0228,0.1995,0.5115217707509881,0.4280829001128335,14.001067288850482,0.895838595770105,0.0,0.5815817463976066,0.3768949579258926,0.03732658347482366,0.9435665309681369,0.5,0.06969796706056987,0.39826130976111873
1052236,45.2635,1.9197,0.8463480793765256,0.9079199534087427,0.44640204550320245,0.2444504537511778,0.0,0.9622671452310011,0.8998431777669906,0.0011900995024912387,0.18072399570812084,0.5,0.4362943187543317,0.9614545614121123
1047739,46.6068,0.1852,0.8346888875351963,0.7691778612400455,0.6495607820928279,0.5426388465009617,0.0,0.9490110659389901,0.7486357426214891,0.0017317168937590558,0.5299332840524349,0.5,0.34202591945045224,0.8166322627542242
1046158,46.6073,0.1863,0.8251871026696265,0.7510362221137702,0.6538834593655978,0.5547594198292787,0.0,0.9382078803230594,0.7288641601208883,0.0017432410705041572,0.5441277224987976,0.5,0.33171059753821935,0.8007850791618729
996274,51.9363,5.9001,0.5342121835673679,0.5697045320818268,8.963469317593152,0.777006962536273,0.0,0.6073799248267645,0.5312406463642214,0.02389644152153995,0.8044024619320891,0.5,0.13958448144496327,0.5056262988038348
994505,48.9512,2.4064,0.6448208122024425,0.7098592057645706,24.438422459396104,0.8393325973716729,0.0,0.7331379337455016,0.6839875770177857,0.06515237710842742,0.877392192973501,0.5,0.19629897001038626,0.5927554180198545
994504,48.9512,2.4064,0.6448208122024425,0.7098592057645706,24.438422459396104,0.8393325973716729,0.0,0.7331379337455016,0.6839875770177857,0.06515237710842742,0.877392192973501,0.5,0.19629897001038626,0.5927554180198545
990694,53.2024,5.7515,0.6677895289564356,0.5913060844801964,5.5833266988622405,0.751950163830508,0.0,0.7592525336826413,0.554782999533778,0.014885044532158925,0.7750583725678551,0.5,0.19723574519662684,0.5941945634471542
989898,50.1648,1.721,0.60940190702215,0.5597571922113195,0.5547296798755884,0.6171726546127564,0.0,0.6928679200176335,0.5203995834623363,0.0014788989492484882,0.6172200420925175,0.5,0.19508148576714684,0.5908850259479862
985820,53.0228,5.917,0.5597911093468574,0.7315189544498402,0.6389410618480168,0.48271297646018685,0.0,0.6364622379880788,0.7075933551446827,0.0017034049182489545,0.4597539244959653,0.5,0.24853324052454967,0.6730016848541295
985810,53.0232,5.9177,0.5637310327658968,0.7300560196116952,0.6402523682397955,0.48251357758516955,0.0,0.6409417883684149,0.7059989822964491,0.0017069008365588948,0.4595204078972831,0.5,0.24951284073273244,0.6745066213435829
983564,46.7666,6.1831,0.7006553640829103,0.9752863534753937,0.29502056656809794,0.36525159130493795,0.0,0.7966197991298354,0.9732621410379096,0.0007865193115358562,0.32219455694398486,0.5,0.38381498759452315,0.8808318137393485
983069,52.9638,6.1637,0.6841632100991882,0.7691722103150465,0.4411187291497477,0.5040399749890633,0.0,0.7778688167393312,0.7486295839867018,0.001176014279927658,0.48473003409604154,0.5,0.29757333304808303,0.7483408120494432
926836,46.576,0.3222,0.5850491481581799,0.430151466784798,6.600233761256172,0.7767915311111953,0.0,0.6651797142763334,0.3791493758606813,0.01759609973727259,0.8041501695677061,0.5,0.12019951286545989,0.47584563285612014
906512,49.3924,0.5392,0.6328638984354965,0.40721812428496684,1.124477367440369,0.6835537377038813,0.0,0.7195433553956952,0.35415557733487846,0.0029978356260552588,0.6949591203041501,0.5,0.14955846578159465,0.5209490936011926
905527,49.3549,0.5087,0.5939668052988295,0.4782345610213435,16.495281021372726,0.7557626854876679,0.0,0.6753187678028719,0.4315525163908618,0.043976110626598876,0.7795232276965769,0.5,0.13476005315877065,0.4982146444289228
905525,49.3549,0.5087,0.5939668052988295,0.4782345610213435,16.495281021372726,0.7557626854876679,0.0,0.6753187678028719,0.4315525163908618,0.043976110626598876,0.7795232276965769,0.5,0.13476005315877065,0.4982146444289228
899081,43.178,0.3973,0.8048508332375586,0.8027977333241109,0.4190696054577911,0.43271360598780506,0.0,0.9150862777485487,0.7852762065808349,0.001117231728636734,0.401199517265985,0.5,0.3604415610341482,0.8449237747041983
881427,52.0747,4.7632,0.6026550071842559,0.44611627256892256,15.260066753894643,0.7405064165917392,0.0,0.6851969390059527,0.3965485464907332,0.04068305249659261,0.7616565671106053,0.5,0.13231112275855977,0.4944524109293547
880732,46.8447,-2.0855,0.6800345303569499,0.6050502250091129,0.5352785467161936,0.477991695137212,0.0,0.7731746572487544,0.5697619882831323,0.0014270425921168975,0.45422481829680883,0.5,0.25597376298246466,0.6844323824529858
870733,50.4357,5.7941,0.6757543450976454,0.9575645844747652,0.8409905330317691,0.4574649382591248,0.0,0.7683082414667692,0.9539481520750802,0.0022420650286956853,0.4301858740062156,0.5,0.3540032163521294,0.835032698974822
843489,51.9363,5.9001,0.5085841492152956,0.5697045320818268,6.249800288944188,0.777006962536273,0.0,0.5782417769951802,0.5312406463642214,0.016661850655629938,0.8044024619320891,0.5,0.1322899552686701,0.4944198918183347
843484,51.9363,5.9001,0.5085841492152956,0.5697045320818268,6.249800288944188,0.777006962536273,0.0,0.5782417769951802,0.5312406463642214,0.016661850655629938,0.8044024619320891,0.5,0.1322899552686701,0.4944198918183347
843474,51.9363,5.9001,0.5961028278509304,0.5697045320818268,6.250596898672295,0.777006962536273,0.0,0.6777473481629448,0.5312406463642214,0.016663974402262933,0.8044024619320891,0.5,0.16214120186967285,0.5402796516369441
842245,47.9984,10.9503,0.7145885121715445,0.6269978137015825,0.7012674524100008,0.5745737906800558,0.0,0.8124612844029013,0.5936814675265445,0.0018695659095505942,0.567332389454417,0.5,0.2566849806024339,0.6855250091585471
842243,47.9984,10.9503,0.7145885121715445,0.6269978137015825,0.7012674524100008,0.5745737906800558,0.0,0.8124612844029013,0.5936814675265445,0.0018695659095505942,0.567332389454417,0.5,0.2566849806024339,0.6855250091585471
841519,47.0661,0.3026,0.7008684826364663,0.6483315874299025,0.6776495841780164,0.49253708622143016,0.0,0.7968621072145624,0.6169319833362056,0.0018066011146623802,0.4712589678234531,0.5,0.2722414626019697,0.7094240622753863
804299,47.4593,4.4201,0.7655734854137796,0.666156748782599,0.6384465077761883,0.4732850225926674,0.0,0.8704293543341595,0.6363586539814683,0.0017020864463450575,0.44871282048028305,0.5,0.3025711294343034,0.7560188077109941
801873,47.7976,-0.7484,0.7451481052185881,0.7773450649701175,0.8967075774188372,0.5857075554432264,0.0,0.8472064360460202,0.7575367322853425,0.0023906056267357007,0.5803711735388207,0.5,0.30601231672897145,0.7613054218659628
801249,43.3807,-0.6077,0.5681603781151533,0.4766227997804025,12.71983868773385,0.8036546906924139,0.0,0.6459777937760376,0.42979594576762736,0.03391085199212482,0.8356096933725405,0.5,0.11911870017041205,0.47418520603152875
799282,47.4205,4.4503,0.7957866674671791,0.5234015388677671,0.43800554401638564,0.5420529197590517,0.0,0.9047806492107148,0.480777540798936,0.0011677145866003102,0.5292471035519887,0.5,0.26200797151283006,0.693702593429323
798517,49.4238,8.7064,0.7336508768781084,0.9776182759303788,4.24354354854774,0.5951292072274309,0.0,0.8341345033946075,0.9758035760693762,0.011313207716675532,0.5914048971665236,0.5,0.35321786891741264,0.8338261883988427
798050,51.1403,4.9922,0.6080060402242005,0.6853788999651587,4.590275460559607,0.7252359420849787,0.0,0.6912808699710674,0.6573078276090351,0.012237588507802972,0.7437732702927425,0.5,0.20769770964810702,0.6102670304830733
798049,51.1403,4.9922,0.6080060402242005,0.6853788999651587,4.590275460559607,0.7252359420849787,0.0,0.6912808699710674,0.6573078276090351,0.012237588507802972,0.7437732702927425,0.5,0.20769770964810702,0.6102670304830733
798048,51.1403,4.9922,0.6136818706726013,0.6853788999651587,4.590275460559607,0.7252359420849787,0.0,0.6977340838383704,0.6573078276090351,0.012237588507802972,0.7437732702927425,0.5,0.20963367380829795,0.6132412061545446
795784,43.3996,3.6759,0.4187397928739458,0.45823120326320405,24.35186693839291,0.7690491249806901,0.0,0.47609199441943995,0.40975194834674983,0.06492162170862262,0.7950830153771167,0.5,0.06301880876422739,0.38800027780641133
795763,43.3996,3.6759,0.4187397928739458,0.45823120326320405,24.35186693839291,0.7690491249806901,0.0,0.47609199441943995,0.40975194834674983,0.06492162170862262,0.7950830153771167,0.5,0.06301880876422739,0.38800027780641133
795227,47.4607,4.4191,0.790714371768218,0.6752951589157195,0.4403044568913679,0.4786404552789488,0.0,0.8990136325175331,0.6463181085055983,0.001173843445319367,0.45498458317334495,0.5,0.3128011607165939,0.7717349613381241
792451,48.1362,7.0875,0.6962148177850233,0.9229737215778562,0.5148907343200035,0.43585895560993826,0.0,0.791571058648872,0.9162494582154572,0.0013726890656624218,0.40488304529673863,0.5,0.3555266875408826,0.8373731715098769
783633,52.3087,13.7614,0.5606974001252951,0.6369885625890054,0.8997594650914581,0.5514934781047465,0.0,0.6374926578134051,0.6045698395471506,0.0023987419021794013,0.5403029687084818,0.5,0.210865063544101,0.615132960903746
770768,52.0747,4.7632,0.5938252058410425,0.44611627256892256,16.980066948848787,0.7405064165917392,0.0,0.675157774342461,0.3965485464907332,0.04526854084038443,0.7616565671106053,0.5,0.12838227569075394,0.48841661666917224
767786,47.4736,4.4438,0.5899776894181585,0.6596193286515885,0.6183152164301605,0.45753385568574323,0.0,0.6707832873734526,0.6292338765254909,0.001648416800211588,0.43026658340366064,0.5,0.24367378447281712,0.6655362181565324
729993,52.2362,13.8762,0.619957482870102,0.6842304060435141,1.2439385982716982,0.5190308933336348,0.0,0.7048692278541924,0.6560561467567605,0.00331631703269643,0.5022859418846063,0.5,0.24946865035621762,0.6744387327196888
724068,42.6644,2.5014,0.682537911498783,0.9195620758665246,0.5141828620875323,0.3449411951005458,0.0,0.7760209110342553,0.9125312917270324,0.001370801891532783,0.2984089932635154,0.5,0.36590358687420077,0.8533149550289568
718274,48.0014,-2.0948,0.6649770096152157,0.5532779813989712,1.480046369270388,0.6568216161003242,0.0,0.7560548009491111,0.513338245166306,0.003945775933322906,0.6636530554535804,0.5,0.20481388807160822,0.6058366840179606
718046,47.8589,-2.2364,0.7249701531736382,0.5956334742333457,0.6290141536916402,0.5970698238627332,0.0,0.8242648346127122,0.5594991854815364,0.001676939966806219,0.5936775589154055,0.5,0.2477672249235257,0.6718248733142359
716880,51.4279,5.4685,0.485494099798536,0.4144448365516138,22.318343482613095,0.8556192575799787,0.0,0.5519892262103119,0.36203157667504665,0.05950028621653321,0.8964655478026428,0.5,0.059734772618152174,0.38295509122148724
716109,42.278,8.8312,0.4594176413994167,0.8130177776386145,0.40899743581324033,0.11739140385450264,0.0,0.5223412364612948,0.7964144751748421,0.0010903795127839256,0.031924775245657795,0.5,0.3007991975426935,0.7532966309104635
715983,51.9892,4.4694,0.4498972772277227,0.26284124518918345,24.816399742378795,0.86631568858004,0.0,0.5115169268465035,0.19680709540596725,0.06616005747405751,0.9089921690534231,0.5,0.0030760150526178837,0.2959115902144324
715846,48.2128,-3.0134,0.7482554045893718,0.7300986715139244,0.6027659535257346,0.4945322607756669,0.0,0.8507393230079717,0.7060454662771888,0.0016069627561876565,0.4735955225088407,0.5,0.31037244254412505,0.7680037794030697
712879,44.0632,1.9509,0.639187138973836,0.6752769655164318,2.308303358852864,0.5468878086296902,0.0,0.7267326511118494,0.6462982805125224,0.006153893573388524,0.5349092558784754,0.5,0.2481271983652364,0.6723778919468774
711367,52.1283,5.8665,0.6090120229684828,0.9908773184558587,1.0117861713104226,0.5405625426852879,0.0,0.6924246359546865,0.9902538829764195,0.0026974030052812807,0.5275017186545609,0.5,0.32562612313127043,0.7914376459154577
711263,47.52,5.1814,0.5717606255321415,0.4420402597466496,0.7809314314714484,0.669188426469588,0.0,0.650071144831578,0.3921063225423825,0.00208194858745842,0.6781358628100812,0.5,0.14091115494606515,0.5076644357343107
710918,51.9892,4.4694,0.41995094803598015,0.26284124518918345,24.51476955450926,0.86631568858004,0.0,0.4774690340188695,0.19680709540596725,0.06535591703577788,0.9089921690534231,0.5,-0.006977524708016394,0.28046657631226457
709335,42.7053,2.515,0.5642612550665894,0.8513583887287032,0.4416061062223518,0.29924377514342776,0.0,0.6415446319407677,0.8381998149677177,0.0011773136180858825,0.2448926127121533,0.5,0.3150439886937196,0.7751805645894799
699177,47.467,4.4459,0.7765876637903486,0.6920265319544102,0.9392093971996366,0.44738919779556957,0.0,0.8829520766534371,0.6645527189550854,0.002503914683191937,0.41838614523618056,0.5,0.31776509801273695,0.7793609400852933
694592,51.94,5.9038,0.4681648009587666,0.5834888190842512,7.822435937281212,0.7839158461450971,0.0,0.5322864404065277,0.5462633885642726,0.020854467874881575,0.8124934754891315,0.5,0.12020686436468046,0.4758569267894379
682783,46.812,1.2854,0.48367532896510795,0.8074845022048914,0.3643845980839891,0.2569339218490324,0.0,0.549921349576148,0.790384060228601,0.000971442521967822,0.1953434212676488,0.5,0.28307661823545377,0.7260698540438327
659797,42.6767,2.4973,0.6892361066048668,0.9666159482698276,0.35272611861369035,0.3049328565983146,0.0,0.7836365165280135,0.96381273954545,0.0009403612337945865,0.2515551124421845,0.5,0.38812280073168,0.8874498045540713
659796,42.6767,2.4973,0.6892361066048668,0.9666159482698276,0.35272611861369035,0.3049328565983146,0.0,0.7836365165280135,0.96381273954545,0.0009403612337945865,0.2515551124421845,0.5,0.38812280073168,0.8874498045540713
659768,50.4674,3.6782,0.7859426454601711,0.7729107456627801,3.2976087921247332,0.5841801617029097,0.0,0.893588352347168,0.7527040096515839,0.008791363351605042,0.5785824383162357,0.5,0.3177068696992901,0.7792714853129347
653264,51.9892,4.4694,0.47417888031450195,0.26284124518918345,28.018077903777225,0.86631568858004,0.0,0.539124231043566,0.19680709540596725,0.07469567155871565,0.9089921690534231,0.5,0.009651083494804993,0.306012711403103
650119,44.6377,1.6884,0.7401912650095387,0.9935702666665962,0.29827349709373213,0.21018306835406073,0.0,0.8415706880676683,0.9931887802780269,0.0007951915634647915,0.14059336165628195,0.5,0.42952035892867196,0.9510478881237936
649523,54.0372,13.4249,0.7745944089456868,0.9662245285773396,1.5809792594731196,0.3094210161793525,0.0,0.880685818011362,0.963386152582248,0.004214861130456959,0.25681120909576927,0.5,0.41568762995851377,0.9297969957678921
649165,46.203,6.1061,0.5850706113537117,0.5327988816639182,20.418656766649,0.8652951578492103,0.0,0.6652041171531109,0.49101919190263515,0.05443575696911544,0.9077970225657943,0.5,0.12525932834289988,0.4836189069717173
647427,51.9892,4.4694,0.4531786481589333,0.26284124518918345,28.018077903777225,0.86631568858004,0.0,0.5152477268747213,0.19680709540596725,0.07469567155871565,0.9089921690534231,0.5,0.0024881322441516335,0.2950084398449317
644945,46.7976,1.3054,0.6754913208310848,0.8594850563922105,0.3807630061061188,0.22901229312022525,0.0,0.7680091923919533,0.8470566265846616,0.0010151070513647763,0.16264432118569916,0.5,0.3675672447756236,0.8558707930748297
644789,51.9892,4.4694,0.4430485985730926,0.26284124518918345,30.450650025156225,0.86631568858004,0.0,0.5037302270025691,0.19680709540596725,0.08118086332830944,0.9089921690534231,0.5,-0.0022641560714128234,0.2877076123902669
642636,52.35,9.4847,0.732595364259678,0.4110080987840123,0.9053994907316542,0.766025170557871,0.0,0.8329344237360815,0.3582860637237583,0.0024137781050284917,0.791541653615043,0.5,0.1702378393885019,0.5527183231910953
641390,52.3139,9.4218,0.6302558823529412,0.7733739937799599,1.310479300095556,0.59228747586794,0.0,0.7165781354683034,0.7532088784952048,0.003493713298985319,0.5880769373604344,0.5,0.26436537700042995,0.6973242193835559
641368,52.3087,9.4223,0.5999219024096385,0.9247465875641832,0.9397876758162197,0.5285382776424802,0.0,0.6820894977614168,0.9181816081092562,0.002505456363165919,0.5134200671196343,0.5,0.3066581500151608,0.7622976001754111
641218,47.2523,8.8597,0.5731427808988763,0.68156738700941,2.986417272973225,0.7654373095897918,0.0,0.6516426054769349,0.6531538676315407,0.007961732582990998,0.7908532079367413,0.5,0.18856092084385623,0.5808676372184411
640219,51.9892,4.4694,0.4196497039409822,0.26284124518918345,30.422002082854384,0.86631568858004,0.0,0.4771265303819203,0.19680709540596725,0.08110448845004833,0.9089921690534231,0.5,-0.010229990081955256,0.2754698911533215
635601,50.6721,3.3588,0.6187758846019291,0.44369031993945995,4.990574751458897,0.7456087997252414,0.0,0.7035257933737098,0.39390463310329843,0.013304778928962062,0.7676319827412381,0.5,0.14172814309095944,0.5089195551804193
633254,46.5529,5.9105,0.5479191107137051,0.7002625154502435,0.40565504757756027,0.4153247829494492,0.0,0.6229642050731516,0.6735286679323534,0.0010814687682734888,0.3808354163619472,0.5,0.2479298222970871,0.6720746677901025
631744,51.1405,4.9916,0.6279396862279791,0.6742145264238923,4.5604455001455015,0.7283464009275127,0.0,0.7139447042745987,0.6451403861225065,0.012158062391366516,0.7474159376306929,0.5,0.21092450469012902,0.6152242789219388
631477,49.4218,8.6781,0.41608183511956653,0.40147586795022133,16.244488223885988,0.8579701502955693,0.0,0.47306999261808264,0.3478974055086302,0.0433075017200673,0.8992186850546153,0.5,0.03535104606037655,0.34549495234123434
630951,50.4331,4.8907,0.571379597845361,0.7834938573180501,4.878331260560652,0.716804900765419,0.0,0.6496379301373563,0.7642379655278302,0.0130055398819606,0.7338996534424869,0.5,0.2232648144303993,0.6341824031282838
627978,51.1404,4.9922,0.628022266739213,0.6835464343681996,4.540462841385905,0.7258048296830985,0.0,0.7140385953280943,0.6553107233519389,0.01210478899692801,0.7444394962026626,0.5,0.21395237720662802,0.6198759274183654
627276,49.0699,1.6524,0.5718397377658475,0.8978597044542497,0.9847319623489967,0.4742699008938095,0.0,0.6501610925790074,0.88887906141588,0.0026252769902918266,0.44986621430448925,0.5,0.2992631055839405,0.7509367693867794
602153,46.5763,0.3224,0.5438815940615517,0.42532233133089087,15.869451629170635,0.7785491774308272,0.0,0.618373694717705,0.37388636465376046,0.042307661174346624,0.8062085542512265,0.5,0.09959088420619826,0.44418508704585236
602152,46.5763,0.3224,0.5438815940615517,0.42532233133089087,15.869451629170635,0.7785491774308272,0.0,0.618373694717705,0.37388636465376046,0.042307661174346624,0.8062085542512265,0.5,0.09959088420619826,0.44418508704585236
602151,46.5763,0.3224,0.5438815940615517,0.42532233133089087,15.869451629170635,0.7785491774308272,0.0,0.618373694717705,0.37388636465376046,0.042307661174346624,0.8062085542512265,0.5,0.09959088420619826,0.44418508704585236
602149,46.5763,0.3224,0.5438815940615517,0.42532233133089087,15.869451629170635,0.7785491774308272,0.0,0.618373694717705,0.37388636465376046,0.042307661174346624,0.8062085542512265,0.5,0.09959088420619826,0.44418508704585236
602148,46.5763,0.3224,0.5438815940615517,0.42532233133089087,15.869451629170635,0.7785491774308272,0.0,0.618373694717705,0.37388636465376046,0.042307661174346624,0.8062085542512265,0.5,0.09959088420619826,0.44418508704585236
593044,46.6087,0.1831,0.745410700167867,0.7325093276835846,0.41518429806334817,0.5675370427298133,0.0,0.8475049970026196,0.7086727088878075,0.0011068735718053966,0.5590916335976844,0.5,0.29733455656872404,0.7479739854260832
583661,51.4154,4.4126,0.6683722158057698,0.7500857288522985,1.6347023959605302,0.533782434363605,0.0,0.7599150275486231,0.7278282693833069,0.004358086007336421,0.5195615142083769,0.5,0.2811257312776898,0.72307275283355
581932,47.994,10.9672,0.7581009248021109,0.6819539262968572,0.6745344085895735,0.5208462010115488,0.0,0.8619333232772295,0.6535751357076109,0.0017982961148190224,0.5044118539514192,0.5,0.2959523435943949,0.7458505245244947
571732,52.3457,4.8095,0.5029704152623974,0.44751767186703206,23.80008398146646,0.8898498845538203,0.0,0.5718591645966017,0.39807585511185584,0.06345057866763233,0.9365531339587727,0.5,0.0679036273296021,0.39550470833019535
556936,48.8205,2.1781,0.7958007163621261,0.9103582047929102,13.214362067899271,0.7169418052912158,0.0,0.9047966222959781,0.9025004948960393,0.03522924207262218,0.7340599827282236,0.5,0.3299092645890453,0.7980177342162287
553637,51.1405,4.9916,0.6870122398279527,0.6742145264238923,4.6397826447876875,0.7283464009275127,0.0,0.7811080604625473,0.6451403861225065,0.012369573734826667,0.7474159376306929,0.5,0.2310312092778215,0.6461137307247434
551734,51.1404,4.992,0.6892472984668645,0.6809150928966554,4.532819872956655,0.7264462661857332,0.0,0.7836492412701813,0.6524429678735192,0.012084412986072251,0.745190684344285,0.5,0.234010029100577,0.6506900207350202
551692,51.1405,4.9916,0.6870122398279527,0.6742145264238923,4.5703259762074815,0.7283464009275127,0.0,0.7811080604625473,0.6451403861225065,0.012184403555714193,0.7474159376306929,0.5,0.231068243313644,0.6461706252327227
550313,47.8954,-2.4272,0.6778432084412267,0.6317818627095177,0.41619932246897884,0.6123418365234853,0.0,0.7706832035129836,0.5988953414763528,0.0011095796078827982,0.6115626570698524,0.5,0.23897248194092885,0.6583137189480814
546441,51.2162,4.6625,0.654940190389174,0.6116323189966901,6.584936895195445,0.7584468904299403,0.0,0.7446433006229598,0.5769354533375445,0.017555318578512388,0.7826667078602993,0.5,0.1967157836265267,0.5933957588599146
545839,46.5761,0.3222,0.5731463685636853,0.42903327410793446,15.593853434701995,0.7770153482755026,0.0,0.6516466845220203,0.37793071868156486,0.041572921543494595,0.804412282495531,0.5,0.11100025834396875,0.461713037038441
543377,46.5761,0.3221,0.5540064281842816,0.42921314121797505,15.522223974768549,0.7764874286465832,0.0,0.6298852647969966,0.37812674602951063,0.04138195874328068,0.8037940342927157,0.5,0.10465176905391314,0.4519600040095562
543375,46.5761,0.3221,0.5540064281842816,0.42921314121797505,15.522223974768549,0.7764874286465832,0.0,0.6298852647969966,0.37812674602951063,0.04138195874328068,0.8037940342927157,0.5,0.10465176905391314,0.4519600040095562
541533,48.8205,2.1781,0.6336826437915284,0.9103582047929102,12.18935369366927,0.7169418052912158,0.0,0.7204742392431547,0.9025004948960393,0.03249658892170438,0.7340599827282236,0.5,0.2751590803033818,0.7139063289229973
541531,48.8205,2.1781,0.6336826437915284,0.9103582047929102,12.18935369366927,0.7169418052912158,0.0,0.7204742392431547,0.9025004948960393,0.03249658892170438,0.7340599827282236,0.5,0.2751590803033818,0.7139063289229973
541528,48.8205,2.1781,0.6336826437915284,0.9103582047929102,12.18935369366927,0.7169418052912158,0.0,0.7204742392431547,0.9025004948960393,0.03249658892170438,0.7340599827282236,0.5,0.2751590803033818,0.7139063289229973
541526,48.8205,2.1781,0.6336826437915284,0.9103582047929102,12.18935369366927,0.7169418052912158,0.0,0.7204742392431547,0.9025004948960393,0.03249658892170438,0.7340599827282236,0.5,0.2751590803033818,0.7139063289229973
541522,48.8205,2.1781,0.6336826437915284,0.9103582047929102,12.18935369366927,0.7169418052912158,0.0,0.7204742392431547,0.9025004948960393,0.03249658892170438,0.7340599827282236,0.5,0.2751590803033818,0.7139063289229973
541517,48.8205,2.1781,0.6336826437915284,0.9103582047929102,12.18935369366927,0.7169418052912158,0.0,0.7204742392431547,0.9025004948960393,0.03249658892170438,0.7340599827282236,0.5,0.2751590803033818,0.7139063289229973
538945,47.52,5.1814,0.6111375558748404,0.4420402597466496,3.431645976671982,0.669188426469588,0.0,0.6948412899670664,0.3921063225423825,0.009148703978181232,0.6781358628100812,0.5,0.1529288474085671,0.5261269306937587
537814,48.8205,2.1781,0.6336826437915284,0.9103582047929102,13.69369918498756,0.7169418052912158,0.0,0.7204742392431547,0.9025004948960393,0.036507145859844554,0.7340599827282236,0.5,0.2743569689157538,0.7126740642850724
537813,48.8205,2.1781,0.6336826437915284,0.9103582047929102,13.69369918498756,0.7169418052912158,0.0,0.7204742392431547,0.9025004948960393,0.036507145859844554,0.7340599827282236,0.5,0.2743569689157538,0.7126740642850724
536592,48.8205,2.1781,0.5708787115863786,0.9103582047929102,13.69369918498756,0.7169418052912158,0.0,0.6490684405830449,0.9025004948960393,0.036507145859844554,0.7340599827282236,0.5,0.2529352293177209,0.6797643554882015
536587,48.8205,2.1781,0.5708787115863786,0.9103582047929102,13.69369918498756,0.7169418052912158,0.0,0.6490684405830449,0.9025004948960393,0.036507145859844554,0.7340599827282236,0.5,0.2529352293177209,0.6797643554882015
536136,47.52,5.1812,0.5823646234699308,0.4411693727091134,3.4493921849239175,0.66935912318361,0.0,0.6621275068323623,0.39115719028418355,0.009196015037403478,0.6783357662250888,0.5,0.14283798167951056,0.5106245737945053
535697,48.8196,2.1885,0.48875236970514946,0.7272617731874822,21.006486053435133,0.7986816490072122,0.0,0.5556937612093618,0.702953685599784,0.056002898851194784,0.8297857498857356,0.5,0.1567781075096552,0.5320404573908089
535694,48.8196,2.1885,0.48875236970514946,0.7272617731874822,21.006486053435133,0.7986816490072122,0.0,0.5556937612093618,0.702953685599784,0.056002898851194784,0.8297857498857356,0.5,0.1567781075096552,0.5320404573908089
533705,48.6647,1.8492,0.5597817531802641,0.9102049316947515,6.28183721382949,0.6192458404435053,0.0,0.63645160036517,0.9023334509104174,0.01674726049806103,0.6196479560092365,0.5,0.2702221973361577,0.7063219130975665
533700,48.6647,1.8492,0.5597817531802641,0.9102049316947515,6.28183721382949,0.6192458404435053,0.0,0.63645160036517,0.9023334509104174,0.01674726049806103,0.6196479560092365,0.5,0.2702221973361577,0.7063219130975665
516323,42.6638,2.4999,0.6372523092078578,0.9156067245567948,0.4896910177129839,0.3451719338167979,0.0,0.7245328196704082,0.9082205701767444,0.0013055070925979207,0.29867921204082193,0.5,0.34935200522066573,0.8278871539928782
505777,43.8958,3.7375,0.6128783807576534,0.6910412378223392,4.531494056112773,0.45533323622397176,0.0,0.696820544875479,0.6634789006477095,0.012080878383168448,0.4276894315934401,0.5,0.25834629820892135,0.6880772518650002
478194,48.3941,2.577,0.7143917770043959,0.9730168781051481,0.9420540757684983,0.36161982336506016,0.0,0.8122376036357658,0.9707887636763843,0.0025114985430412656,0.31794138301584796,0.5,0.38817496484884034,0.8875299430459775
471713,41.4115,9.2336,0.541040836633761,0.6749206904288616,0.5281392337446874,0.39790103866152793,0.0,0.6151438563014028,0.645909995736391,0.0014080093172896258,0.36043041908164075,0.5,0.24167449109881456,0.662464751320852
470193,51.94,5.9038,0.5535921618404431,0.5834888190842512,9.320886699090323,0.7839158461450971,0.0,0.6294142589522803,0.5462633885642726,0.024849309574422683,0.8124934754891315,0.5,0.148546241588498,0.51939403766003
468695,51.94,5.9038,0.5940137272050011,0.5834888190842512,8.102406823917281,0.7839158461450971,0.0,0.6753721163125465,0.5462633885642726,0.021600865021252236,0.8124934754891315,0.5,0.16298328770721193,0.5415733280710432
467945,42.6621,2.5006,0.6665684322361305,0.9133737865878846,0.548454862488089,0.3552712054164321,0.0,0.7578641908911452,0.9057870129351008,0.0014621704034761035,0.3105064981923107,0.5,0.3569376016915769,0.8395407253457471
467944,42.6621,2.5006,0.6665684322361305,0.9133737865878846,0.548454862488089,0.3552712054164321,0.0,0.7578641908911452,0.9057870129351008,0.0014621704034761035,0.3105064981923107,0.5,0.3569376016915769,0.8395407253457471
467687,52.2268,6.7255,0.6864464332286889,0.8560465064562476,0.9961303092222877,0.6030510994054937,0.0,0.7804647588301652,0.8433091386499656,0.0026556647698277266,0.6006822479860205,0.5,0.30433324215967233,0.7587258995600835
462833,50.459,3.694,0.5839555209849284,0.7135218657286571,4.556689424961299,0.6074641670089169,0.0,0.663936299747967,0.687979310242525,0.012148048765190139,0.6058504042076475,0.5,0.2278685471008362,0.6412550080803405
462714,50.9925,4.3981,0.6081981067182567,0.6495395413345553,3.1077891081239915,0.7041622506855408,0.0,0.6914992426258103,0.6182484663792496,0.008285307625006212,0.7190938094038656,0.5,0.2024907564469744,0.6022677121838281
462709,50.9925,4.3981,0.6081981067182567,0.6495395413345553,3.1077891081239915,0.7041622506855408,0.0,0.6914992426258103,0.6182484663792496,0.008285307625006212,0.7190938094038656,0.5,0.2024907564469744,0.6022677121838281
462704,50.9925,4.3981,0.6081981067182567,0.6495395413345553,3.1077891081239915,0.7041622506855408,0.0,0.6914992426258103,0.6182484663792496,0.008285307625006212,0.7190938094038656,0.5,0.2024907564469744,0.6022677121838281
438243,46.5763,0.3224,0.5563716099552087,0.42532233133089087,15.633564475512012,0.7785491774308272,0.0,0.6325743908978546,0.37388636465376046,0.041678790435421685,0.8062085542512265,0.5,0.10397686720802816,0.4509231683635574
437705,46.5763,0.3224,0.5603463155613347,0.42532233133089087,15.633564475512012,0.7785491774308272,0.0,0.6370934873664825,0.37388636465376046,0.041678790435421685,0.8062085542512265,0.5,0.1053325961486166,0.4530059424743188
436195,46.3251,-1.3199,0.4673589558316079,0.5367171336481009,0.8182404689806975,0.608007674259873,0.0,0.5313702236525646,0.495289480922507,0.002181413783519816,0.6064869071196693,0.5,0.14182411850174176,0.5090669999201919
418483,42.5154,3.1364,0.4214648100021415,0.576947513849324,1.0391777089568843,0.5073542060095003,0.0,0.4791902403026067,0.5391343769455451,0.0027704283322346496,0.48861133962032005,0.5,0.15469487971767337,0.5288400441060742
417023,50.1317,4.6177,0.8303311100439768,0.9782486443854974,0.7723636972403488,0.4251282561847693,0.0,0.9440564305966178,0.9764905802496161,0.002059107168274476,0.3923162921942985,0.5,0.41808030897858967,0.9334728116107058
407134,46.9846,7.2564,0.5496563549676473,0.7586091392839557,0.5735129025161909,0.6632314955547737,0.0,0.6249393889360858,0.7371174692931384,0.0015289746694315464,0.6711596838035963,0.5,0.22078143649968457,0.6303672487073093
407131,46.9846,7.2564,0.5496563549676473,0.7586091392839557,0.5735129025161909,0.6632314955547737,0.0,0.6249393889360858,0.7371174692931384,0.0015289746694315464,0.6711596838035963,0.5,0.22078143649968457,0.6303672487073093
407130,46.9846,7.2564,0.5496563549676473,0.7586091392839557,0.5735129025161909,0.6632314955547737,0.0,0.6249393889360858,0.7371174692931384,0.0015289746694315464,0.6711596838035963,0.5,0.22078143649968457,0.6303672487073093
407129,46.9846,7.2564,0.5496563549676473,0.7586091392839557,0.5735129025161909,0.6632314955547737,0.0,0.6249393889360858,0.7371174692931384,0.0015289746694315464,0.6711596838035963,0.5,0.22078143649968457,0.6303672487073093
406287,46.9846,7.2564,0.5232539952680542,0.7586091392839557,0.5735129025161909,0.6632314955547737,0.0,0.5949208611995955,0.7371174692931384,0.0015289746694315464,0.6711596838035963,0.5,0.2117758781787375,0.6165322237533686
406286,46.9846,7.2564,0.5232539952680542,0.7586091392839557,0.5735129025161909,0.6632314955547737,0.0,0.5949208611995955,0.7371174692931384,0.0015289746694315464,0.6711596838035963,0.5,0.2117758781787375,0.6165322237533686
402253,51.0553,3.7593,0.36910496207802496,0.40434298306864874,24.835645524114334,0.8996599623108212,0.0,0.4196589876012534,0.3510221178186995,0.0662113663681346,0.9480417443655478,0.5,0.008204690806591822,0.30379065273428274
402252,51.0553,3.7593,0.36910496207802496,0.40434298306864874,24.835645524114334,0.8996599623108212,0.0,0.4196589876012534,0.3510221178186995,0.0662113663681346,0.9480417443655478,0.5,0.008204690806591822,0.30379065273428274
402251,51.0553,3.7593,0.36910496207802496,0.40434298306864874,24.835645524114334,0.8996599623108212,0.0,0.4196589876012534,0.3510221178186995,0.0662113663681346,0.9480417443655478,0.5,0.008204690806591822,0.30379065273428274
385159,52.1845,6.9603,0.6950295467723229,0.7427739532620959,1.2689452771763325,0.6042939877137541,0.0,0.7902234483907422,0.7198595641686723,0.003382984370857518,0.6021377980750653,0.5,0.27603465897395946,0.7152514595995044
384625,52.0257,7.6455,0.641562811620914,0.6911919484435554,1.0046720241615041,0.656273469236898,0.0,0.7294337049593291,0.6636431519295454,0.002678436822066252,0.6630111190779892,0.5,0.23475354424407352,0.6518322653574309
384622,51.3951,7.0088,0.6629711890243902,0.6868781612421323,6.249788322360287,0.7483875195185344,0.0,0.753774255508279,0.6589417906606265,0.016661818752941114,0.7708861495200852,0.5,0.22190243813903937,0.6320894168507111
381182,43.8959,3.7364,0.6094362238814445,0.6891922248527843,4.503894976641764,0.45357866294237414,0.0,0.6929069370450613,0.6614637623122057,0.01200729975359331,0.4256346457536412,0.5,0.256991364877805,0.6859957000301385
371625,48.2702,7.3967,0.6112984419263455,0.6035757293428649,12.209405543575576,0.6601083924922535,0.0,0.6950242115867424,0.5681550159192196,0.032550046778445654,0.6675022087830853,0.5,0.19391067678267565,0.5890863399654881
371457,51.3948,7.0112,0.5703658401357199,0.6626282628829382,6.411798516011329,0.7541397641950411,0.0,0.6484853242994238,0.6325131497477131,0.017093734898498362,0.7776226198814611,0.5,0.1826117447648366,0.5717280595736907
371430,51.3949,7.0094,0.5708104081632651,0.6772666827905541,6.3236407373350065,0.750636581439598,0.0,0.6489907820621945,0.648466764791388,0.016858707909710356,0.7735200324343539,0.5,0.18741417936941018,0.5791059255788887
361979,52.3568,4.5675,0.5833768858614545,0.9244546647303008,3.2988844903748427,0.6147830553238209,0.0,0.6632784125476962,0.9178634573427384,0.00879476433927541,0.6144215754606607,0.5,0.28452719891303924,0.7282983466210691
359045,52.2266,13.8401,0.43599850726456507,0.6107458671847977,0.4088977823481743,0.5660330084632856,0.0,0.495714528258298,0.5759693578811392,0.0010901138385102718,0.5573302547223493,0.5,0.15888913697171975,0.5352835817197283
357767,46.9769,7.1444,0.5808188938790878,0.434331773354934,1.0368141869541705,0.7945036915332258,0.0,0.6603700682123382,0.38370526387355336,0.0027641272267897,0.8248929318160266,0.5,0.11975057121432785,0.47515593448041504
351439,47.6037,7.6657,0.5784296506376196,0.49932675022763034,8.35556536845547,0.8211165806262829,0.0,0.6576535850900233,0.4545397424131448,0.022275780965167063,0.8560593631290356,0.5,0.1280669504679044,0.4879321900327267
348069,42.3089,9.1321,0.6238415340677272,0.8735446881563746,0.0,0.5342638747035171,0.0,0.7092852535402472,0.8623794520150622,0.0,0.5201253303815372,0.5,0.3003616395086091,0.7526244209147464
337767,48.3447,10.9154,0.6157437255518302,0.7392078004425151,6.79936875635807,0.7341123632121902,0.0,0.700078338237787,0.7159730088143673,0.018126989909006054,0.7541684727226339,0.5,0.22226608478473164,0.6326480785392227
331371,52.6408,13.2956,0.6756436603042485,0.9291245247428305,6.953070953402874,0.6592184431058538,0.0,0.768182396861272,0.922952882937709,0.018536757091028342,0.6664599864852245,0.5,0.3075165904018195,0.7636164017141529
315677,53.7472,9.6669,0.4624735991329076,0.528115155356669,10.853219787724242,0.8718260813626054,0.0,0.5258157498391939,0.4859146541897286,0.02893448092344377,0.91544540596299,0.5,0.08611968142005307,0.4234895987636427
309830,51.3955,7.0093,0.562644350595062,0.6911556275902863,5.916450713603001,0.7457382546947029,0.0,0.6397062700565249,0.6636035678135841,0.01577314692372384,0.7677835878300258,0.5,0.1894906054111049,0.5822958894965105
309828,51.3952,7.0089,0.5476665453651344,0.688226848217839,6.067063773703125,0.7476561144113162,0.0,0.6226770474096847,0.660411650998056,0.016174678524439934,0.7700295988856767,0.5,0.18316665143467986,0.5725805494861187
309826,51.3937,7.0164,0.4898662962416613,0.6793554497329709,5.926311625270577,0.7688263219478084,0.0,0.5569602553793207,0.6507431978986207,0.01579943592976202,0.7948220901015347,0.5,0.1573906753872688,0.5329815308446395
309824,51.3954,7.0079,0.500657857985838,0.7008317717573243,6.027972307420667,0.7443725103630293,0.0,0.5692298706418765,0.6741490693173161,0.016070461406612967,0.7661841606969777,0.5,0.17116451213602274,0.5541419484821855
308734,52.162,14.0957,0.6043735797514868,0.5691432561514983,0.2109812248580472,0.6252527671671732,0.0,0.687150893836641,0.5306289423563946,0.0005624719986565404,0.6266826852519295,0.5,0.19468760655257017,0.590279918683306
304755,51.4288,7.0034,0.47344281309880637,0.40725966525073576,23.19221958301797,0.8601766209265274,0.0,0.5382873492503595,0.3542008505665935,0.06183002355265696,0.9018026891859766,0.5,0.05240000932832832,0.37168686891594455
304754,51.3909,7.002,0.6440351162962233,0.7052753356748429,7.5920047024612565,0.7572738042462013,0.0,0.7322446259267446,0.6789918671472358,0.02024014251351693,0.7812929032409699,0.5,0.21817939057598346,0.6263697874725106
304752,48.7558,5.9045,0.6651971932148797,0.7236264147683338,0.4893137367971495,0.52624415878422,0.0,0.7563051417356483,0.6989917068390366,0.0013045012687340812,0.5107334178960257,0.5,0.27476855629230296,0.713306376177611
304747,48.3592,7.3186,0.7058828928758512,0.9192175239574525,1.9359564192067482,0.48397053373818427,0.0,0.802563310234512,0.9121557834034161,0.005161223597767189,0.4612266534578542,0.5,0.3485916961829761,0.8267191093104427
304746,48.3592,7.3186,0.7058828928758512,0.9192175239574525,1.9359564192067482,0.48397053373818427,0.0,0.802563310234512,0.9121557834034161,0.005161223597767189,0.4612266534578542,0.5,0.3485916961829761,0.8267191093104427
304745,48.3592,7.3186,0.7058828928758512,0.9192175239574525,1.9359564192067482,0.48397053373818427,0.0,0.802563310234512,0.9121557834034161,0.005161223597767189,0.4612266534578542,0.5,0.3485916961829761,0.8267191093104427
303440,48.3268,7.3137,0.6946584795934404,0.7927451623451925,3.080504422170256,0.5073551275893325,0.0,0.7898015584336276,0.7743204580363185,0.008212567162666782,0.4886124188851244,0.5,0.3055862057738659,0.7606507977452884
303437,48.3263,7.3132,0.6949401892986867,0.8041843178078741,2.88428563659846,0.5036744932013173,0.0,0.7901218521761868,0.786787369344241,0.007689451550987187,0.48430201731837746,0.5,0.30955020508096226,0.7667405955542169
303436,48.3272,7.3139,0.6945694693435377,0.7813682562781973,3.224558888030541,0.5091679669535669,0.0,0.7897003569998946,0.7619213889478262,0.008596613673830755,0.4907354403026551,0.5,0.3020608155567605,0.7552348246442555
303422,48.3498,7.3288,0.6958137565029151,0.9287794069858064,1.1310796184396015,0.5102245949227632,0.0,0.7911150664815817,0.9225767579272881,0.00301543710371124,0.49197286037043536,0.5,0.34357969294998897,0.8190192880082677
303416,48.3581,7.3218,0.6694295937259835,0.9122164377623795,1.931031422259296,0.48409828196718063,0.0,0.7611172279877898,0.9045256816063177,0.005148093648036948,0.4613762597779516,0.5,0.3342305311016162,0.8046563931314662
303404,48.3596,7.3213,0.6691258423239412,0.9209426900437152,1.84329788017802,0.4755258246498173,0.0,0.7607718736334461,0.9140359477791026,0.004914197666075164,0.45133703024405614,0.5,0.33805715496498595,0.8105351443151572
303403,48.3596,7.3213,0.6691258423239412,0.9209426900437152,1.84329788017802,0.4755258246498173,0.0,0.7607718736334461,0.9140359477791026,0.004914197666075164,0.45133703024405614,0.5,0.33805715496498595,0.8105351443151572
303395,51.3954,7.0079,0.4323686959087332,0.7008317717573243,6.024348770330837,0.7443725103630293,0.0,0.4915875640739208,0.6741490693173161,0.016060801124516806,0.7661841606969777,0.5,0.1478737522220553,0.5183609082487914
303321,51.3954,7.0079,0.6984515538945716,0.7008317717573243,5.226003346696113,0.7443725103630293,0.0,0.7941141466799286,0.6741490693173161,0.013932427159713755,0.7661841606969777,0.5,0.23905740179681817,0.6584441793019477
303316,51.3888,7.0014,0.693359214282199,0.6964622523143413,7.464988505744221,0.757052849562988,0.0,0.7883243407823903,0.6693869685196108,0.019901519709154828,0.7810341425730253,0.5,0.23270861903683504,0.6486906954221966
303312,51.576,7.2223,0.4455158950995281,0.5020958633629031,0.0,0.8828202370521662,0.0,0.5065354538859106,0.4575576477097091,0.0,0.9283206934578982,0.5,0.07710194407451572,0.40963586346403363
281645,50.233,5.466,0.6855229162464705,0.8705373335985953,0.0,0.4569520064783563,0.0,0.7794147534343873,0.859101900392862,0.0,0.4295851781156762,0.5,0.33416212441118026,0.8045513015607418
281644,50.233,5.466,0.6855229162464705,0.8705373335985953,0.0,0.4569520064783563,0.0,0.7794147534343873,0.859101900392862,0.0,0.4295851781156762,0.5,0.33416212441118026,0.8045513015607418
281640,51.371252,4.612641,0.790705714742486,0.8346524090974671,0.0,0.6362327422414505,0.0,0.8990037897924884,0.8199928794073058,0.0,0.6395413657873056,0.5,0.3287681519214772,0.7962646699787407
281639,51.371252,4.612641,0.790705714742486,0.8346524090974671,0.0,0.6362327422414505,0.0,0.8990037897924884,0.8199928794073058,0.0,0.6395413657873056,0.5,0.3287681519214772,0.7962646699787407
281638,50.233,5.466,0.6855229162464705,0.8705373335985953,0.0,0.4569520064783563,0.0,0.7794147534343873,0.859101900392862,0.0,0.4295851781156762,0.5,0.33416212441118026,0.8045513015607418
281636,50.054,4.625,0.8625428770242918,0.9984891386199372,0.0,0.3057363151447318,0.0,0.9806800442259272,0.9985495903987902,0.0,0.2524960450674324,0.5,0.45596700410736085,0.9916772397925416
281635,50.233,5.466,0.6855229162464705,0.8705373335985953,0.0,0.4569520064783563,0.0,0.7794147534343873,0.859101900392862,0.0,0.4295851781156762,0.5,0.33416212441118026,0.8045513015607418
175109,52.118,4.34,0.6449452837720145,0.8380301324490536,5.7740761089361845,0.6607297532082339,0.0,0.7332794534167022,0.8236740757669762,0.015393578891076573,0.6682298861129494,0.5,0.2725891562715969,0.7099582157863832
172453,52.0727,4.4515,0.7382294694767442,0.6897018012057949,15.544356229327482,0.7097617926744881,0.0,0.8393401975249831,0.6620191217719423,0.04144096291990784,0.7256514492066167,0.5,0.2501709297355065,0.6755176278187855
170185,46.9883,7.0515,0.4733400697878592,0.67597555234254,0.5838173653181512,0.5569303689908532,0.0,0.5381705338230833,0.6470596321726504,0.0015564461744965125,0.5466701273347272,0.5,0.19090425985497922,0.5844676531795858
168910,54.1839,9.1395,0.6309969192454917,0.6721687365916438,0.6759402051234569,0.599552911135458,0.0,0.7174206676042904,0.6429107914223997,0.0018020439420801913,0.5965855095952051,0.5,0.23610566290919027,0.6539094930878946
161542,49.1482,2.6614,0.0,0.9854504894491101,0.0,0.42206732086297577,0.0,0.0,0.9843394781821921,0.0,0.388731621994582,0.5,0.13777512624636074,0.5028466294672894
139327,52.0775,4.3249,0.3312881266650521,0.17791179300892543,0.0,0.9308720688775769,0.0,0.3766626139563588,0.10424712004625646,0.0,0.9845943325511304,0.5,-0.058628585684197806,0.2011162804132496
135371,44.5861,5.543,0.7029787091099633,0.8093642615078825,0.0,0.16697790609225968,0.0,0.7992613583665692,0.7924327073151,0.0,0.08999567129311442,0.5,0.37438723364477855,0.8663481796873719
132001,44.5919,5.5699,0.5399191704098822,0.9268705365499139,0.0,0.12714260578476547,0.0,0.6138685623869309,0.9204963842056246,0.0,0.04334443600162211,0.5,0.35778299936724206,0.8408394896779515
131611,54.2137,9.1037,0.5833253722398931,0.7148609383352016,0.0,0.6866177322258264,0.0,0.6632198434237526,0.6894386924036575,0.0,0.6985473731420033,0.5,0.21654352015673967,0.6238566386742836
129372,54.1522,9.2256,0.5644821604966767,0.8230630704719797,0.0,0.5921933999360708,0.0,0.6417957934223801,0.807362291665686,0.0,0.5879667647647966,0.5,0.25618429622841604,0.6847558196689324
129329,52.0775,4.3249,0.24484705497699208,0.17791179300892543,0.0,0.9308720688775769,0.0,0.27838224289998076,0.10424712004625646,0.0,0.9845943325511304,0.5,-0.0881126970011112,0.1558205417953062
129328,52.0775,4.3249,0.24484705497699208,0.17791179300892543,0.0,0.9308720688775769,0.0,0.27838224289998076,0.10424712004625646,0.0,0.9845943325511304,0.5,-0.0881126970011112,0.1558205417953062
129327,52.0775,4.3249,0.24484705497699208,0.17791179300892543,0.0,0.9308720688775769,0.0,0.27838224289998076,0.10424712004625646,0.0,0.9845943325511304,0.5,-0.0881126970011112,0.1558205417953062
129326,52.0775,4.3249,0.24484705497699208,0.17791179300892543,0.0,0.9308720688775769,0.0,0.27838224289998076,0.10424712004625646,0.0,0.9845943325511304,0.5,-0.0881126970011112,0.1558205417953062
129325,52.0775,4.3249,0.24484705497699208,0.17791179300892543,0.0,0.9308720688775769,0.0,0.27838224289998076,0.10424712004625646,0.0,0.9845943325511304,0.5,-0.0881126970011112,0.1558205417953062
129324,52.0775,4.3249,0.24484705497699208,0.17791179300892543,0.0,0.9308720688775769,0.0,0.27838224289998076,0.10424712004625646,0.0,0.9845943325511304,0.5,-0.0881126970011112,0.1558205417953062
129323,52.0775,4.3249,0.24484705497699208,0.17791179300892543,0.0,0.9308720688775769,0.0,0.27838224289998076,0.10424712004625646,0.0,0.9845943325511304,0.5,-0.0881126970011112,0.1558205417953062
128697,49.4162,8.1756,0.5415603408041852,0.8358787425807087,0.0,0.5487347289530279,0.0,0.6157345137474243,0.8213293933500864,0.0,0.5370721896056865,0.5,0.25949187402089585,0.6898371727250354
123589,52.0775,4.3249,0.20690518043109715,0.17791179300892543,0.0,0.9308720688775769,0.0,0.23524370428489125,0.10424712004625646,0.0,0.9845943325511304,0.5,-0.10105425858563806,0.13593872868790288
101346,48.3212,10.9414,0.7676922129644181,0.9013686264689859,0.0,0.6255719468171689,0.0,0.8728382709033058,0.8927032440390505,0.0,0.6270564774622873,0.5,0.34096882066141126,0.8150082670391394
101009,52.131,4.329,0.6349416307766755,0.8485489537369925,0.0,0.6265620070714331,0.0,0.7219056618948998,0.8351379650801719,0.0,0.6282159398867677,0.5,0.28112379885549776,0.72306978409932
99911,50.792,4.423,0.6384483124781891,0.8542285951383813,0.0,0.6427360489595233,0.0,0.7258926321171694,0.8413278963074305,0.0,0.647157407075702,0.5,0.2810261526506531,0.7229197725583874
98274,52.0775,4.3249,0.23256003269556802,0.17791179300892543,0.0,0.9308720688775769,0.0,0.264412343112596,0.10424712004625646,0.0,0.9845943325511304,0.5,-0.09230366693732664,0.1493820544098113
97120,48.3289,10.9351,0.5003986842794987,0.9414074049985705,0.0,0.6229000257786793,0.0,0.5689351995147184,0.9363393238558084,0.0,0.6239273830137785,0.5,0.26117628336630083,0.692424890720501
96983,49.5732,8.5185,0.6185804806070825,0.9687692585750002,0.0,0.5334907756069373,0.0,0.7033036261013196,0.9661595149416408,0.0,0.5192199517957153,0.5,0.3246479737964488,0.7899349383682241
96982,49.568,8.518,0.5896400772141541,0.9696583399383645,0.0,0.5320766370966237,0.0,0.6703994345123676,0.9671284762027015,0.0,0.5175638501002302,0.5,0.3152673718893511,0.7755237428773452
89967,45.242,5.752,0.6777812562423706,0.9813904685673616,0.0,0.5402926458029299,0.0,0.7706127661043255,0.9799146829771442,0.0,0.5271856416357827,0.5,0.34708465433021635,0.8244038767733256
76364,49.55,8.545,0.6616216422107467,0.9068805979890074,0.0,0.6210636650912124,0.0,0.7522398696080038,0.8987104410122958,0.0,0.6217768157066469,0.5,0.30708304877947806,0.7629503620362227
55174,42.794,0.012,0.8083838430851061,0.9141845131498199,0.0,0.3018298860590773,0.0,0.9191031821203021,0.9066705795738791,0.0,0.2479212146778617,0.5,0.4152104173278811,0.929063865359111
53725,42.784,0.036,0.7852242232700767,0.9176731749346256,0.0,0.28389882727092774,0.0,0.89277153230967,0.9104726816780423,0.0,0.22692209992048726,0.5,0.41141131512433854,0.9232273950465125
1107835,48.8731,-1.8331,0.5149931191467222,0.5844964565762882,0.2530151934523467,0.25945592604948015,0.0,0.58552854392957,0.5473615576804057,0.000674533772601636,0.19829694767395245,0.5,0.23261950369335926,0.6485537896405863
1107160,43.6207,3.8725,0.443176256632624,0.3417197696933231,0.0,0.89853909576449,0.0,0.5038753695975656,0.28277249488855855,0.0,0.9467290943144718,0.5,0.02984637045423856,0.3370382501957244
1106172,47.123,16.4243,0.6856530912536649,0.9243594317023226,0.25708449766331404,0.37222780704090386,0.0,0.7795627577078129,0.9177596680623792,0.0006853824615038086,0.33036442334967453,0.5,0.3636170043331867,0.8498021326822744
1105710,47.123,16.4243,0.6480590645784166,0.9243594317023226,0.25708449766331404,0.37222780704090386,0.0,0.7368197095364524,0.9177596680623792,0.0006853824615038086,0.33036442334967453,0.5,0.35079408988177857,0.8301025943421769
1105482,47.9984,10.9503,0.6825598787239652,0.6269978137015825,0.5438764274019434,0.5745737906800558,0.0,0.7760458869745094,0.5936814675265445,0.001449964381184991,0.567332389454417,0.5,0.24584428167958938,0.6688707013665633
1105326,44.6861,5.9501,0.5517685997646661,0.7226801841570177,0.0,0.41903343037588975,0.0,0.6273409348489135,0.6979604617312485,0.0,0.38517862407893577,0.5,0.2549156022756458,0.6828067553388882
1104743,48.8573,12.7455,0.6765455245553075,0.841013172545246,0.4267621960471601,0.5710855138311791,0.0,0.7692077838851212,0.8269251283843246,0.001137740031243092,0.5632472583575593,0.5,0.30277898050173496,0.7563381243599052
1103440,49.0644,12.2977,0.7509174130895191,0.988434777171842,0.33014253706226315,0.2888784298835909,0.0,0.8537659303607106,0.9875918905196235,0.0008801538278483898,0.23275372692839952,0.5,0.4179386619332894,0.933255202625617
1103431,49.0648,12.2978,0.7515367659970045,0.9873427333687399,0.3292301389301279,0.29242962002754214,0.0,0.854470112208226,0.9864017315710845,0.0008777213914963026,0.23691253596690273,0.5,0.41722904188190435,0.9321650302266561
1103430,49.0641,12.2977,0.750534645181283,0.9890814005378354,0.33093278616081223,0.2837995706892333,0.0,0.8533307370976554,0.9882966100402009,0.0008822606171619721,0.22680586025086974,0.5,0.418876042478284,0.9346952780511654
1101671,51.9892,4.4694,0.45755287161069036,0.26284124518918345,23.762739604178105,0.86631568858004,0.0,0.5202210606792069,0.19680709540596725,0.06335101925638094,0.9089921690534231,0.5,0.006249062845964229,0.3007862680341166
1101021,43.6362,1.5399,0.704069586541203,0.5530873505446746,4.423590147389293,0.6991175499451914,0.0,0.8005016465377542,0.5131304870008695,0.011793208581064567,0.7131859457905232,0.5,0.20909658212675225,0.6124160849847161
1100412,42.7168,2.1621,0.6762988208958106,0.9977342679777805,0.22234146307015953,0.1454198978758826,0.0,0.7689272907500544,0.99772689807894,0.000592758181214635,0.06474902558051947,0.5,0.4202790062714305,0.9368506179419204
1097384,50.9598,12.6942,0.6967529478204745,0.5013070278392234,1.4315334142992546,0.7495920759817909,0.0,0.7921828930295421,0.45669793891893895,0.003816441302899239,0.7722968090746885,0.5,0.18522154301681426,0.5757374305259477
1097106,50.9569,12.6956,0.6859822554226435,0.552284459567221,1.5287720555233781,0.7482016269541995,0.0,0.7799370054587249,0.5122554599380327,0.00407567770136445,0.7706684502008686,0.5,0.1956295635517224,0.5917270248064763
1096413,43.6207,3.8725,0.4202015709096442,0.3417197696933231,35.076152334051905,0.89853909576449,0.0,0.47775398315864653,0.28277249488855855,0.09351236595478954,0.9467290943144718,0.5,0.003307481331604925,0.2962671863509132
1096204,43.6337,1.5425,0.6970452549332726,0.5556652200008554,3.690444034852325,0.6923913662903405,0.0,0.7925152356410717,0.5159399662476944,0.009838654759967948,0.705308892677478,0.5,0.20897549740062982,0.612230065401283
1095936,46.6626,-1.4526,0.5317146308918466,0.3547499514884702,5.989922010738474,0.802627359441319,0.0,0.6045402977965851,0.29697337897446485,0.0159690200274632,0.8344065827759797,0.5,0.07725064266070215,0.40986430556358894
1095927,42.7298,2.1539,0.7230530403905907,0.9781754781758746,0.2763344943108044,0.23733384537517574,0.0,0.8220851467398597,0.9764108403904036,0.0007367025924573125,0.17238971507602988,0.5,0.41472245633966287,0.928314222504337
1092918,49.0361,12.8181,0.7722096976744184,0.9355122538088032,0.24775413122366785,0.4032327360803142,0.0,0.8779744875751968,0.9299145202704927,0.0006605078791184011,0.3666743853343577,0.5,0.3907377169642049,0.8914670381380566
1091254,50.3672,3.8482,0.6575214828037008,0.7741462953371345,1.102211469741986,0.5346562823057175,0.0,0.7475781367066702,0.754050567818134,0.0029384751593183826,0.520584880058309,0.5,0.2841106559259245,0.7276584215419413
1091252,50.3672,3.8482,0.6575214828037008,0.7741462953371345,1.102211469741986,0.5346562823057175,0.0,0.7475781367066702,0.754050567818134,0.0029384751593183826,0.520584880058309,0.5,0.2841106559259245,0.7276584215419413
1090762,47.8825,-2.1998,0.6883816469302885,0.8962305708143046,0.35329214172193063,0.49607495119803063,0.0,0.7826650267925169,0.887103557562977,0.0009418702408125896,0.4754021717199697,0.5,0.3350766976223413,0.8059563386220407
1090319,49.4954,17.7883,0.5339355142579224,0.6085297130644758,0.6115998381142141,0.6742938352693425,0.0,0.6070653618318685,0.573554092440183,0.0016305137272455146,0.6841148218072046,0.5,0.17256480564307652,0.5562931860759577
1089785,48.7456,2.2778,0.5347014446811826,0.5850872630733028,17.75740451510811,0.9118964711594603,0.0,0.60793619701162,0.5480054454413907,0.04734090825041758,0.9623719552347475,0.5,0.11555824552853806,0.4687153642891102
1088917,50.2217,17.0791,0.5813829585938024,0.924512536571228,0.5942742976703143,0.4235776288050796,0.0,0.6610113893850096,0.9179265287041182,0.001584324160530079,0.3905003479895117,0.5,0.31889313196099967,0.781093911797531
1088915,50.2186,17.0761,0.6190586098503952,0.9477218220390485,0.47103848035156864,0.4197239110481392,0.0,0.7038472417521673,0.9432210624126179,0.0012557797769244528,0.38598724798930395,0.5,0.33881019497502424,0.8116920217633838
1088544,47.6911,9.1835,0.5650875766436293,0.8686525630897727,3.2574326632890065,0.6931982454914734,0.0,0.6424841296774043,0.8570477918665871,0.008684254543701787,0.7062538312413471,0.5,0.24933226127492564,0.6742292014195882
1087376,44.6217,4.6102,0.616825334006961,0.8889517493752902,0.7355481831177356,0.31186178290328,0.0,0.7013080879184895,0.8791707672794254,0.001960957696329534,0.25966959805858986,0.5,0.34084248694734887,0.8148141835604382
1087011,45.8486,8.9476,0.550587289391362,0.5494182389813462,8.758434268439482,0.8011435254186028,0.0,0.6259978276944808,0.5091317225301781,0.023349821916076475,0.8326688604645393,0.5,0.13551198548799254,0.49936982017346965
1085790,43.6337,1.5425,0.6295666514581197,0.5556652200008554,3.495330717476862,0.6923913662903405,0.0,0.7157945048773846,0.5159399662476944,0.009318486305819842,0.705308892677478,0.5,0.1860633118623533,0.5770306199727802
1085776,43.6337,1.5425,0.6295666514581197,0.5556652200008554,3.495330717476862,0.6923913662903405,0.0,0.7157945048773846,0.5159399662476944,0.009318486305819842,0.705308892677478,0.5,0.1860633118623533,0.5770306199727802
1085775,43.6337,1.5425,0.6295666514581197,0.5556652200008554,3.495330717476862,0.6923913662903405,0.0,0.7157945048773846,0.5159399662476944,0.009318486305819842,0.705308892677478,0.5,0.1860633118623533,0.5770306199727802
1085771,43.6337,1.5425,0.6295666514581197,0.5556652200008554,3.495330717476862,0.6923913662903405,0.0,0.7157945048773846,0.5159399662476944,0.009318486305819842,0.705308892677478,0.5,0.1860633118623533,0.5770306199727802
1084524,50.9483,13.402,0.48947415834947106,0.48261832460923865,0.9141764530064646,0.7201494633528079,0.0,0.5565144087835173,0.4363301411048087,0.0024371773222629507,0.7378164803524637,0.5,0.11487695039393524,0.46766870678578765
1076081,52.6408,13.2956,0.7257345244929202,0.9291245247428305,6.5699531898899695,0.6592184431058538,0.0,0.8251338971476491,0.922952882937709,0.0175153723004674,0.6664599864852245,0.5,0.3248063174458448,0.7901781979488764
1076080,52.6475,13.2939,0.7513889127974616,0.9055905740109047,4.120315396457637,0.6490989536457733,0.0,0.8543020084697001,0.8973045142747349,0.010984683768426073,0.6546090231389491,0.5,0.3302284408850662,0.7985080771647478
1076079,52.6408,13.2956,0.7363915805587449,0.9291245247428305,6.365661646029688,0.6592184431058538,0.0,0.8372505843203574,0.922952882937709,0.01697073486620738,0.6664599864852245,0.5,0.32855025108450936,0.7959299141080334
1076078,52.6408,13.2956,0.7363915805587449,0.9291245247428305,6.365661646029688,0.6592184431058538,0.0,0.8372505843203574,0.922952882937709,0.01697073486620738,0.6664599864852245,0.5,0.32855025108450936,0.7959299141080334
1076074,52.6475,13.2939,0.5447452509603276,0.9055905740109047,3.4579529806242446,0.6490989536457733,0.0,0.619355641364357,0.8973045142747349,0.009218837958594182,0.6546090231389491,0.5,0.26009769991542964,0.6907678886306914
1076073,52.6475,13.2939,0.5447452509603276,0.9055905740109047,3.4579529806242446,0.6490989536457733,0.0,0.619355641364357,0.8973045142747349,0.009218837958594182,0.6546090231389491,0.5,0.26009769991542964,0.6907678886306914
1075278,52.4673,13.3174,0.4031941202836604,0.38595504875907466,17.589982689239093,0.8967310623605833,0.0,0.45841712712941246,0.33098211163806635,0.046894564794602335,0.9446117011709673,0.5,0.01919999791377476,0.320682481400839
1073093,48.1604,16.352,0.4429752418125424,0.5454031437209603,25.59799212276148,0.8574740967898933,0.0,0.5036468230198838,0.5047558893082773,0.06824376813894895,0.8986377553608051,0.5,0.0788386023011239,0.4123038501723873
1047697,47.9848,10.96,0.7110029634710423,0.7725575533950808,0.48026193714262727,0.5175262577863342,0.0,0.8083846452562033,0.7523190846726014,0.0012803693401866793,0.5005238588476207,0.5,0.3052605120498309,0.7601504422271985
1044076,51.3454,12.3588,0.6015621954221018,0.4917846390908429,24.509565103058748,0.8630814390216127,0.0,0.6839544515705023,0.4463200070556204,0.06534204206557022,0.9052045300504052,0.5,0.11791724931438095,0.47233944567090125
1043813,51.3303,12.3948,0.31607026441479147,0.33619602304949703,30.352249765161684,0.9066899706252481,0.0,0.3593604551627046,0.27675246485044325,0.08091853007593264,0.9562746074153032,0.5,-0.03262864436605985,0.24105937157071222
1040944,52.9122,10.2937,0.5998287331875859,0.844894248464266,0.3151678117567534,0.2428873309329922,0.0,0.6819835677268217,0.831154901239461,0.0008402314903153235,0.17889341805920683,0.5,0.33538173662096765,0.8064249627769812
1028744,46.7699,5.5207,0.7531540670372968,0.6791303139065372,3.0805903764225673,0.5575559355097499,0.0,0.8563089249768067,0.6504978346469766,0.008212796315095501,0.5474027300925389,0.5,0.28576416737788624,0.7301986718389503
1022357,43.6337,1.5425,0.6106689745637048,0.5556652200008554,3.3752071288827628,0.6923913662903405,0.0,0.6943085299696582,0.5159399662476944,0.00899823906577382,0.705308892677478,0.5,0.1796815688380446,0.5672265000232618
1007924,46.3727,5.9741,0.7559467854618607,0.7927298950947711,0.7367028851556768,0.4234222310479815,0.0,0.8594841447844994,0.774303819093213,0.0019640361103617334,0.3903183612271629,0.5,0.3424806368025063,0.8173308342018183
1006435,52.5043,13.4262,0.4058457098084365,0.2549972407510701,29.659820671739258,0.9198211586676184,0.0,0.46143188848411454,0.18825834301354336,0.0790725270661042,0.9716525796733959,0.5,-0.026068240065609996,0.2511379645873769
1002199,49.3549,0.5087,0.6252414629971933,0.4782345610213435,14.737065549052826,0.7557626854876679,0.0,0.7108769220833789,0.4315525163908618,0.03928874106824119,0.7795232276965769,0.5,0.14636497335459436,0.5160430071773223
1002132,46.7856,1.2153,0.7036759916887042,0.7943855651222317,0.6053353457843418,0.20939433516367625,0.0,0.8000541434307931,0.7761082435067874,0.0016138127078836135,0.13966967393803187,0.5,0.3627700902736533,0.8485010387656169
1002028,49.3144,0.6526,0.7889549276479152,0.8248782376682399,0.9272802244568976,0.5268007264172941,0.0,0.8970132082097417,0.8093405433398284,0.002472111731818221,0.511385215859283,0.5,0.3442368935726235,0.8200289296862017
1001965,47.8623,2.0383,0.657545724913617,0.7018983346483155,1.0148414646664523,0.548124318745614,0.0,0.7476056991085611,0.6753114580102303,0.002705548360213239,0.5363573364480454,0.5,0.26211486409587653,0.6938668099610619
1001594,47.2975,-1.5695,0.7172559731950312,0.7707649345204295,1.1595929367674724,0.6856261702174813,0.0,0.8154940910774038,0.7503654071837261,0.003091453076976152,0.6973861520089795,0.5,0.27701336570241053,0.7167550234573071
999132,54.0701,13.4648,0.6109956556922223,0.9547752590820453,1.10561159322505,0.5928850291205234,0.0,0.6946799545934027,0.9509082185421004,0.0029475398249182946,0.5887767337011244,0.5,0.3072250229933936,0.76316847364267
995547,46.9588,-1.3389,0.6281263581110155,0.4701443896934014,3.3425790893823817,0.686816039330819,0.0,0.7141569434517898,0.42273548013845763,0.008911253322836874,0.6987796111656551,0.5,0.1633317607307357,0.5421086788848858
994503,48.9512,2.4064,0.6448208122024425,0.7098592057645706,24.438422459396104,0.8393325973716729,0.0,0.7331379337455016,0.6839875770177857,0.06515237710842742,0.877392192973501,0.5,0.19629897001038626,0.5927554180198545
994454,52.0059,4.3911,0.46591141865993907,0.4767787854745363,375.09640544235816,0.872721618982921,0.0,0.5297244262605227,0.4299659460635771,1.0,0.9164941726577364,0.5,-0.1210653115046094,0.10519622426764585
994049,48.4256,-4.5992,0.6766513439313915,0.5230765904056658,1.303663457297899,0.7438367207679623,0.0,0.7693280966871654,0.4804233972024197,0.003475542389590389,0.7655566959540672,0.5,0.18537566543572637,0.575974205130655
992432,45.6891,4.1978,0.6996280371002369,0.5349289108455564,0.5132715192259542,0.6792657772526015,0.0,0.795451765519404,0.49334059447272877,0.0013683722685122602,0.6899374774298869,0.5,0.20820638220581789,0.6110484920292104
992431,45.6891,4.1978,0.6996280371002369,0.5349289108455564,0.5132715192259542,0.6792657772526015,0.0,0.795451765519404,0.49334059447272877,0.0013683722685122602,0.6899374774298869,0.5,0.20820638220581789,0.6110484920292104
992430,45.6891,4.1978,0.6996280371002369,0.5349289108455564,0.5132715192259542,0.6792657772526015,0.0,0.795451765519404,0.49334059447272877,0.0013683722685122602,0.6899374774298869,0.5,0.20820638220581789,0.6110484920292104
991253,45.611,4.0422,0.6917524441687348,0.6950133372369276,2.21233726638328,0.6483706818205579,0.0,0.7864975012966025,0.6678078750435446,0.005898049766097411,0.6537561419001474,0.5,0.2536581879116253,0.6808750195726334
991252,45.611,4.0422,0.6917524441687348,0.6950133372369276,2.21233726638328,0.6483706818205579,0.0,0.7864975012966025,0.6678078750435446,0.005898049766097411,0.6537561419001474,0.5,0.2536581879116253,0.6808750195726334
991247,45.6125,4.0896,0.6150856739250278,0.4473398593176734,4.955049551719874,0.7687913932104027,0.0,0.6993301573465345,0.3978820669174806,0.013210069411025925,0.7947811849562346,0.5,0.1374103723076901,0.5022862666709241
989601,46.7523,1.2274,0.6328087360946104,0.7389757946603611,0.3243365724688595,0.18401098845070976,0.0,0.7194806378098908,0.715720158372875,0.0008646752348542593,0.10994316325902613,0.5,0.3281098214003612,0.7952532924646566
989439,45.8397,1.2226,0.68203962681239,0.6482787870773342,10.035443086217255,0.7552464584579001,0.0,0.7754543793738528,0.6168744391132388,0.02675430353533319,0.7789186727304129,0.5,0.21466626197383698,0.6209726515987641
989014,43.6337,1.5425,0.5924408007300102,0.5556652200008554,3.4902071374645223,0.6923913662903405,0.0,0.673583755819234,0.5159399662476944,0.009304826937353496,0.705308892677478,0.5,0.17340281901860138,0.5575806060835717
989009,43.6337,1.5425,0.5924408007300102,0.5556652200008554,3.4902071374645223,0.6923913662903405,0.0,0.673583755819234,0.5159399662476944,0.009304826937353496,0.705308892677478,0.5,0.17340281901860138,0.5575806060835717
985819,53.0228,5.917,0.5597911093468574,0.7315189544498402,0.6389410618480168,0.48271297646018685,0.0,0.6364622379880788,0.7075933551446827,0.0017034049182489545,0.4597539244959653,0.5,0.24853324052454967,0.6730016848541295
985298,49.3321,0.5446,0.7401626932360948,0.8068504341926548,1.734018253739564,0.5694062978297741,0.0,0.8415382029949944,0.7896930241029417,0.004622860226278639,0.5612807236463337,0.5,0.31476803633202793,0.7747566255427224
984046,45.8515,8.9522,0.5917705269372291,0.5422685293026973,7.667237721617887,0.8057215826791378,0.0,0.6728216787674638,0.5013396441086636,0.020440712335208253,0.8380302365503365,0.5,0.14738873670781288,0.5176157904555966
982849,47.8931,1.9992,0.5392203014371764,0.6868104495635068,1.4122947922460283,0.6033508208894971,0.0,0.6130739736501647,0.6588679953970961,0.003765151496401259,0.6010332526819616,0.5,0.20773117274274888,0.6103184390390902
981378,44.0626,1.9506,0.6492292612831985,0.6774093168786841,0.375139704357489,0.5431540093341228,0.0,0.7381501808518699,0.6486222139005468,0.0010001154340977482,0.5305365927348777,0.5,0.25382009573364644,0.6811237547068771
981369,52.1853,4.3939,0.4685929437626824,0.7889692748155259,2.7473435710645084,0.6602355205123925,0.0,0.5327732232842992,0.7702053242666436,0.007324366566041909,0.667651088774798,0.5,0.20077076142252265,0.599625324756433
980882,50.9839,2.8655,0.5621886783091881,0.6292342966194887,0.9825544954409354,0.7178001223102448,0.0,0.6391881871537884,0.5961188882146522,0.0026194719042486976,0.7350651602692571,0.5,0.1800025097785613,0.5677195539531288
979315,47.1677,15.3199,0.5877934432597514,0.7084586899177245,1.127112421942217,0.6773274711053737,0.0,0.668299878517748,0.6824612312219854,0.0030048606320633555,0.6876675215002649,0.5,0.21735417100936832,0.6251020222890855
978836,50.7785,4.907,0.4496761107509725,0.47335440448457894,4.194904398300733,0.7724005334769575,0.0,0.51126546856428,0.4262339000899379,0.011183536652007114,0.7990078595507618,0.5,0.08785022932875279,0.4261481983359936
978669,42.2521,8.8093,0.6186873968550525,0.8906871016915031,0.36134189415284046,0.27302248444207744,0.0,0.7034251860070131,0.8810620330712755,0.000963330730207087,0.21418478340716918,0.5,0.348972680412806,0.827304406316903
977838,43.4136,1.162,0.5161968281908902,0.513666076624505,0.4560376890525959,0.5640555668208334,0.0,0.5868971175623874,0.4701673917608948,0.0012157879479404294,0.5550144671011905,0.5,0.16011565555417323,0.5371678530319518
958008,48.2102,9.7563,0.6474485828736536,0.6395947027896111,0.49997583314651217,0.606309572681349,0.0,0.7361256139254707,0.6074101295355991,0.0013329262181461894,0.6044982554545111,0.5,0.23174889299973517,0.6472162911488558
956943,49.4302,0.7883,0.7235401377205578,0.9809517555305249,0.792128365084312,0.3865402986277019,0.0,0.8226389587807665,0.9794365535787184,0.0021117994030098483,0.3471258236019429,0.5,0.38915959260801614,0.8890426032423869
955282,48.9576,9.4757,0.6510924113842175,0.6357233497339277,1.3921734417652778,0.6853106911487865,0.0,0.7402685151076351,0.6031909530986401,0.003711508352428656,0.6970166935600758,0.5,0.2175834871024535,0.6254543151461308
946921,47.9973,10.963,0.6613945341068919,0.5834330175578442,0.8495092978907781,0.5519713007730165,0.0,0.7519816559107314,0.546202573525712,0.0022647758964497032,0.5408625482159289,0.5,0.2305628027429681,0.6453941289113597
943265,50.3813,3.2442,0.567438557851863,0.7276054462267669,2.2394309387872484,0.7270362519036454,0.0,0.6451571102522587,0.7033282360911786,0.0059702809898864425,0.7458816183232557,0.5,0.20630289315200662,0.6081242070908988
940243,46.2773,-0.308,0.6933856878335695,0.42995385076204573,0.44703046490759546,0.70871367407678,0.0,0.7883544402524808,0.37893400494132334,0.0011917748568675407,0.7244239944883735,0.5,0.17233787916644555,0.5559445643298082
933805,48.9576,9.4757,0.6383868007761968,0.6357233497339277,1.3921734417652778,0.6853106911487865,0.0,0.7258226955375082,0.6031909530986401,0.003711508352428656,0.6970166935600758,0.5,0.21324974123141544,0.6187964844894365
933804,48.9576,9.4757,0.6383868007761968,0.6357233497339277,1.3921734417652778,0.6853106911487865,0.0,0.7258226955375082,0.6031909530986401,0.003711508352428656,0.6970166935600758,0.5,0.21324974123141544,0.6187964844894365
933803,48.9576,9.4757,0.6383868007761968,0.6357233497339277,1.3921734417652778,0.6853106911487865,0.0,0.7258226955375082,0.6031909530986401,0.003711508352428656,0.6970166935600758,0.5,0.21324974123141544,0.6187964844894365
931234,44.0632,1.9509,0.7532056405028881,0.6752769655164318,0.5773488604954699,0.5468878086296902,0.0,0.856367562141247,0.6462982805125224,0.001539201261645234,0.5349092558784754,0.5,0.2879406101364043,0.7335422890586492
931233,44.0632,1.9509,0.7532056405028881,0.6752769655164318,0.4820477224209093,0.5468878086296902,0.0,0.856367562141247,0.6462982805125224,0.0012851302103319851,0.5349092558784754,0.5,0.28799142434666697,0.7336203537207105
924650,48.8263,9.0883,0.5893637281862362,0.3916690415232467,10.435068382209396,0.876116692673616,0.0,0.6700852356659805,0.33720948054108013,0.02781969709867821,0.9204701532667435,0.5,0.09169347842531701,0.43205249046983035
923783,50.1665,8.6684,0.5610489635932135,0.5272695884247667,8.642516179137706,0.8040142639953471,0.0,0.6378923727568012,0.4849931169329505,0.023040786458471726,0.8360307907065682,0.5,0.13260321516259843,0.49490114553910475
923782,50.1665,8.6684,0.5610489635932135,0.5272695884247667,8.642516179137706,0.8040142639953471,0.0,0.6378923727568012,0.4849931169329505,0.023040786458471726,0.8360307907065682,0.5,0.13260321516259843,0.49490114553910475
922040,50.1665,8.6684,0.650203689911129,0.5272695884247667,7.431066524609546,0.8040142639953471,0.0,0.7392580709468304,0.4849931169329505,0.019811084342026556,0.8360307907065682,0.5,0.16365886504289623,0.5426112014559469
922039,50.1665,8.6684,0.4809021965259543,0.5272695884247667,7.7436334586889295,0.8040142639953471,0.0,0.5467683983252423,0.4849931169329505,0.020644381941108497,0.8360307907065682,0.5,0.10574530373660339,0.4536399753210327
922037,50.1665,8.6684,0.4809021965259543,0.5272695884247667,7.7436334586889295,0.8040142639953471,0.0,0.5467683983252423,0.4849931169329505,0.020644381941108497,0.8360307907065682,0.5,0.10574530373660339,0.4536399753210327
918078,44.0632,1.9509,0.7554724926378976,0.6752769655164318,0.46354090934449976,0.5468878086296902,0.0,0.85894489100365,0.6462982805125224,0.0012357913928762857,0.5349092558784754,0.5,0.288774490768879,0.7348233600314572
913706,46.603,0.1674,0.7525507245002977,0.9851729899110373,0.5481647897806969,0.4889325841164693,0.0,0.8556229463412761,0.9840370465787028,0.0014613970750645719,0.4670377249933702,0.5,0.38234820738304015,0.8785784342036664
912624,46.5917,0.1988,0.6416720537261696,0.9649779421425533,0.4168678353533147,0.4422321444340019,0.0,0.7295579092806066,0.9620275660527755,0.001111361850726601,0.41234670514349436,0.5,0.34729998615570634,0.8247346859328312
912622,46.5917,0.1988,0.6416720537261696,0.9649779421425533,0.4168678353533147,0.4422321444340019,0.0,0.7295579092806066,0.9620275660527755,0.001111361850726601,0.41234670514349436,0.5,0.34729998615570634,0.8247346859328312
911731,44.0632,1.9509,0.7336111819005549,0.6752769655164318,0.5773488604954699,0.5468878086296902,0.0,0.8340893716413004,0.6462982805125224,0.001539201261645234,0.5349092558784754,0.5,0.28125715298642034,0.7232746528773871
911720,44.0632,1.9509,0.7448634820855511,0.6752769655164318,0.5773488604954699,0.5468878086296902,0.0,0.8468828298414713,0.6462982805125224,0.001539201261645234,0.5349092558784754,0.5,0.28509519044647164,0.7291709384980641
910530,44.1041,1.9111,0.7170333427660499,0.7818328795639427,0.46533891947138095,0.3198052764373974,0.0,0.8152409683344596,0.7624277565126242,0.001240584854239267,0.2689722462885781,0.5,0.3445852757143593,0.8205641408805161
910529,44.1041,1.9111,0.7170333427660499,0.7818328795639427,0.46533891947138095,0.3198052764373974,0.0,0.8152409683344596,0.7624277565126242,0.001240584854239267,0.2689722462885781,0.5,0.3445852757143593,0.8205641408805161
909374,47.8915,2.0253,0.602246865584862,0.5284018093936689,3.7343508946082764,0.6261993685954718,0.0,0.6847328967740756,0.4862270627820407,0.009955709626713929,0.6277912529197504,0.5,0.18081680486442753,0.5689705361167362
907119,44.0626,1.9506,0.7509252751193916,0.6774093168786841,0.46172308068094553,0.5431540093341228,0.0,0.853774869204226,0.6486222139005468,0.0012309450956652782,0.5305365927348777,0.5,0.2884613363070398,0.7343422682834969
905524,49.3549,0.5087,0.5939668052988295,0.4782345610213435,16.495281021372726,0.7557626854876679,0.0,0.6753187678028719,0.4315525163908618,0.043976110626598876,0.7795232276965769,0.5,0.13476005315877065,0.4982146444289228
905338,49.3308,0.5064,0.7441078820265128,0.7818884932998961,1.238440968565174,0.5576147279792057,0.0,0.8460237399120858,0.762488366888617,0.003301660454742715,0.5474715821233955,0.5,0.31164814428632204,0.7699636096332542
905337,49.3308,0.5064,0.7441078820265128,0.7818884932998961,1.238440968565174,0.5576147279792057,0.0,0.8460237399120858,0.762488366888617,0.003301660454742715,0.5474715821233955,0.5,0.31164814428632204,0.7699636096332542
905309,49.3158,0.6165,0.7708806404396281,0.7032060152230737,0.8833682529489028,0.4705354328845418,0.0,0.8764633975847612,0.6767366277089715,0.0023550432372369183,0.44549276802834503,0.5,0.3148282523509721,0.7748491339797374
905307,49.3158,0.6165,0.7708806404396281,0.7032060152230737,0.8833682529489028,0.4705354328845418,0.0,0.8764633975847612,0.6767366277089715,0.0023550432372369183,0.44549276802834503,0.5,0.3148282523509721,0.7748491339797374
905031,49.2482,0.6838,0.7520902345558358,0.7484831087190725,0.8130458021183623,0.5158263679488074,0.0,0.8550993859350289,0.7260816611545439,0.002167564898841199,0.4985331129471772,0.5,0.31283675114729986,0.7717896380699145
904989,49.2409,0.7016,0.774855297612923,0.8137722994096617,0.8502620639901391,0.5484637487725487,0.0,0.8809824389870126,0.797236787279108,0.0022667827567886428,0.5367548439333485,0.5,0.3326373453745207,0.8022088198100699
904987,49.2409,0.7016,0.774855297612923,0.8137722994096617,0.8502620639901391,0.5484637487725487,0.0,0.8809824389870126,0.797236787279108,0.0022667827567886428,0.5367548439333485,0.5,0.3326373453745207,0.8022088198100699
904953,47.2931,-1.539,0.6586359318181818,0.7178365913263576,3.039672450293465,0.6950615089373902,0.0,0.7488452249151767,0.6926816942183386,0.008103709889484872,0.7084359044466331,0.5,0.23993786338424578,0.6597968114874184
904938,43.238,1.1499,0.7141761621559505,0.6028637854983895,0.8310383642210022,0.5921843910806243,0.0,0.8119924573540659,0.5673791071736612,0.0022155327328208948,0.5879562144681527,0.5,0.24680597528284798,0.6703481283649739
903432,42.9944,9.4427,0.586176154925247,0.7025945346790302,0.2890979241596938,0.2499713772727597,0.0,0.6664610801951886,0.6760702084323055,0.0007707296576696203,0.18718956519657773,0.5,0.2907232954556124,0.737817262298305
902961,47.3191,-2.2474,0.5909546245323356,0.7763001409505578,0.8216192187639334,0.5827735590149666,0.0,0.6718940272525903,0.7563979266175755,0.002190421467235823,0.576935161844103,0.5,0.2536893312601084,0.6809228643578269
902756,49.3443,0.5429,0.6813025776727294,0.6073191071316537,9.798878326069259,0.7011987314005904,0.0,0.7746163811686242,0.5722347190963576,0.026123626310183536,0.7156232234063731,0.5,0.212875385351684,0.6182213704595054
899669,46.2095,-0.9417,0.6561337216281097,0.6257670141122476,0.6311825659824893,0.5893323160118712,0.0,0.7460003024594628,0.5923400862184467,0.0016827209134092447,0.5846161411142594,0.5,0.23385614694262974,0.6504536152375161
899668,46.2095,-0.9417,0.6561337216281097,0.6257670141122476,0.6311825659824893,0.5893323160118712,0.0,0.7460003024594628,0.5923400862184467,0.0016827209134092447,0.5846161411142594,0.5,0.23385614694262974,0.6504536152375161
899659,46.2095,-0.9417,0.6561337216281097,0.6257670141122476,0.6311825659824893,0.5893323160118712,0.0,0.7460003024594628,0.5923400862184467,0.0016827209134092447,0.5846161411142594,0.5,0.23385614694262974,0.6504536152375161
899464,46.2095,-0.9417,0.6561337216281097,0.6257670141122476,0.6311825659824893,0.5893323160118712,0.0,0.7460003024594628,0.5923400862184467,0.0016827209134092447,0.5846161411142594,0.5,0.23385614694262974,0.6504536152375161
898980,49.3443,0.5429,0.6715699529853046,0.6073191071316537,10.118894858911766,0.7011987314005904,0.0,0.7635507390270692,0.5722347190963576,0.0269767844002087,0.7156232234063731,0.5,0.20938506109121247,0.6128592683532265
898975,49.3312,0.5446,0.7310042558927744,0.8099590674977302,1.5159294015711453,0.5632817758542007,0.0,0.8311253910894885,0.7930809539050727,0.00404143942617467,0.5541082782643508,0.5,0.3136833261782271,0.7730902111449918
898058,46.2065,-0.9514,0.6723896924083769,0.4185964117331236,0.6501209641812467,0.6502945035696028,0.0,0.764482753092788,0.3665561519153172,0.0017332103287274825,0.6560091351092058,0.5,0.17223585157453936,0.5557878217681916
897551,44.8035,0.8718,0.7398833435840091,0.9240106745871168,0.3840314998716728,0.3012774604255329,0.0,0.8412205925474917,0.9173795767140746,0.001023820794600197,0.24727426742222164,0.5,0.39441516767051293,0.8971166181502495
896752,43.6262,1.3119,0.7062717815567222,0.5947421003349195,1.8483930077050286,0.6957660939027792,0.0,0.8030054625946025,0.5585277257116147,0.0049277811807478785,0.7092610459354505,0.5,0.22315885707981725,0.6340196233719252
894412,52.5043,13.4262,0.30119332086091644,0.2549972407510701,31.190547852497904,0.9198211586676184,0.0,0.3424459085923433,0.18825834301354336,0.08315341709477143,0.9716525796733959,0.5,-0.06258021203887486,0.19504549087669842
894271,46.0252,-0.9816,0.7898849027010267,0.698949975374802,0.5046941196069411,0.4247769480041527,0.0,0.8980705561984711,0.6720982021289987,0.0013455050815849487,0.39190487416889735,0.5,0.32839088525013943,0.7956850841689295
894261,46.0252,-0.9816,0.7898849027010267,0.698949975374802,0.5046941196069411,0.4247769480041527,0.0,0.8980705561984711,0.6720982021289987,0.0013455050815849487,0.39190487416889735,0.5,0.32839088525013943,0.7956850841689295
892721,47.6986,-2.1854,0.7774807358790773,0.6752254663694682,0.44659608263212414,0.533688536506922,0.0,0.8839674673068187,0.6462421544025378,0.0011906168018471013,0.5194515501571042,0.5,0.29859492290874506,0.7499102562428229
892687,47.6979,-2.1806,0.7717769910330557,0.6719061404540853,0.44460475746236655,0.53897577078284,0.0,0.8774825157793688,0.6426246022218574,0.0011853079661961461,0.5256434454947349,0.5,0.2948173268718255,0.7441068253422506
892685,47.6992,-2.1856,0.7789342564592289,0.6728276237469175,0.4490295478592621,0.5365251720454622,0.0,0.8856200676178247,0.6436288765776828,0.0011971043746199412,0.5227735422325537,0.5,0.29793778721996106,0.7489007143212182
892681,47.6988,-2.1862,0.7785542734022807,0.6800155325125581,0.4478810669090981,0.5341420420811038,0.0,0.8851880406299274,0.6514625860995982,0.0011940425458913787,0.5199826518454019,0.5,0.30018585242788914,0.7523543634056318
892636,47.6979,-2.1806,0.7717769910330557,0.6719061404540853,0.42601997120629664,0.53897577078284,0.0,0.8774825157793688,0.6426246022218574,0.0011357612737021123,0.5256434454947349,0.5,0.2948272362103243,0.7441220488231857
891891,48.7411,2.7606,0.583469340505145,0.6405852922533549,8.889860510056696,0.7492580366450431,0.0,0.6633835301325471,0.6084897189360008,0.02370020181764397,0.7719056146422394,0.5,0.1806116062138996,0.5686552943127976
884515,45.2199,0.429,0.5650250472169761,0.6771252997098298,0.40978115993032355,0.5120649902166521,0.0,0.6424130359816251,0.6483126790869336,0.0010924689066189824,0.4941281526168054,0.5,0.23046436389237634,0.6452428996476276
884004,44.0624,1.9482,0.73157162975968,0.6732551596549552,0.45809076511250074,0.5405157781564273,0.0,0.8317704746484754,0.6440948246333628,0.0012212614103093464,0.5274469525796892,0.5,0.28119355338386803,0.7231769463213898
883369,50.7756,3.0142,0.477666262958533,0.41806061954907736,15.273624012452212,0.8434119310717995,0.0,0.5430892589357212,0.3659722212519239,0.04071919589429214,0.882169512456676,0.5,0.06395056694633756,0.3894317157296491
883339,51.9892,4.4694,0.3905157946677019,0.26284124518918345,20.755081509245038,0.86631568858004,0.0,0.44400232960808445,0.19680709540596725,0.05533265903939598,0.9089921690534231,0.5,-0.015012884431975529,0.26812204437621756
883063,48.6327,9.254,0.5867917083507016,0.5257236972550055,3.604373983329843,0.724380581223186,0.0,0.6671609421691009,0.48330833450578736,0.009609193612717077,0.7427715547159902,0.5,0.15763779434723518,0.5333611738224406
883062,48.6327,9.254,0.5867917083507016,0.5257236972550055,3.604373983329843,0.724380581223186,0.0,0.6671609421691009,0.48330833450578736,0.009609193612717077,0.7427715547159902,0.5,0.15763779434723518,0.5333611738224406
881937,44.0599,1.9522,0.6899066765788726,0.7115651687506811,0.4790063537251604,0.5265058784066021,0.0,0.7843989303271203,0.6858468129825229,0.0012770219782838477,0.5110399185020184,0.5,0.27986999017280734,0.7211435876554924
881936,44.0599,1.9522,0.6899066765788726,0.7115651687506811,0.4790063537251604,0.5265058784066021,0.0,0.7843989303271203,0.6858468129825229,0.0012770219782838477,0.5110399185020184,0.5,0.27986999017280734,0.7211435876554924
881706,46.8775,-2.0926,0.7040604945587757,0.685478376117069,0.6399375169968513,0.48067937075784006,0.0,0.800491309282684,0.6574162412386221,0.0017060614490351116,0.4573723629819819,0.5,0.2855543863573564,0.7298763902490191
881418,51.6998,14.1113,0.17422921389486026,0.5392333762333171,0.44208805209512314,0.36579363652244273,0.0,0.19809231255531903,0.4980317964056252,0.0011785984767669541,0.3228293476644074,0.5,0.08527552102298751,0.4221927352331091
881388,49.1065,-0.3934,0.7018347182795694,0.7616299827401795,0.6444416906196389,0.6483403787349099,0.0,0.7979606821821977,0.7404097217296683,0.001718069491654117,0.6537206538689865,0.5,0.2760889231083976,0.7153348242979829
881387,49.1065,-0.3934,0.7018347182795694,0.7616299827401795,0.6444416906196389,0.6483403787349099,0.0,0.7979606821821977,0.7404097217296683,0.001718069491654117,0.6537206538689865,0.5,0.2760889231083976,0.7153348242979829
881341,48.5779,-0.062,0.6729402587241146,0.9840785836043127,0.36484443477385486,0.22694347259364553,0.0,0.7651087270741971,0.9828443128663866,0.0009726684379808626,0.16022151948930569,0.5,0.40101593472786373,0.9072572195098766
880828,50.4703,3.7077,0.6307729940285026,0.7229564037836357,4.352795029442648,0.5914349229812622,0.0,0.7171660727342268,0.6982614984290875,0.011604470120979473,0.5870785102114529,0.5,0.24933252587162613,0.674229607913203
880685,44.0599,1.9522,0.6899066765788726,0.7115651687506811,0.4790063537251604,0.5265058784066021,0.0,0.7843989303271203,0.6858468129825229,0.0012770219782838477,0.5110399185020184,0.5,0.27986999017280734,0.7211435876554924
880597,47.2216,9.7063,0.7627313630525524,0.870685614959449,1.1990269641778326,0.5101479931232038,0.0,0.8671979640379235,0.8592635041563926,0.0031965834563618327,0.49188315178163566,0.5,0.35055347579195745,0.8297329446415914
870729,50.4357,5.7941,0.6757543450976454,0.9575645844747652,0.8409905330317691,0.4574649382591248,0.0,0.7683082414667692,0.9539481520750802,0.0022420650286956853,0.4301858740062156,0.5,0.3540032163521294,0.835032698974822
865022,44.1736,1.6818,0.7195063351614176,0.7562411888003474,0.6689579524975574,0.2834992051366868,0.0,0.8180526712146994,0.7345367692793127,0.0017834293871961872,0.22645410128439677,0.5,0.3447251926141392,0.8207790918842125
857759,48.0081,-2.2261,0.625194559886082,0.9383356179781804,0.4984732120537851,0.3612375132389517,0.0,0.7108235949430081,0.9329915508086668,0.001328920258422435,0.3174936585225033,0.5,0.34860513335500914,0.8267397525180887
857261,51.2155,4.467,0.5118887358704773,0.48610155989184417,34.031532211651324,0.8733732061282863,0.0,0.5819989724616043,0.4401263291603463,0.09072742825012495,0.9172572482463904,0.5,0.07889720114158431,0.41239387417657997
857257,51.1866,4.5181,0.6217533281466114,0.5564327027258347,9.519138370537261,0.7677867863374421,0.0,0.7069110389595905,0.516776403788376,0.025377844821816313,0.7936046869445674,0.5,0.16715114062892278,0.5479763013372426
855469,46.6044,0.18,0.8262465661051837,0.8874641249101877,0.8127254956795252,0.4899135604436597,0.0,0.9394124519177173,0.8775494865540754,0.0021667109678672153,0.4681865492046071,0.5,0.38054978263956946,0.8758155570652408
845844,50.2839,5.9146,0.7029405726280438,0.6750350667062767,3.9185096626558504,0.6133608474512959,0.0,0.7992179985664112,0.6460346481996708,0.01044667345728008,0.6127560237117738,0.5,0.25727132337161895,0.6864257936023466
830605,46.5882,0.2044,0.6176369832583843,0.9812584140359135,0.5253096544585119,0.4346511639882384,0.0,0.7022309037517473,0.9797707639494903,0.0014004657118454771,0.40346859703873433,0.5,0.3448115794147176,0.8209118058702972
830563,46.5926,0.2079,0.6624400138151477,0.9740136436156347,0.0,0.4513653730466202,0.0,0.7531703285133814,0.971875084013106,0.0,0.42304265556157344,0.5,0.35546347122305494,0.8372760537850813
821900,52.0251,6.0399,0.8225569975757575,0.9780418104521253,1.5822432985430044,0.5603137222944566,0.0,0.9352175459889882,0.9762651632324919,0.004218231034970958,0.550632382164546,0.5,0.3911930510731434,0.8921665570945762
820769,50.4701,3.7121,0.7209237603236699,0.6783762504771027,4.124347604666333,0.5886163156873474,0.0,0.8196642323414923,0.6496760220642229,0.010995433560080144,0.5837776310653754,0.5,0.2685525438466811,0.7037568641724363
820768,50.468,3.6741,0.727635957649656,0.7258655196825609,2.5170983072508544,0.5951266282538541,0.0,0.8272957578526767,0.7014319850978529,0.006710536999901115,0.5914018769231159,0.5,0.2834943346918187,0.7267115818958458
815294,52.243,5.187,0.5168041686776061,0.6358590897910542,0.0,0.7069245582446455,0.0,0.5875876417220993,0.6033388887796131,0.0,0.7223287557678324,0.5,0.1687617013463582,0.5504505674428463
811564,52.1425,5.1913,0.0,0.8644220015321538,0.0,0.6393200500720454,0.0,0.0,0.8524371336852552,0.0,0.6431569209082808,0.5,0.06663574528507168,0.39355689131546
805658,48.6367,9.2571,0.6188153520649969,0.48363855403018446,2.619035266241765,0.7299991934699472,0.0,0.7035706664512783,0.43744203347712224,0.006982299025641389,0.7493515277527695,0.5,0.15663251933662037,0.5318167937449635
805512,42.8806,2.1026,0.7867695660966028,0.9755882953624472,0.408366425280702,0.2966921358667693,0.0,0.894528531192659,0.9735912110237424,0.0010886972505084603,0.24190438058247074,0.5,0.42525296557626097,0.9444919932625543
805295,42.8943,1.1807,0.7413569463687792,0.9375031514671228,0.5593574878848739,0.3867800426570889,0.0,0.8428960255985714,0.9320842909856817,0.001491236598829075,0.347406588527482,0.5,0.3834806448271037,0.8803181709017182
801698,52.3631,4.5624,0.6576980718341031,0.8421071618648794,4.422529447951081,0.6464532674708281,0.0,0.7477789120452158,0.8281174076451651,0.011790380776204746,0.6515106524149408,0.5,0.28127835150737396,0.7233072196606922
801514,42.8954,1.7949,0.8179070166830223,0.9313671205251534,0.6680236365145505,0.3925270393737772,0.0,0.9299306859510625,0.9253969657031675,0.0017809385182636923,0.35413691298795114,0.5,0.40685172255926527,0.9162226014879763
801512,42.8954,1.7949,0.8179070166830223,0.9313671205251534,0.6680236365145505,0.3925270393737772,0.0,0.9299306859510625,0.9253969657031675,0.0017809385182636923,0.35413691298795114,0.5,0.40685172255926527,0.9162226014879763
801348,51.9783,4.4035,0.783728066278223,0.7342526110394836,11.978639587751289,0.6882293435954309,0.0,0.8910704559411514,0.7105726182870172,0.03193482905714507,0.7004347358735885,0.5,0.2835121151616325,0.7267388976085202
801211,43.178,0.3973,0.8094102933570853,0.8027977333241109,0.7373282686611881,0.43271360598780506,0.0,0.9202702189423937,0.7852762065808349,0.0019657033710884088,0.401199517265985,0.5,0.3618270490638114,0.8470522669953636
801209,43.178,0.3973,0.7980209918400185,0.8027977333241109,0.7373282686611881,0.43271360598780506,0.0,0.9073209951843905,0.7852762065808349,0.0019657033710884088,0.401199517265985,0.5,0.35794228193641037,0.8410841916987074
801201,43.178,0.3973,0.7980209918400185,0.8027977333241109,0.7373282686611881,0.43271360598780506,0.0,0.9073209951843905,0.7852762065808349,0.0019657033710884088,0.401199517265985,0.5,0.35794228193641037,0.8410841916987074
800810,48.3566,10.7894,0.5836467135228521,0.4861824609091661,4.5598960300954445,0.7124774958543397,0.0,0.6635851968362937,0.44021449876438423,0.012156597514491973,0.7288318170473803,0.5,0.14737309168197876,0.5175917553746936
800571,42.9902,9.4479,0.6696806907989618,0.7131713108571952,0.5561902039536488,0.2864747026027777,0.0,0.7614027162750305,0.6875972596177797,0.001482792679118648,0.22993871496443297,0.5,0.3155327640064654,0.7759314584716481
800227,42.965,9.4512,0.6788737265742961,0.6720199326098165,1.4272197926552443,0.387070322829649,0.0,0.7718548653459589,0.6427486180827893,0.003804941268291008,0.34774653647631193,0.5,0.28932064539938,0.7356624043941056
799528,50.0174,8.6427,0.6789777268584157,0.93557807434317,3.414211492062292,0.6506423528159136,0.0,0.7719731099062547,0.9299862544790947,0.009102223968357812,0.6564165023666472,0.5,0.31380557644298146,0.7732780213176902
798960,52.6222,13.3655,0.7375212140055487,0.7432842765246962,3.412569748886131,0.6847177718848628,0.0,0.8385349366790396,0.720415737644412,0.009097847111762172,0.6963223240968951,0.5,0.27539649737792815,0.7142710671250919
798051,51.1403,4.9922,0.6080060402242005,0.6853788999651587,4.590275460559607,0.7252359420849787,0.0,0.6912808699710674,0.6573078276090351,0.012237588507802972,0.7437732702927425,0.5,0.20769770964810702,0.6102670304830733
798045,51.1403,4.9922,0.603014175321464,0.6853788999651587,4.590275460559607,0.7252359420849787,0.0,0.6856053001831928,0.6573078276090351,0.012237588507802972,0.7437732702927425,0.5,0.20599503871174463,0.6076512576399692
797954,46.2385,-1.4841,0.4731902512796651,0.6506057921194898,0.6485116636605014,0.49601472796407814,0.0,0.5380001955997262,0.6194105149248041,0.0017289199636442785,0.475331644116677,0.5,0.19460715680088853,0.5901563256441642
797614,43.6448,1.3155,0.6601400895760823,0.5956211781601706,9.12836290037251,0.6820152126279944,0.0,0.7505553978652213,0.5594857846623754,0.024336044728573876,0.6931573491423154,0.5,0.20619725420809815,0.6079619164951362
796011,52.3803,14.5014,0.6259398250637662,0.3747880159497498,0.9670594560269806,0.7716308231995656,0.0,0.7116709344862119,0.3188117719603961,0.002578162419036006,0.7981064496208828,0.5,0.12297262340902294,0.480105896595792
795921,48.6417,-4.4059,0.4620568875115022,0.4994258709889355,0.6161816890507277,0.6812768842606887,0.0,0.5253419638023545,0.4546477687219048,0.0016427288561298079,0.6922926906580142,0.5,0.11709208195125444,0.47107176068645346
795775,43.3996,3.6759,0.4187397928739458,0.45823120326320405,24.35186693839291,0.7690491249806901,0.0,0.47609199441943995,0.40975194834674983,0.06492162170862262,0.7950830153771167,0.5,0.06301880876422739,0.38800027780641133
794467,48.2394,-2.3934,0.699840903481594,0.6964668054577033,0.475998322208614,0.5377389524216043,0.0,0.7956937868934644,0.6693919307420976,0.001269002622531827,0.5241950039381893,0.5,0.277173067638329,0.7170003697412222
793976,42.8703,2.0573,0.724741028196683,0.9663071377032455,0.43543774186256834,0.19053359712992218,0.0,0.8240043278036954,0.9634761837606206,0.0011608688740939773,0.11758180912988513,0.5,0.4202008991369621,0.9367306238098588
793973,42.8703,2.0573,0.724741028196683,0.9663071377032455,0.43543774186256834,0.19053359712992218,0.0,0.8240043278036954,0.9634761837606206,0.0011608688740939773,0.11758180912988513,0.5,0.4202008991369621,0.9367306238098588
793552,42.8772,2.0787,0.8172807920372726,0.9971285271948287,0.41114328149061463,0.20830395625128528,0.0,0.9292186911857612,0.997066734254671,0.0010961002972175798,0.13839272804315525,0.5,0.4570541616534793,0.9933474140608519
793158,48.0955,11.5005,0.48486315006842834,0.5032668806218066,13.758382808524908,0.8491918898288284,0.0,0.5512718591950501,0.4588338755181712,0.03667959119016188,0.8889384388578294,0.5,0.08941334257135104,0.4285495720150558
792834,48.9062,16.5926,0.36795741867813103,0.7278464142449566,1.1861126000584472,0.4643268739450569,0.0,0.418354272273893,0.70359085398466,0.003162154003207902,0.43822190671510625,0.5,0.1850382783704254,0.5754558854106308
790993,44.053,1.7728,0.5752917341793665,0.9560278791858953,0.33971403148896145,0.211478388535417,0.0,0.6540858876073504,0.95227338083823,0.0009056712529365094,0.1421103148634077,0.5,0.3627964300116642,0.8485415038783477
790978,44.053,1.7728,0.5752917341793665,0.9560278791858953,0.33971403148896145,0.211478388535417,0.0,0.6540858876073504,0.95227338083823,0.0009056712529365094,0.1421103148634077,0.5,0.3627964300116642,0.8485415038783477
790460,42.5619,3.039,0.4857913262016411,0.6785022981895142,11.63195498421629,0.6756606054621815,0.0,0.5523271618769396,0.6498133945875991,0.03101057438953196,0.6857154503292278,0.5,0.16909206478269112,0.5509580969288198
790335,46.7985,1.3043,0.6710989298368676,0.8583761265915396,0.5207243207854194,0.23071757875857374,0.0,0.7630152027489954,0.8458480645088355,0.001388241298050616,0.16464138612407572,0.5,0.365392720773686,0.8525301235952072
788919,52.5563,4.6585,0.6258660707438652,0.5591098824155818,7.6685038580775515,0.7675283655801917,0.0,0.7115870784929285,0.5196941158394389,0.02044408783132417,0.7933020496490623,0.5,0.1703155274941141,0.5528376735790961
788242,44.0599,1.9522,0.6251680671197959,0.7115651687506811,0.43160390675392435,0.5265058784066021,0.0,0.7107934736262537,0.6858468129825229,0.0011506479414136904,0.5110399185020184,0.5,0.25781362796992136,0.6872589232521429
787365,44.046,1.7685,0.5661978656809428,0.9985517570378235,0.3226409349771871,0.20465519993057443,0.0,0.64374648814238,0.9986178347953787,0.0008601546970216647,0.13411965897313802,0.5,0.37248842535618365,0.8634310856972797
787358,44.046,1.7685,0.5661978656809428,0.9985517570378235,0.3226409349771871,0.20465519993057443,0.0,0.64374648814238,0.9986178347953787,0.0008601546970216647,0.13411965897313802,0.5,0.37248842535618365,0.8634310856972797
787269,43.5848,-1.3987,0.2611759390877433,0.6471179282926622,1.0925641198579839,0.4408178237447543,0.0,0.2969475933520494,0.615609282471497,0.002912755505000115,0.4106903900977333,0.5,0.1308004890078291,0.4921316602448568
787230,44.0599,1.9522,0.6251680671197959,0.7115651687506811,0.43160390675392435,0.5265058784066021,0.0,0.7107934736262537,0.6858468129825229,0.0011506479414136904,0.5110399185020184,0.5,0.25781362796992136,0.6872589232521429
787101,44.0632,1.9509,0.634329677766451,0.6752769655164318,0.4179147765040399,0.5468878086296902,0.0,0.7212098934628405,0.6462982805125224,0.0011141529762493598,0.5349092558784754,0.5,0.2474783191899616,0.6713810343105066
786939,51.1589,3.447,0.6109895436557014,0.8465574243543449,1.4662005450529392,0.6629756765102777,0.0,0.694673005429013,0.8329675058831107,0.003908863224972315,0.6708600933814152,0.5,0.2652329914472749,0.6986571148126577
786465,44.0599,1.9522,0.591920281789861,0.7115651687506811,1.6748638620326288,0.5265058784066021,0.0,0.6729919446167498,0.6858468129825229,0.004465155724586139,0.5110399185020184,0.5,0.24581026771043568,0.6688184465151424
786167,44.0632,1.9509,0.634329677766451,0.6752769655164318,0.4179147765040399,0.5468878086296902,0.0,0.7212098934628405,0.6462982805125224,0.0011141529762493598,0.5349092558784754,0.5,0.2474783191899616,0.6713810343105066
785344,51.15,3.4633,0.5661944868752782,0.8896830419230377,1.171857596385533,0.6462646247833732,0.0,0.6437426465625852,0.8799677631208279,0.00312415043008354,0.6512897324185921,0.5,0.264796444800177,0.697986458586701
785342,51.1474,3.4556,0.5890017795310641,0.8915505137963957,1.4533059793889904,0.6573980636307118,0.0,0.669673713140415,0.8820030188082907,0.00387448655413021,0.6643281348220235,0.5,0.27097875111006764,0.7074841886576166
784686,44.5308,6.2577,0.5426340169307412,0.8296061172087262,0.3635711036588994,0.40604595955845246,0.0,0.6169552446575302,0.814493201252213,0.0009692737610485316,0.369968959478223,0.5,0.28302067503636913,0.7259839098382926
784685,44.5294,6.2602,0.5351093509412759,0.7999030179638398,0.35883785884299485,0.40916154729552257,0.0,0.608399971671227,0.7821214142733159,0.0009566550189138995,0.37361763327938424,0.5,0.27181636907400664,0.7087710012038204
784401,50.5642,6.1692,0.44788561990089565,0.8061012577162886,0.41605220877501864,0.37746994209444124,0.0,0.5092297452480117,0.7888765375436578,0.0011091874055267487,0.33650350285766417,0.5,0.249290695050563,0.6741653442182018
784262,43.0333,0.3163,0.6449356322501343,0.8450499954944661,0.3788556244045036,0.3475220255492035,0.0,0.733268479985518,0.8313246414286133,0.0010100220074295624,0.3014314112590721,0.5,0.33239498826246194,0.801836492345897
784260,43.0333,0.3163,0.6449356322501343,0.8450499954944661,0.3788556244045036,0.3475220255492035,0.0,0.733268479985518,0.8313246414286133,0.0010100220074295624,0.3014314112590721,0.5,0.33239498826246194,0.801836492345897
784259,43.4267,-0.4591,0.509898296224219,0.5028493835345699,0.436924923902847,0.601813751600262,0.0,0.5797359145982597,0.4583788682254671,0.0011648336735927216,0.5992331863960814,0.5,0.1483975467417139,0.5191656013052295
784258,43.0333,0.3163,0.6449356322501343,0.8450499954944661,0.3788556244045036,0.3475220255492035,0.0,0.733268479985518,0.8313246414286133,0.0010100220074295624,0.3014314112590721,0.5,0.33239498826246194,0.801836492345897
784257,43.0333,0.3163,0.6449356322501343,0.8450499954944661,0.3788556244045036,0.3475220255492035,0.0,0.733268479985518,0.8313246414286133,0.0010100220074295624,0.3014314112590721,0.5,0.33239498826246194,0.801836492345897
784256,43.0333,0.3163,0.6449356322501343,0.8450499954944661,0.3788556244045036,0.3475220255492035,0.0,0.733268479985518,0.8313246414286133,0.0010100220074295624,0.3014314112590721,0.5,0.33239498826246194,0.801836492345897
784255,43.0333,0.3163,0.6449356322501343,0.8450499954944661,0.3788556244045036,0.3475220255492035,0.0,0.733268479985518,0.8313246414286133,0.0010100220074295624,0.3014314112590721,0.5,0.33239498826246194,0.801836492345897
784247,43.0326,0.2922,0.6702202289050194,0.8633396635846384,0.4189302190582305,0.3721480285825808,0.0,0.762016151581036,0.8512575526190749,0.001116860127103,0.33027099456661796,0.5,0.34165521241866625,0.8160627543625644
784033,43.2186,0.1177,0.578983143743537,0.7245373752310076,2.6582889331553474,0.7058389624178792,0.0,0.6582828867259748,0.6999845129364997,0.0070869485673166555,0.7210574113583514,0.5,0.21290499283470138,0.6182668557311312
784030,43.2186,0.1177,0.578983143743537,0.7245373752310076,2.6582889331553474,0.7058389624178792,0.0,0.6582828867259748,0.6999845129364997,0.0070869485673166555,0.7210574113583514,0.5,0.21290499283470138,0.6182668557311312
784029,43.2186,0.1177,0.578983143743537,0.7245373752310076,2.6582889331553474,0.7058389624178792,0.0,0.6582828867259748,0.6999845129364997,0.0070869485673166555,0.7210574113583514,0.5,0.21290499283470138,0.6182668557311312
783887,53.1908,6.5475,0.4920342731652026,0.5659797250527085,10.442499486582813,0.7676810083454751,0.0,0.5594251667036065,0.5271811824446484,0.027839508283924445,0.7934808100325367,0.5,0.12503282246057867,0.48327093137459753
777118,48.2085,11.1489,0.6251374927734273,0.40248009747497626,1.4951460759847193,0.7578610219251118,0.0,0.7107587117006178,0.3489918604671942,0.00398603146895387,0.7819805955614675,0.5,0.132381282998973,0.49456019643718196
777116,48.2085,11.1489,0.6251374927734273,0.40248009747497626,1.4951460759847193,0.7578610219251118,0.0,0.7107587117006178,0.3489918604671942,0.00398603146895387,0.7819805955614675,0.5,0.132381282998973,0.49456019643718196
776383,48.1678,11.2493,0.5934640965977812,0.6739896340297782,10.35779657081039,0.7395735055585452,0.0,0.674747206197868,0.6448952881744635,0.027613691895008292,0.760564032304049,0.5,0.1940406406783673,0.5892860004058433
775537,47.4737,4.444,0.5898148380911803,0.6589817320719396,0.6188444340322901,0.4571979969031539,0.0,0.6705981313066676,0.6285389948067618,0.0016498276844388187,0.4298732582129292,0.5,0.2435032338248636,0.6652742052544718
770769,52.0747,4.7632,0.565493388870054,0.44611627256892256,15.983627909591492,0.7405064165917392,0.0,0.6429455234964925,0.3965485464907332,0.042612053002058774,0.7616565671106053,0.5,0.11924989800462847,0.4743867621422771
770767,52.0747,4.7632,0.5752484271322712,0.44611627256892256,16.980066948848787,0.7405064165917392,0.0,0.6540366490616595,0.3965485464907332,0.04526854084038443,0.7616565671106053,0.5,0.12204593810651347,0.4786822520167716
770764,52.0747,4.7632,0.5840345607109994,0.44611627256892256,16.164273406357836,0.7405064165917392,0.0,0.6640261650568386,0.3965485464907332,0.043093650517111746,0.7616565671106053,0.5,0.12547777096972174,0.483954495181285
770763,52.0747,4.7632,0.5840345607109994,0.44611627256892256,16.001227000014843,0.7405064165917392,0.0,0.6640261650568386,0.3965485464907332,0.04265897184790214,0.7616565671106053,0.5,0.12556470670356368,0.4840880524804804
770608,50.6041,5.6641,0.703763068323913,0.7287437555239205,5.88494381811836,0.7763077136437606,0.0,0.8001531464145778,0.7045688172769919,0.015689150129759674,0.8035835695336359,0.5,0.24251278278762406,0.6637525988945426
770606,50.6041,5.6641,0.703763068323913,0.7287437555239205,5.88494381811836,0.7763077136437606,0.0,0.8001531464145778,0.7045688172769919,0.015689150129759674,0.8035835695336359,0.5,0.24251278278762406,0.6637525988945426
769718,52.0395,4.7501,0.3530232845157849,0.5723399860288604,3.189300963229996,0.574125118415468,0.0,0.40137470205086623,0.5341128838052606,0.008502616705880704,0.5668069480689504,0.5,0.11721906601505626,0.4712668432819839
761621,48.2085,11.1489,0.5991612480510153,0.40248009747497626,1.4286927248485557,0.7578610219251118,0.0,0.6812246612762688,0.3489918604671942,0.0038088680779643086,0.7819805955614675,0.5,0.12355650054986621,0.48100289315344164
760100,48.1617,11.11,0.5698378285669226,0.5910177041674334,0.5741831612599537,0.647826926642327,0.0,0.6478849942492513,0.5544687095677139,0.0015307615667039221,0.6531193486397778,0.5,0.18470862105739633,0.574949440725086
758204,53.406,5.3875,0.6179572157690953,0.6497757782667223,1.3774019056577635,0.20991980030506227,0.0,0.7025949965303581,0.6185059281202487,0.0036721277134963955,0.14028504768340477,0.5,0.2936277982939597,0.7422793808938681
757053,52.6408,13.2956,0.6350314580941451,0.9291245247428305,6.853022818583601,0.6592184431058538,0.0,0.7220077923048948,0.922952882937709,0.018270030635195514,0.6664599864852245,0.5,0.29371755432607294,0.7424172709501865
757049,52.6475,13.2939,0.6599483622627077,0.9055905740109047,3.570868606824393,0.6490989536457733,0.0,0.7503374108466419,0.8973045142747349,0.009519868905736917,0.6546090231389491,0.5,0.29933202457068653,0.7510426479861345
757024,52.6408,13.2956,0.6350314580941451,0.9291245247428305,6.853022818583601,0.6592184431058538,0.0,0.7220077923048948,0.922952882937709,0.018270030635195514,0.6664599864852245,0.5,0.29371755432607294,0.7424172709501865
755602,51.6421,14.3799,0.45363368379871866,0.8459421655546302,0.450030371088293,0.34351200651791364,0.0,0.515765085933889,0.8322969688917669,0.0011997725506261885,0.29673526638485176,0.5,0.2680535235352554,0.7029902311425842
733243,51.9892,4.4694,0.46562090370801784,0.26284124518918345,21.016408489464787,0.86631568858004,0.0,0.5293941212710696,0.19680709540596725,0.05602935188003134,0.9089921690534231,0.5,0.010465314498792969,0.30726359511924567
730822,48.8722,-1.8297,0.48897469778374747,0.5848734436029672,0.7700279664247457,0.25620624589127866,0.0,0.5559465401908593,0.5477724152687283,0.0020528801536144753,0.19449123785095332,0.5,0.22414280416607396,0.6355312378667262
730821,48.8722,-1.8297,0.48897469778374747,0.5848734436029672,0.7700279664247457,0.25620624589127866,0.0,0.5559465401908593,0.5477724152687283,0.0020528801536144753,0.19449123785095332,0.5,0.22414280416607396,0.6355312378667262
727563,48.1267,16.2948,0.4827217829335015,0.2942752144192148,20.84000915107318,0.909083634087692,0.0,0.5488372022376721,0.23106526312868256,0.055559074543772735,0.9590778336124985,0.5,0.017443986502842942,0.31798476285593363
726467,49.3844,0.4422,0.8034695874172526,0.7698352592275497,1.3486690003916901,0.4806015362399244,0.0,0.9135158512245738,0.7493522048140836,0.003595526325562037,0.45728121075315337,0.5,0.3420815196928076,0.8167176800835019
726299,49.9555,14.249,0.44631549695740363,0.9383251322138639,1.0196760220545082,0.5252671929918541,0.0,0.5074445722685813,0.9329801229463428,0.0027184371997699772,0.5095892904337098,0.5,0.2584963214121497,0.6883077289421966
725888,51.9892,4.4694,0.4874780746456998,0.26284124518918345,22.825396048512438,0.86631568858004,0.0,0.5542449338309835,0.19680709540596725,0.06085207887181437,0.9089921690534231,0.5,0.016956012868410544,0.31723510057308163
725006,51.9892,4.4694,0.4874780746456998,0.26284124518918345,22.825396048512438,0.86631568858004,0.0,0.5542449338309835,0.19680709540596725,0.06085207887181437,0.9089921690534231,0.5,0.016956012868410544,0.31723510057308163
724867,51.9892,4.4694,0.4874780746456998,0.26284124518918345,22.825396048512438,0.86631568858004,0.0,0.5542449338309835,0.19680709540596725,0.06085207887181437,0.9089921690534231,0.5,0.016956012868410544,0.31723510057308163
719659,50.6041,5.6641,0.703763068323913,0.7287437555239205,5.88494381811836,0.7763077136437606,0.0,0.8001531464145778,0.7045688172769919,0.015689150129759674,0.8035835695336359,0.5,0.24251278278762406,0.6637525988945426
717009,51.4261,5.4756,0.5019300742270069,0.4592336550410737,22.37669988832364,0.845762698094858,0.0,0.5706763344790815,0.4108444658359947,0.05965586330248721,0.8849225025097609,0.5,0.07924446876576159,0.41292737316409
716952,51.4269,5.4752,0.49203067087550356,0.4379037791612611,23.113215615307144,0.8502014332868923,0.0,0.5594210710305503,0.38759819807871754,0.06161940045266309,0.8901207181185752,0.5,0.06888388302052555,0.3970106518221856
716606,48.6312,1.6872,0.7286516632801919,0.863820389525929,0.8136070514959167,0.5537135433143295,0.0,0.8284505784061904,0.851781469589435,0.002169061179182495,0.5429028934901518,0.5,0.3296112946598566,0.797559970104451
715112,52.2183,13.886,0.4261692889683037,0.5653265231431555,0.6983336544820833,0.46624653628627677,0.0,0.4845390626782693,0.5264692933284343,0.0018617444591571743,0.44047002882964237,0.5,0.1605361889193116,0.537813908433883
714096,44.0632,1.9509,0.6713312832710382,0.6752769655164318,2.308303358852864,0.5468878086296902,0.0,0.7632793801970599,0.6462982805125224,0.006153893573388524,0.5349092558784754,0.5,0.2590912170907996,0.6892216530172836
712876,44.0619,1.9524,0.6441524063792418,0.6878157939672132,2.3506715221286227,0.5387367806734815,0.0,0.732377980507561,0.6599636654013907,0.006266846304102627,0.5253635634871194,0.5,0.25464640671872757,0.6823931966105203
712856,44.0619,1.9524,0.6441524063792418,0.6878157939672132,2.3506715221286227,0.5387367806734815,0.0,0.732377980507561,0.6599636654013907,0.006266846304102627,0.5253635634871194,0.5,0.25464640671872757,0.6823931966105203
712851,44.0619,1.9524,0.6441524063792418,0.6878157939672132,2.3506715221286227,0.5387367806734815,0.0,0.732377980507561,0.6599636654013907,0.006266846304102627,0.5253635634871194,0.5,0.25464640671872757,0.6823931966105203
712847,44.0619,1.9524,0.6441524063792418,0.6878157939672132,2.3506715221286227,0.5387367806734815,0.0,0.732377980507561,0.6599636654013907,0.006266846304102627,0.5253635634871194,0.5,0.25464640671872757,0.6823931966105203
712760,44.0619,1.9524,0.6441524063792418,0.6878157939672132,2.3506715221286227,0.5387367806734815,0.0,0.732377980507561,0.6599636654013907,0.006266846304102627,0.5253635634871194,0.5,0.25464640671872757,0.6823931966105203
712704,44.0632,1.9509,0.639187138973836,0.6752769655164318,2.308303358852864,0.5468878086296902,0.0,0.7267326511118494,0.6462982805125224,0.006153893573388524,0.5349092558784754,0.5,0.2481271983652364,0.6723778919468774
712687,51.9892,4.4694,0.43145027543195497,0.26284124518918345,24.816399742378795,0.86631568858004,0.0,0.4905433532204358,0.19680709540596725,0.06616005747405751,0.9089921690534231,0.5,-0.003216057035202405,0.2862452295908489
712399,48.6715,2.0578,0.5670679641965028,0.6203908627807837,1.9294803513210883,0.6963946478495457,0.0,0.6447357586742568,0.5864809122570487,0.005143958521931492,0.7099971472786725,0.5,0.18251259187035207,0.5715757333413173
710312,51.9892,4.4694,0.41995094803598015,0.26284124518918345,24.51476955450926,0.86631568858004,0.0,0.4774690340188695,0.19680709540596725,0.06535591703577788,0.9089921690534231,0.5,-0.006977524708016394,0.28046657631226457
710261,42.6634,2.4999,0.638181050943104,0.9148929788025802,0.41986649358026223,0.3473307645054255,0.0,0.7255887654213462,0.9074426976280909,0.0011193562174638967,0.3012074248980679,0.5,0.3491323190552237,0.8275496553645191
710138,51.9892,4.4694,0.41995094803598015,0.26284124518918345,24.51476955450926,0.86631568858004,0.0,0.4774690340188695,0.19680709540596725,0.06535591703577788,0.9089921690534231,0.5,-0.006977524708016394,0.28046657631226457
709355,42.68,2.6278,0.5339126079022073,0.6947592289952143,9.620251306361133,0.590409363075637,0.0,0.6070393181341763,0.6675309363375022,0.025647410017208223,0.5858774740426896,0.5,0.2059834264147833,0.6076334179444716
706621,50.4646,3.6827,0.5261697626574338,0.7777558293291756,2.299679162412888,0.5679755648455945,0.0,0.5982359832283509,0.7579844019450074,0.00613090162701195,0.5596051881145555,0.5,0.23379993691217144,0.6503672611052861
706028,50.7143,2.9045,0.43587425637570504,0.5232697027672708,5.257161862880634,0.7316464893579103,0.0,0.49557325949308284,0.48063385982725665,0.014015495180980914,0.7512806807269123,0.5,0.10333524165950596,0.4499374543013606
696768,47.4845,4.3708,0.7774457376219156,0.5913509985813081,1.3385971565042396,0.5576681017774303,0.0,0.8839276755546689,0.5548319489616322,0.003568674978171564,0.5475340883327162,0.5,0.27104244166126695,0.707582034935856
685416,50.1542,8.7704,0.6340938188339901,0.7538270858686211,5.76544754750801,0.7428603808471853,0.0,0.7209417303900494,0.7319057702308067,0.015370575307723117,0.7644133014517777,0.5,0.23152285139540524,0.6468690288109662
685404,50.1764,8.6559,0.625162533447771,0.605042085834346,9.30486584749249,0.7969151515079789,0.0,0.7107871820413705,0.5697531178407059,0.024806598283764112,0.8277169995602093,0.5,0.17655556448180337,0.5624240939165656
684527,50.1764,8.6559,0.5234418261220781,0.605042085834346,9.30486584749249,0.7969151515079789,0.0,0.595134418084868,0.5697531178407059,0.024806598283764112,0.8277169995602093,0.5,0.14185973529485268,0.5091217171519178
682784,46.812,1.2854,0.48367532896510795,0.8074845022048914,0.3643845980839891,0.2569339218490324,0.0,0.549921349576148,0.790384060228601,0.000971442521967822,0.1953434212676488,0.5,0.28307661823545377,0.7260698540438327
680207,51.4261,5.4756,0.42450299365875227,0.4592336550410737,26.35408146500143,0.845762698094858,0.0,0.48264454519816224,0.4108444658359947,0.07025948818123588,0.8849225025097609,0.5,0.05071420700573602,0.36909701092277314
679873,51.4279,5.4685,0.5176827268930275,0.4144448365516138,23.924508828584926,0.8556192575799787,0.0,0.588586530626645,0.36203157667504665,0.0637822929824409,0.8964655478026428,0.5,0.0698575625898706,0.398506492575079
678051,51.5558,9.958,0.5510971928147821,0.7028482250057951,9.126062484232934,0.7212872355465672,0.0,0.6265775694385152,0.676346691675651,0.024329911862179535,0.7391489286560903,0.5,0.19132162207961784,0.5851088368338271
668113,52.457,10.1972,0.599565195325008,0.36003786445787106,2.431956565645616,0.773668434738203,0.0,0.681683934711916,0.3027363867601881,0.006483550709523768,0.8004927023813208,0.5,0.10881866160451899,0.45836150188047986
667205,47.2914,2.4274,0.5921819183062444,0.9948682294975808,0.20106034468729486,0.21092054152417455,0.0,0.6732894158698233,0.9946033591381233,0.0005360231177107141,0.14145701861668072,0.5,0.3793119071294336,0.8739138383752661
665980,42.4378,8.9433,0.5009080356796588,0.8376308637077463,0.3299637841147798,0.0901309679579218,0.0,0.5695143136282785,0.8232389345537859,0.0008796772758343215,0.0,0.5,0.3264880922717632,0.7927618685947453
661019,42.7912,2.1855,0.7662324644344206,0.9660767783281161,0.5978431113463675,0.2970094147973395,0.0,0.8711785896386532,0.9632251276483005,0.0015938385510288215,0.24227594685481735,0.5,0.4154996990652427,0.9295082820085271
658005,51.9892,4.4694,0.4752509245777519,0.26284124518918345,29.313425534615707,0.86631568858004,0.0,0.5403431065841341,0.19680709540596725,0.07814904411052898,0.9089921690534231,0.5,0.009326071646612796,0.30551340343464467
657525,42.8906,2.0953,0.830140433025404,0.9112272275944723,0.5767374264929886,0.27188861022807986,0.0,0.9438396377252282,0.9034475954251808,0.0015375711900326838,0.21285690003890434,0.5,0.4267777409300214,0.946834469355276
657524,42.8906,2.0953,0.830140433025404,0.9112272275944723,0.5767374264929886,0.27188861022807986,0.0,0.9438396377252282,0.9034475954251808,0.0015375711900326838,0.21285690003890434,0.5,0.4267777409300214,0.946834469355276
653769,51.7275,5.636,0.6589042701673907,0.7096039206990631,3.7277742846165336,0.6334055552072382,0.0,0.7491503159096993,0.683709355755709,0.00993817650750425,0.636230438882575,0.5,0.24825023257794993,0.6725669064801708
652951,51.9526,4.9912,0.7292156838935301,0.7540799900555123,1.7413554008422598,0.5914998934514193,0.0,0.8290918494371924,0.7321813967032033,0.0046424209231987895,0.5871545973167814,0.5,0.2927712302248016,0.7409634557519493
652304,53.1095,13.0469,0.7223267127067469,0.871420846031554,1.2235903211461712,0.40032550132499556,0.0,0.8212593384419906,0.8600647923805684,0.003262068906533957,0.36326971431214733,0.5,0.3562511286996104,0.8384861132233681
650253,50.4675,3.6771,0.6652526189042748,0.7625535973351291,3.317723817779375,0.5867008192226064,0.0,0.7563681587391795,0.7414163188753671,0.008844989633709556,0.5815343876208208,0.5,0.2732653712707306,0.7109970687984705
650107,44.6377,1.6884,0.7401912650095387,0.9935702666665962,0.29827349709373213,0.21018306835406073,0.0,0.8415706880676683,0.9931887802780269,0.0007951915634647915,0.14059336165628195,0.5,0.42952035892867196,0.9510478881237936
649524,54.0372,13.4249,0.7745944089456868,0.9662245285773396,1.5809792594731196,0.3094210161793525,0.0,0.880685818011362,0.963386152582248,0.004214861130456959,0.25681120909576927,0.5,0.41568762995851377,0.9297969957678921
648223,43.1775,0.3971,0.7886541542174216,0.8027563417601138,0.5560169823679822,0.431959016321997,0.0,0.8966712397013054,0.7852310961739581,0.0014823308736117082,0.4003158151280218,0.5,0.35496530750995553,0.8365107367268544
647067,42.7356,2.2693,0.7572583072886523,0.9479010135226296,0.5087722735710095,0.1426061730682572,0.0,0.8609752976504746,0.9434163534321541,0.001356377363763337,0.061453864328243256,0.5,0.4346573225311917,0.9589396830681488
646903,44.8629,-0.6055,0.38867940806748985,0.2921541211416483,31.17496408868869,0.8924955158310142,0.0,0.4419144244844286,0.2287535993128074,0.08311187107198074,0.9396514403918658,0.5,-0.017807363099645604,0.2638289532959518
646317,50.7542,4.5672,0.7546955082506603,0.7443967576640672,2.772566268661237,0.7185759324977756,0.0,0.8580614878667909,0.721628170130492,0.00739160980599507,0.7359737138215251,0.5,0.2759511098582325,0.7151231050811319
645962,52.2826,4.9271,0.7228090680009648,0.6543327378839083,5.433576552290687,0.6680358999861877,0.0,0.8218077589598184,0.6234723097352709,0.014485813442767519,0.6767861357152244,0.5,0.24799532207592606,0.6721752935417127
644752,44.1065,1.8736,0.7771650628325594,0.9213428391823205,0.3651973697105035,0.21575385441574293,0.0,0.8836085584740333,0.914472048489265,0.000973609355919632,0.1471173253095247,0.5,0.4214382589969136,0.9386315503187257
644726,44.1089,1.8708,0.7782032464776784,0.902421621993553,0.37808005721360965,0.21948765353969757,0.0,0.8847889357168696,0.8938508463996657,0.001007954359807135,0.15148998825214613,0.5,0.41597430320519396,0.9302374050551455
644286,45.9044,3.5297,0.730703592970335,0.909646581452901,0.5643312809525339,0.4582738201384617,0.0,0.8307835482247116,0.9017249354508089,0.0015044966381029634,0.4311331579123161,0.5,0.35969542531564763,0.8437775041547677
643720,50.508,3.3601,0.606142165413534,0.8533720429087006,1.512560295450151,0.49861214145969796,0.0,0.6891617117466532,0.8403943867740676,0.004032457452281795,0.4783734825664467,0.5,0.29428459634208953,0.7432884041061703
643556,51.0579,4.393,0.6346830856491803,0.8116742550202248,4.727149542534706,0.7386348704324525,0.0,0.7216117054391452,0.7949502431886352,0.012602492249852116,0.7594647939957596,0.5,0.24878085487956803,0.6733820888955606
643466,46.5637,5.9068,0.615182114658428,0.7930821184258051,0.4039991387429176,0.44542264520347885,0.0,0.699439806971168,0.7746876880809986,0.0010770541462973337,0.41608310981336344,0.5,0.2908759868103361,0.738051838393153
642001,46.5547,5.9112,0.6218410545526825,0.7011542399689674,0.4043935479308609,0.4195871259145556,0.0,0.7070107807093367,0.6745005098242044,0.001078105633814198,0.38582705852413285,0.5,0.27263868176346934,0.7100343006210477
641400,42.7416,0.5828,0.558306011577424,0.9757026889958073,0.24306728571929956,0.1689174624632031,0.0,0.6347737355553276,0.9737158824023195,0.000648012836680335,0.09226709136334224,0.5,0.3698914249953407,0.8594413758406366
641386,52.3086,9.422,0.5988972730776642,0.9303714091888937,0.9287451527689815,0.5272628514474379,0.0,0.6809245312822287,0.9243117942534098,0.0024760172032938974,0.5119264118173631,0.5,0.30807114273475783,0.7644683472672257
640678,51.0763,7.0154,0.62322043034715,0.7256235909917073,6.604006762778056,0.8165402186805952,0.0,0.7085790810815911,0.7011683202196586,0.017606158488748587,0.8506999724313546,0.5,0.2067395768169391,0.6087950738140943
640181,43.3491,-0.3764,0.5791224952713933,0.5237819360287409,7.613359420964694,0.7497381254989882,0.0,0.6584413243713849,0.4811921149065366,0.020297073793565466,0.7724678480862786,0.5,0.14790083406639476,0.5184025134418159
639786,43.3542,-0.3364,0.5493487359550562,0.5338613935075186,1.3335429100937775,0.6966840726452033,0.0,0.6245896372484789,0.49217716558006236,0.0035552004517908015,0.7103360934931403,0.5,0.15315972845523007,0.5264816277517461
637907,44.0639,1.9476,0.6944390400090675,0.6700611605644501,2.015437524731104,0.5492999520354266,0.0,0.789552063565558,0.6406138593200741,0.005373118738246134,0.5377341239906572,0.5,0.2652843415534381,0.698736002758839
637745,49.5833,0.7028,0.6720704043835897,0.476150869754714,0.9044417191470067,0.6632788674450854,0.0,0.764119734160501,0.42928161498569173,0.0024112247039008057,0.671215161161218,0.5,0.18539180487961043,0.575998999774243
637439,46.5273,5.9503,0.6726720578664785,0.9998199783526511,0.32676988118682304,0.381791155661796,0.0,0.7648037924026184,1.0,0.000871162390376568,0.3415640885522455,0.5,0.37803229195987337,0.8719479960397468
636709,47.6621,-0.0497,0.637642152283905,0.938598545500256,0.4063277199572458,0.36504689019943587,0.0,0.7249760571432838,0.9332781011671107,0.0010832621002540826,0.3219548308878615,0.5,0.35230246538153287,0.8324198757294369
636447,44.1,1.819,0.6838866633663369,0.9361809938643232,0.3427487568974442,0.21993426021719717,0.0,0.7775543931095878,0.9306433435640847,0.0009137617741050711,0.15201301062260547,0.5,0.39294244987568566,0.8948541168465651
636436,44.1,1.819,0.6838866633663369,0.9361809938643232,0.3427487568974442,0.21993426021719717,0.0,0.7775543931095878,0.9306433435640847,0.0009137617741050711,0.15201301062260547,0.5,0.39294244987568566,0.8948541168465651
636197,52.3872,13.7132,0.5180413648824121,0.786586048136991,3.311804185048112,0.5560200200455399,0.0,0.5889942890449908,0.7676079755615841,0.008829208003586277,0.5456040150544795,0.5,0.23499383674500413,0.6522014210086566
636170,50.7756,3.0142,0.43133194029106875,0.41806061954907736,26.47132781794801,0.8434119310717995,0.0,0.4904088104466341,0.3659722212519239,0.07057206476486992,0.882169512456676,0.5,0.042175858625495846,0.3559797494831026
636002,54.099,13.3057,0.6141190460237513,0.8230592006758901,0.7268312339011544,0.5222990304253835,0.0,0.6982311363955481,0.8073580741861014,0.0019377184727856532,0.5061132666758127,0.5,0.28500432576926077,0.7290313452566635
635994,50.6708,3.3555,0.6039254420358623,0.45990370518355406,4.823299278940882,0.7448285147127462,0.0,0.6866413774676762,0.4115747169218738,0.012858825648442767,0.7667181887085246,0.5,0.14130659903480408,0.508271947077929
635617,50.3433,5.1493,0.6631026792898816,0.6384742460950292,2.597321612211927,0.6005881353852829,0.0,0.7539237551828022,0.6061890049271182,0.00692441083019406,0.5977978637053848,0.5,0.23666981606477366,0.6547761881563376
635446,51.9892,4.4694,0.3973935740632889,0.26284124518918345,30.422002082854384,0.86631568858004,0.0,0.45182211594161703,0.19680709540596725,0.08110448845004833,0.9089921690534231,0.5,-0.017821314414046233,0.2638075202236209
635434,51.9892,4.4694,0.3973935740632889,0.26284124518918345,30.422002082854384,0.86631568858004,0.0,0.45182211594161703,0.19680709540596725,0.08110448845004833,0.9089921690534231,0.5,-0.017821314414046233,0.2638075202236209
635136,51.9892,4.4694,0.3973935740632889,0.26284124518918345,30.422002082854384,0.86631568858004,0.0,0.45182211594161703,0.19680709540596725,0.08110448845004833,0.9089921690534231,0.5,-0.017821314414046233,0.2638075202236209
634998,52.0149,5.0379,0.47202070015036135,0.347653172642549,12.915220670191994,0.8557882173918188,0.0,0.5366704582802704,0.28923898697912265,0.03443173670235745,0.8966634171264865,0.5,0.04192502431941729,0.355594398707479
634877,44.0626,1.9506,0.7036127512882953,0.6774093168786841,2.310592887727633,0.5431540093341228,0.0,0.7999822413835768,0.6486222139005468,0.0061599974145385575,0.5305365927348777,0.5,0.27133773749707035,0.708035690901598
634513,49.4254,8.6657,0.49708251666666686,0.5429364397400006,10.19784937984631,0.8577180667268037,0.0,0.5651648369184472,0.5020675632466333,0.027187275676022003,0.8989234692588556,0.5,0.10479036636315979,0.452172927757717
634391,50.9851,5.3184,0.5295948704586061,0.7948236006450069,2.531298924022356,0.6373453562892678,0.0,0.6021302068772904,0.7765856345196095,0.006748395578563725,0.6408443513135269,0.5,0.2273091388803477,0.6403956025427743
632303,43.3697,-0.3453,0.5830389334632357,0.5960914535235041,1.442248739825306,0.6596792475843518,0.0,0.6628941728980976,0.5599983121181048,0.0038450081603006443,0.6669996359414566,0.5,0.1880488828756769,0.580081005472284
632109,48.7589,2.4047,0.35588838571428577,0.3020185583113032,47.40956898376921,0.9189900557365542,0.0,0.40463221845370406,0.23950431108500594,0.1263930240223396,0.9706792726294114,0.5,-0.03961475239151695,0.2303267800512826
631989,54.1232,13.3117,0.5909072850281704,0.876569181511903,0.3782888420332261,0.5411699968664085,0.0,0.6718402039491058,0.8656756822776704,0.0010085109762305055,0.5282131100012687,0.5,0.28853731305871294,0.7344589895591642
631748,51.1405,4.9916,0.6279396862279791,0.6742145264238923,4.5604455001455015,0.7283464009275127,0.0,0.7139447042745987,0.6451403861225065,0.012158062391366516,0.7474159376306929,0.5,0.21092450469012902,0.6152242789219388
631747,51.1405,4.9916,0.6279396862279791,0.6742145264238923,4.5604455001455015,0.7283464009275127,0.0,0.7139447042745987,0.6451403861225065,0.012158062391366516,0.7474159376306929,0.5,0.21092450469012902,0.6152242789219388
631745,51.1405,4.9916,0.6279396862279791,0.6742145264238923,4.5604455001455015,0.7283464009275127,0.0,0.7139447042745987,0.6451403861225065,0.012158062391366516,0.7474159376306929,0.5,0.21092450469012902,0.6152242789219388
631518,51.2608,5.4234,0.5778610041785935,0.6846306410049776,1.383164573379209,0.7003948903759103,0.0,0.6570070546398379,0.6564923410005727,0.003687490877839838,0.7146818428597262,0.5,0.20328542703756763,0.6034885457023283
631491,49.4218,8.6781,0.41608183511956653,0.40147586795022133,16.244488223885988,0.8579701502955693,0.0,0.47306999261808264,0.3478974055086302,0.0433075017200673,0.8992186850546153,0.5,0.03535104606037655,0.34549495234123434
631173,49.4207,8.6789,0.41360998222039874,0.4022652250194572,17.417663935903352,0.8537801804834484,0.0,0.4702595853037949,0.34875768270344143,0.04643516622176738,0.8943117993010081,0.5,0.03483349312749413,0.34469984808603693
630568,52.1865,5.2474,0.6297607804296711,0.9501159615203574,1.9521520954373952,0.6087660061192622,0.0,0.7160152224944187,0.9458303043859126,0.005204400967626405,0.6073749917513485,0.5,0.30911501388857626,0.7660720216810801
630554,50.4596,3.6824,0.4716720476525115,0.7778773620450558,2.205852236524688,0.5880816013052844,0.0,0.5362740530045228,0.7581168538200459,0.005880760797809527,0.5831514255075206,0.5,0.21176256337067834,0.6165117685305839
630332,50.7516,4.5756,0.5893493940149626,0.7673642895355021,3.38562298963626,0.6918973802851561,0.0,0.6700689382318553,0.7466592297867033,0.009026007555693667,0.7047303842394678,0.5,0.23017072976917358,0.6447917965314122
630331,50.7516,4.5756,0.5893493940149626,0.7673642895355021,3.38562298963626,0.6918973802851561,0.0,0.6700689382318553,0.7466592297867033,0.009026007555693667,0.7047303842394678,0.5,0.23017072976917358,0.6447917965314122
630120,45.7479,5.4478,0.5699279897134056,0.7380200015640238,0.993182421267688,0.5554173750072876,0.0,0.6479875042107567,0.7146784916344837,0.0026478057556867532,0.5448982557088805,0.5,0.24080157466437851,0.6611237105743792
629261,46.37,0.2978,0.5659753441053261,0.7972255566642834,0.2653891309221153,0.3874415183628063,0.0,0.6434934891617731,0.7792033953110893,0.000707522458417422,0.3481812446377367,0.5,0.2854802043889602,0.7297624262561918
628464,50.4703,3.7077,0.6307729940285026,0.7229564037836357,4.352795029442648,0.5914349229812622,0.0,0.7171660727342268,0.6982614984290875,0.011604470120979473,0.5870785102114529,0.5,0.24933252587162613,0.674229607913203
627280,49.0699,1.6524,0.5718397377658475,0.8978597044542497,0.9847319623489967,0.4742699008938095,0.0,0.6501610925790074,0.88887906141588,0.0026252769902918266,0.44986621430448925,0.5,0.2992631055839405,0.7509367693867794
627279,49.0699,1.6524,0.5718397377658475,0.8978597044542497,0.9847319623489967,0.4742699008938095,0.0,0.6501610925790074,0.88887906141588,0.0026252769902918266,0.44986621430448925,0.5,0.2992631055839405,0.7509367693867794
627274,49.0699,1.6524,0.5718397377658475,0.8978597044542497,0.9847319623489967,0.4742699008938095,0.0,0.6501610925790074,0.88887906141588,0.0026252769902918266,0.44986621430448925,0.5,0.2992631055839405,0.7509367693867794
627210,50.7542,4.5672,0.5962522209482026,0.7443967576640672,3.5583346598125063,0.7185759324977756,0.0,0.6779172027094752,0.721628170130492,0.009486453637475134,0.7359737138215251,0.5,0.2214888555447418,0.6314540397526235
627209,50.7542,4.5672,0.5962522209482026,0.7443967576640672,3.5583346598125063,0.7185759324977756,0.0,0.6779172027094752,0.721628170130492,0.009486453637475134,0.7359737138215251,0.5,0.2214888555447418,0.6314540397526235
627207,50.7542,4.5672,0.5962522209482026,0.7443967576640672,3.5583346598125063,0.7185759324977756,0.0,0.6779172027094752,0.721628170130492,0.009486453637475134,0.7359737138215251,0.5,0.2214888555447418,0.6314540397526235
627028,44.6219,4.6102,0.6245645513036321,0.8888543828032456,0.5055125915854097,0.31061637260697106,0.0,0.7101072979785822,0.879064652765815,0.0013476871125684324,0.25821109446205426,0.5,0.3437971509932066,0.8193533636254733
627022,44.6215,4.6099,0.6239154588288081,0.8901835074426455,0.5139468388474006,0.3130276287391062,0.0,0.7093693033189854,0.8805131931804139,0.0013701726579898666,0.26103492348555807,0.5,0.3435098162363674,0.8189119380759037
627020,44.6215,4.6099,0.6239154588288081,0.8901835074426455,0.5139468388474006,0.3130276287391062,0.0,0.7093693033189854,0.8805131931804139,0.0013701726579898666,0.26103492348555807,0.5,0.3435098162363674,0.8189119380759037
626265,51.074,2.829,0.4735297923164513,0.5213934435317404,1.1276971894160381,0.7368088846796015,0.0,0.5383862414738987,0.47858902727328556,0.003006419611209347,0.7573263768045343,0.5,0.11696288881756904,0.47087328434942755
626264,51.074,2.829,0.4735297923164513,0.5213934435317404,1.1276971894160381,0.7368088846796015,0.0,0.5383862414738987,0.47858902727328556,0.003006419611209347,0.7573263768045343,0.5,0.11696288881756904,0.47087328434942755
612262,52.4225,10.2233,0.5225576639265456,0.6833713576193049,0.729510969882935,0.6187030457583005,0.0,0.5941291576576888,0.6551199167571976,0.0019448625987833958,0.6190122875850249,0.5,0.19877791082909563,0.5965637558112398
602234,46.5763,0.3224,0.5526868245195777,0.42532233133089087,15.869451629170635,0.7785491774308272,0.0,0.6283849231737174,0.37388636465376046,0.042307661174346624,0.8062085542512265,0.5,0.10259425274300198,0.44879909066136503
602231,46.5763,0.3224,0.5526868245195777,0.42532233133089087,15.869451629170635,0.7785491774308272,0.0,0.6283849231737174,0.37388636465376046,0.042307661174346624,0.8062085542512265,0.5,0.10259425274300198,0.44879909066136503
595666,52.3304,10.2387,0.5872549165061016,0.47490093215185836,0.0,0.8285769072848577,0.0,0.6676875930828394,0.42791937620101267,0.0,0.8647961732349979,0.5,0.12756669598985526,0.487163660982059
574186,50.4643,3.6824,0.7406808725421347,0.775226384042009,2.5754224590745842,0.5685704244658689,0.0,0.8421273541181447,0.7552276975575005,0.006866028097596245,0.5603018299346653,0.5,0.3060266505150995,0.7613274425205073
571729,52.3458,4.8095,0.4929756070241365,0.4448935123240869,23.968337728927125,0.8900511688391979,0.0,0.5604954292435924,0.39521592682550083,0.06389914001084819,0.9367888585669756,0.5,0.06365445369223692,0.3889768039836282
570906,43.7255,4.7094,0.5074289099863358,0.6476962209077307,10.982062644082253,0.6310035419312252,0.0,0.5769283117886084,0.6162395320354274,0.029277973568237484,0.6334174341945826,0.5,0.17627016670260442,0.5619856440996528
568111,52.585,13.1769,0.7026886278735633,0.9877463785187789,1.168935293555032,0.5653969731429076,0.0,0.7989315464959718,0.9868416423933323,0.003116359625404794,0.5565853919208739,0.5,0.3522787938339126,0.8323835096941115
567723,52.585,13.1769,0.6351437994891443,0.9877463785187789,1.168935293555032,0.5653969731429076,0.0,0.7221355204064779,0.9868416423933323,0.003116359625404794,0.5565853919208739,0.5,0.32923998600706444,0.7969895374567556
566797,54.0593,9.8462,0.6979174456991241,0.5292428975796823,1.8897082857079675,0.5951377006690997,0.0,0.7935068849858318,0.4871437188980783,0.005037926939020915,0.591414843860603,0.5,0.2201181832533745,0.6293483085276496
563850,43.0168,2.9423,0.5972716557112381,0.8496403179063935,0.7344397025254567,0.4237210602661885,0.0,0.6790762631517202,0.8363273833330275,0.0019580025078068082,0.39066832098805176,0.5,0.3038128761290039,0.7579264736096973
563845,43.0168,2.9423,0.5972716557112381,0.8496403179063935,0.7344397025254567,0.4237210602661885,0.0,0.6790762631517202,0.8363273833330275,0.0019580025078068082,0.39066832098805176,0.5,0.3038128761290039,0.7579264736096973
563570,43.8189,4.4736,0.5334330191093668,0.4192252259299106,14.106148403236405,0.6649874706880762,0.0,0.6064940430283223,0.3672414621942168,0.03760672776002948,0.6732161113559774,0.5,0.11525481620164839,0.4682492130345554
561505,52.1856,4.5163,0.705381943907624,0.6332149233521621,7.194783970534641,0.7030783760203854,0.0,0.8019937493820581,0.6004571560691351,0.019181159472988547,0.7178244806517199,0.5,0.22920250983954554,0.6433043432930995
560614,52.0149,5.0378,0.5297491317423362,0.3485550726305205,14.21030704909339,0.8552562044933436,0.0,0.6023055963756915,0.2902219185596347,0.037884412761393725,0.8960403752838672,0.5,0.061264219707757264,0.3853047443908193
559752,44.1464,1.8777,0.7296293932107496,0.8085219457738783,0.7798868301849441,0.4904503836825088,0.0,0.8295622219627963,0.7915147133614941,0.0020791636999699025,0.46881522445073753,0.5,0.32600922852160785,0.792026201610331
559308,44.0626,1.9506,0.7121109816524153,0.6774093168786841,2.5229873230502253,0.5431540093341228,0.0,0.8096444218401346,0.6486222139005468,0.00672623700585672,0.5305365927348777,0.5,0.27412314371577406,0.7123148441944029
558133,44.0606,1.9514,0.7152160658662285,0.7037259289301478,2.0085137134929405,0.5307724798334221,0.0,0.8131747902487557,0.677303253286796,0.005354659987008574,0.5160365477610214,0.5,0.2848018362347708,0.7287202654032284
556939,48.8205,2.1781,0.7958007163621261,0.9103582047929102,13.214362067899271,0.7169418052912158,0.0,0.9047966222959781,0.9025004948960393,0.03522924207262218,0.7340599827282236,0.5,0.3299092645890453,0.7980177342162287
556935,48.8205,2.1781,0.7958007163621261,0.9103582047929102,13.214362067899271,0.7169418052912158,0.0,0.9047966222959781,0.9025004948960393,0.03522924207262218,0.7340599827282236,0.5,0.3299092645890453,0.7980177342162287
556108,50.9273,4.0879,0.70153338138795,0.7150011485144822,6.169642050413204,0.721713672546429,0.0,0.7976180730388474,0.6895914998268332,0.016448150291222412,0.7396483302587892,0.5,0.24744641727129962,0.6713320241519981
556005,42.5115,9.4492,0.6783503061303572,0.719486996025661,5.939929114139736,0.5234241834346285,0.0,0.7712597552386428,0.6944803802380818,0.015835739900345532,0.5074309366159924,0.5,0.2757162331586453,0.7147622695966367
555764,51.9839,5.3368,0.6049933385123324,0.5621350184333256,6.521069018517904,0.7612338071195487,0.0,0.6878555371247431,0.522991046504526,0.017385048014063174,0.7859304740481056,0.5,0.16573784205352604,0.5458050843664412
555220,49.1599,5.3844,0.41753427978553403,0.35305037168251585,31.882672261670372,0.8297895581633955,0.0,0.47472136965358813,0.29512109968945177,0.08499860782208922,0.8662163121827258,0.5,0.019264517426612657,0.32078160119311805
555032,51.1975,4.9346,0.7266351059102355,0.6872449991575407,1.7319303976503753,0.7212409922599793,0.0,0.8261578256359449,0.6593415872864089,0.004617294041002279,0.7390947730095505,0.5,0.25089506975275266,0.6766301068957845
553890,46.5375,0.1994,0.8226608054637109,0.8524566318107065,0.6634965084940584,0.47963028203414476,0.0,0.9353355718018039,0.8393967301720386,0.0017688692796498132,0.45614377214639196,0.5,0.3716745144056621,0.8621806936716615
553827,51.1405,4.9916,0.6870122398279527,0.6742145264238923,4.6397826447876875,0.7283464009275127,0.0,0.7811080604625473,0.6451403861225065,0.012369573734826667,0.7474159376306929,0.5,0.2310312092778215,0.6461137307247434
553634,51.1405,4.9916,0.6870122398279527,0.6742145264238923,4.5703259762074815,0.7283464009275127,0.0,0.7811080604625473,0.6451403861225065,0.012184403555714193,0.7474159376306929,0.5,0.231068243313644,0.6461706252327227
553340,43.178,0.3973,0.774611090679232,0.8027977333241109,0.5009786330117267,0.43271360598780506,0.0,0.8807047845388549,0.7852762065808349,0.0013355996638275253,0.401199517265985,0.5,0.3500834394842019,0.8290108390468798
553204,48.8205,2.1781,0.7958007163621261,0.9103582047929102,11.54493985561909,0.7169418052912158,0.0,0.9047966222959781,0.9025004948960393,0.0307785936844794,0.7340599827282236,0.5,0.3307993942666739,0.7993852192586149
553122,52.0149,5.0378,0.5297363261544432,0.3485550726305205,15.369832838920603,0.8552562044933436,0.0,0.6022910368855656,0.2902219185596347,0.04097568682588326,0.8960403752838672,0.5,0.06064159704782164,0.38434822401416907
553119,52.0149,5.0378,0.5297363261544432,0.3485550726305205,15.369832838920603,0.8552562044933436,0.0,0.6022910368855656,0.2902219185596347,0.04097568682588326,0.8960403752838672,0.5,0.06064159704782164,0.38434822401416907
552023,51.1405,4.9916,0.6870122398279527,0.6742145264238923,4.5703259762074815,0.7283464009275127,0.0,0.7811080604625473,0.6451403861225065,0.012184403555714193,0.7474159376306929,0.5,0.231068243313644,0.6461706252327227
551785,49.1221,-1.1102,0.7028658575259112,0.6218457882920517,7.945951048796782,0.7281427691976067,0.0,0.7991330501984918,0.5880665561769853,0.02118375685159119,0.7471774639234201,0.5,0.22044318314496258,0.6298475981274616
551735,51.1404,4.992,0.6892472984668645,0.6809150928966554,4.532819872956655,0.7264462661857332,0.0,0.7836492412701813,0.6524429678735192,0.012084412986072251,0.745190684344285,0.5,0.234010029100577,0.6506900207350202
551381,51.1404,4.992,0.6892472984668645,0.6809150928966554,4.532819872956655,0.7264462661857332,0.0,0.7836492412701813,0.6524429678735192,0.012084412986072251,0.745190684344285,0.5,0.234010029100577,0.6506900207350202
550884,48.8205,2.1781,0.7958007163621261,0.9103582047929102,12.18935369366927,0.7169418052912158,0.0,0.9047966222959781,0.9025004948960393,0.03249658892170438,0.7340599827282236,0.5,0.33045579521922885,0.798857356218242
550883,48.8205,2.1781,0.7958007163621261,0.9103582047929102,12.18935369366927,0.7169418052912158,0.0,0.9047966222959781,0.9025004948960393,0.03249658892170438,0.7340599827282236,0.5,0.33045579521922885,0.798857356218242
550881,48.8205,2.1781,0.7958007163621261,0.9103582047929102,12.18935369366927,0.7169418052912158,0.0,0.9047966222959781,0.9025004948960393,0.03249658892170438,0.7340599827282236,0.5,0.33045579521922885,0.798857356218242
550880,48.8205,2.1781,0.7958007163621261,0.9103582047929102,12.18935369366927,0.7169418052912158,0.0,0.9047966222959781,0.9025004948960393,0.03249658892170438,0.7340599827282236,0.5,0.33045579521922885,0.798857356218242
550661,44.1479,1.8772,0.743257212136636,0.8436073349922685,0.6498391502884971,0.4789068632384251,0.0,0.8450565590246798,0.8297523644727649,0.0017324590181612904,0.4552965743044553,0.5,0.3423140808762946,0.817074958295712
548759,51.9363,5.9001,0.5515271099557845,0.5697045320818268,9.254979632775994,0.777006962536273,0.0,0.6270663696733583,0.5312406463642214,0.024673602568548808,0.8044024619320891,0.5,0.1453349826895397,0.5144606570280582
548758,51.9363,5.9001,0.5345621252611632,0.5697045320818268,9.254979632775994,0.777006962536273,0.0,0.6077777958716587,0.5312406463642214,0.024673602568548808,0.8044024619320891,0.5,0.13954841054902983,0.5055708839447484
548482,50.7542,4.5672,0.6492246610000496,0.7443967576640672,3.341005525243027,0.7185759324977756,0.0,0.7381449504963687,0.721628170130492,0.008907058230277938,0.7359737138215251,0.5,0.23967305896224927,0.6593899987551403
547405,51.1404,4.9914,0.6846858723604176,0.6741223248474263,4.50264044497398,0.7283610633060824,0.0,0.7784630648203378,0.645039900655725,0.01200395519563546,0.7474331087846019,0.5,0.2302831372532152,0.6449644854743185
546911,49.0443,6.3564,0.7439989707097835,0.5096652499681978,2.527640777641201,0.6108519703984457,0.0,0.8458999116853949,0.46580710911194645,0.006738643028744324,0.6098178705459519,0.5,0.22740134159596342,0.6405372513807367
546910,49.0464,6.3533,0.748451057647606,0.5017932368652865,2.161625361378556,0.608149198730491,0.0,0.8509617734564225,0.4572278316041826,0.005762852776019837,0.6066526468361354,0.5,0.22744502235734815,0.640604357095033
546828,51.0177,4.516,0.676460446224824,0.6933538323436372,9.29939903467569,0.7625097726370879,0.0,0.7691110529015103,0.6659992712189695,0.02479202386306191,0.7874247609525111,0.5,0.22416101475970635,0.6355592143683878
546497,44.0637,1.9519,0.689202527225714,0.6790888203055295,2.0644972946256392,0.5499349112380041,0.0,0.7835983379888244,0.6504526130355301,0.005503911167026352,0.5384777265474671,0.5,0.2658202134400045,0.6995592499866669
546489,44.0628,1.9504,0.69307659924075,0.6759120244811233,2.0367436784630026,0.5445080673291434,0.0,0.7880030177053239,0.6469903966231862,0.005429920545522245,0.5321223339653046,0.5,0.26724417026349356,0.7017468409703909
546196,44.0626,1.9511,0.6915880061158615,0.6783805824610885,2.062794570389724,0.5431663397518954,0.0,0.7863105411798827,0.6496807432571741,0.005499371736066178,0.5305510329227592,0.5,0.26763081888263124,0.7023408400433561
546193,44.1464,1.8777,0.5940711159830266,0.8085219457738783,0.6098608041697359,0.4904503836825088,0.0,0.6754373652768255,0.7915147133614941,0.0016258774952815549,0.46881522445073753,0.5,0.27986242875675427,0.7211319712319401
546192,44.1464,1.8777,0.5940711159830266,0.8085219457738783,0.6098608041697359,0.4904503836825088,0.0,0.6754373652768255,0.7915147133614941,0.0016258774952815549,0.46881522445073753,0.5,0.27986242875675427,0.7211319712319401
546190,44.1464,1.8777,0.5940711159830266,0.8085219457738783,0.6098608041697359,0.4904503836825088,0.0,0.6754373652768255,0.7915147133614941,0.0016258774952815549,0.46881522445073753,0.5,0.27986242875675427,0.7211319712319401
545849,46.5761,0.3222,0.5731463685636853,0.42903327410793446,15.46789987747629,0.7770153482755026,0.0,0.6516466845220203,0.37793071868156486,0.04123713171613764,0.804412282495531,0.5,0.11106741630944016,0.46181621022271674
545641,51.1404,4.9915,0.6791877596952908,0.6750753074641769,4.507195983829766,0.7281390679234613,0.0,0.7722119096427572,0.6460785044057816,0.012016100177004753,0.7471731293505739,0.5,0.22870400955628556,0.6425385091701439
545640,51.1404,4.9915,0.6791877596952908,0.6750753074641769,4.507195983829766,0.7281390679234613,0.0,0.7722119096427572,0.6460785044057816,0.012016100177004753,0.7471731293505739,0.5,0.22870400955628556,0.6425385091701439
545639,51.1404,4.9915,0.6791877596952908,0.6750753074641769,4.507195983829766,0.7281390679234613,0.0,0.7722119096427572,0.6460785044057816,0.012016100177004753,0.7471731293505739,0.5,0.22870400955628556,0.6425385091701439
545636,51.1404,4.9915,0.6791877596952908,0.6750753074641769,4.507195983829766,0.7281390679234613,0.0,0.7722119096427572,0.6460785044057816,0.012016100177004753,0.7471731293505739,0.5,0.22870400955628556,0.6425385091701439
545635,51.1404,4.9915,0.6791877596952908,0.6750753074641769,4.507195983829766,0.7281390679234613,0.0,0.7722119096427572,0.6460785044057816,0.012016100177004753,0.7471731293505739,0.5,0.22870400955628556,0.6425385091701439
545634,51.1404,4.9915,0.6791877596952908,0.6750753074641769,4.507195983829766,0.7281390679234613,0.0,0.7722119096427572,0.6460785044057816,0.012016100177004753,0.7471731293505739,0.5,0.22870400955628556,0.6425385091701439
545633,51.1404,4.9914,0.6814459555247845,0.6741223248474263,4.50264044497398,0.7283610633060824,0.0,0.7747793965989753,0.645039900655725,0.01200395519563546,0.7474331087846019,0.5,0.22917803678680643,0.6432667459245324
545629,51.1404,4.9915,0.6815945274370137,0.6750753074641769,4.507195983829766,0.7281390679234613,0.0,0.7749483174878223,0.6460785044057816,0.012016100177004753,0.7471731293505739,0.5,0.22952493190980505,0.6437996726473457
543791,52.0149,5.0378,0.5304457193441988,0.3485550726305205,14.954346135947855,0.8552562044933436,0.0,0.6030975912763492,0.2902219185596347,0.03986800704824648,0.8960403752838672,0.5,0.06110509932058407,0.3850602915264032
543790,52.0149,5.0378,0.5304457193441988,0.3485550726305205,14.954346135947855,0.8552562044933436,0.0,0.6030975912763492,0.2902219185596347,0.03986800704824648,0.8960403752838672,0.5,0.06110509932058407,0.3850602915264032
543788,52.0149,5.0378,0.5304457193441988,0.3485550726305205,14.954346135947855,0.8552562044933436,0.0,0.6030975912763492,0.2902219185596347,0.03986800704824648,0.8960403752838672,0.5,0.06110509932058407,0.3850602915264032
542689,46.5878,0.2042,0.6209996709457263,0.9801327888827704,0.31645391139631823,0.4339062402405129,0.0,0.7060541579896321,0.9785440065200645,0.0008436602078954029,0.40259621468536655,0.5,0.3458940847825217,0.8225748331077657
542181,44.0626,1.951,0.7242987013232154,0.6782940521297378,2.536340345061134,0.5431428292131686,0.0,0.8235014181520257,0.649586438570966,0.0067618359127435005,0.530523499662924,0.5,0.2785161429563619,0.7190637043927547
541981,45.8271,1.293,0.6015663593646957,0.5410587446700365,14.682476468487362,0.7896030446503061,0.0,0.6839591858225794,0.5000211658550658,0.03914320760064881,0.8191537700913544,0.5,0.1494913401767074,0.5208459701317123
541864,50.4589,3.1367,0.5294075637102439,0.41932866322469897,5.034212143680667,0.7205344105496309,0.0,0.6019172458811931,0.36735419285726834,0.013421115400302828,0.7382672931269417,0.5,0.10898940492957314,0.45862381078778536
541515,48.8205,2.1781,0.6336826437915284,0.9103582047929102,12.18935369366927,0.7169418052912158,0.0,0.7204742392431547,0.9025004948960393,0.03249658892170438,0.7340599827282236,0.5,0.2751590803033818,0.7139063289229973
541200,46.5966,0.1988,0.6857794677681472,0.9059199567465444,0.4156943219657375,0.46770579141342467,0.0,0.7797064432324552,0.8976634905440037,0.0011082332859881756,0.44217896672546353,0.5,0.34177931393972033,0.8162534085762638
541197,46.5968,0.1993,0.6856423455018146,0.9003600075703337,0.4168967733688103,0.46933315187305596,0.0,0.7795505401767423,0.8916040053414026,0.0011114389989345704,0.4440847732618849,0.5,0.3399311595993037,0.8134141330414064
541151,43.8631,4.7614,0.5754080932082974,0.8196142989395659,1.3274778539016754,0.5523481083176117,0.0,0.654218183613355,0.8036036637708072,0.0035390311254413546,0.5413038286201641,0.5,0.2652629905085954,0.6987032016567125
539944,49.6682,-1.4283,0.7181222653061227,0.7883424065994419,0.3326620366999377,0.5128971256075764,0.0,0.8164790338651161,0.7695221348059206,0.000886870766750279,0.4951026687775154,0.5,0.3128814693910376,0.7718583376436622
539943,49.6682,-1.4283,0.7181222653061227,0.7883424065994419,0.3326620366999377,0.5128971256075764,0.0,0.8164790338651161,0.7695221348059206,0.000886870766750279,0.4951026687775154,0.5,0.3128814693910376,0.7718583376436622
539189,51.011,4.5995,0.6331143753409711,0.8692954168419295,4.916411857220557,0.6889984765850692,0.0,0.7198281385749221,0.8577484030907504,0.013107062040284126,0.7013354697401112,0.5,0.27256380947609077,0.7099192761075945
538273,51.4213,5.4732,0.4598194257420878,0.551615549262314,19.444558364573066,0.8165632672197235,0.0,0.5227980507222848,0.5115264510989241,0.05183882885159013,0.850726964642125,0.5,0.0967442175247797,0.4398118207619207
538268,51.4213,5.4732,0.4598194257420878,0.551615549262314,19.444558364573066,0.8165632672197235,0.0,0.5227980507222848,0.5115264510989241,0.05183882885159013,0.850726964642125,0.5,0.0967442175247797,0.4398118207619207
538264,51.4213,5.4732,0.4598194257420878,0.551615549262314,19.444558364573066,0.8165632672197235,0.0,0.5227980507222848,0.5115264510989241,0.05183882885159013,0.850726964642125,0.5,0.0967442175247797,0.4398118207619207
537226,45.769,4.8657,0.246649796457256,0.10075358920357824,52.59662259965316,0.9357843766810076,0.0,0.28043189473954183,0.020156604215958985,0.14022161192833876,0.9903471504135068,0.5,-0.13742767547184148,0.08005911386044674
537116,44.0619,1.9524,0.6904372103563536,0.6878157939672132,2.0604586806397207,0.5387367806734815,0.0,0.7850021280373122,0.6599636654013907,0.0054931442976900394,0.5253635634871194,0.5,0.2705883913789354,0.7068844882916031
536627,50.4302,6.2492,0.5487852927147664,0.7451951475455958,0.4586998355391032,0.4244377039872801,0.0,0.6239490226697434,0.7224982916945035,0.0012228851806728193,0.3915075845205153,0.5,0.2588385650103371,0.6888335096381293
536585,48.8205,2.1781,0.5708787115863786,0.9103582047929102,13.69369918498756,0.7169418052912158,0.0,0.6490684405830449,0.9025004948960393,0.036507145859844554,0.7340599827282236,0.5,0.2529352293177209,0.6797643554882015
536563,46.9702,4.6874,0.6187785864184244,0.8396343986277105,0.3916351118168302,0.4642094467075086,0.0,0.7035288652413129,0.8254224779308302,0.0010440918818056058,0.43808438733791544,0.5,0.301492802578053,0.7543621998213945
536516,50.8897,13.2915,0.6362980456512008,0.7808670988290336,0.4726084291970544,0.6243696197558438,0.0,0.72344785653191,0.7613752047919756,0.001259965231177565,0.6256484287667274,0.5,0.26327890079632227,0.6956550918447637
536057,48.8205,2.1781,0.5296137951619602,0.9103582047929102,13.69369918498756,0.7169418052912158,0.0,0.6021517235803049,0.9025004948960393,0.036507145859844554,0.7340599827282236,0.5,0.23886021421689885,0.6581412447151552
535799,48.8688,2.0913,0.4930930341680923,0.7200006053045737,27.48574319961257,0.7919243926691231,0.0,0.5606289396577357,0.6950401349636836,0.07327647719577084,0.8218723074635677,0.5,0.15401257407955227,0.5277918341902422
535797,48.8688,2.0913,0.4930930341680923,0.7200006053045737,27.48574319961257,0.7919243926691231,0.0,0.5606289396577357,0.6950401349636836,0.07327647719577084,0.8218723074635677,0.5,0.15401257407955227,0.5277918341902422
535795,48.8688,2.0913,0.4930930341680923,0.7200006053045737,27.48574319961257,0.7919243926691231,0.0,0.5606289396577357,0.6950401349636836,0.07327647719577084,0.8218723074635677,0.5,0.15401257407955227,0.5277918341902422
535791,48.8688,2.0913,0.4930930341680923,0.7200006053045737,27.48574319961257,0.7919243926691231,0.0,0.5606289396577357,0.6950401349636836,0.07327647719577084,0.8218723074635677,0.5,0.15401257407955227,0.5277918341902422
534807,50.4667,3.6728,0.5976326891241095,0.7078087752977622,2.9322524009318753,0.5963758180097118,0.0,0.6794867450799036,0.6817529247433101,0.007817330047388259,0.5928648066556496,0.5,0.2337910677019735,0.650353635548709
534414,50.4663,3.6846,0.4803467901110664,0.8079378600931325,2.312775761116187,0.5717842560231591,0.0,0.546136921326215,0.7908781502514078,0.006165816914157542,0.564065557357555,0.5,0.2257176169742517,0.6379505853099875
534290,51.0763,7.0154,0.5952107871539641,0.7256235909917073,6.041009202791741,0.8165402186805952,0.0,0.6767331301646811,0.7011683202196586,0.016105217525791714,0.8506999724313546,0.5,0.19748597973445747,0.5945789928130905
534011,48.2741,10.8188,0.5262337237056076,0.612473297950733,4.45429580694541,0.7616608329584128,0.0,0.5983087046260028,0.577851990407618,0.01187506929503197,0.7864305652418614,0.5,0.15361601034441974,0.5271826027605123
533704,48.6647,1.8492,0.5597817531802641,0.9102049316947515,6.28183721382949,0.6192458404435053,0.0,0.63645160036517,0.9023334509104174,0.01674726049806103,0.6196479560092365,0.5,0.2702221973361577,0.7063219130975665
533323,42.8855,2.8523,0.4922884904134906,0.8492258283268732,0.36005539003266995,0.35463371595734844,0.0,0.559714202517286,0.8358756537588649,0.0009599009342892794,0.30975993244479544,0.5,0.2802272041413249,0.7216923669751312
533211,48.8286,2.4363,0.5646154246482895,0.885373502460402,14.655633692721604,0.7195192469370287,0.0,0.6419473099412439,0.8752710312306158,0.03907164526260374,0.7370784320869773,0.5,0.24302585692445977,0.66454082248195
533210,48.8286,2.4363,0.5646154246482895,0.885373502460402,14.655633692721604,0.7195192469370287,0.0,0.6419473099412439,0.8752710312306158,0.03907164526260374,0.7370784320869773,0.5,0.24302585692445977,0.66454082248195
533198,48.8286,2.4363,0.5646154246482895,0.885373502460402,14.655633692721604,0.7195192469370287,0.0,0.6419473099412439,0.8752710312306158,0.03907164526260374,0.7370784320869773,0.5,0.24302585692445977,0.66454082248195
532227,48.8266,2.414,0.32867928409543085,0.4840165850642037,58.78219250675248,0.8403128828391556,0.0,0.3736964543430755,0.4378540288720738,0.15671222558752476,0.8785402081169381,0.5,0.008448967185895453,0.30416592872305326
532226,48.8266,2.414,0.32867928409543085,0.4840165850642037,58.78219250675248,0.8403128828391556,0.0,0.3736964543430755,0.4378540288720738,0.15671222558752476,0.8785402081169381,0.5,0.008448967185895453,0.30416592872305326
528606,51.965,6.7739,0.6504836415707976,0.7127097500323594,1.1759824464660407,0.5825251737156428,0.0,0.7395763658551741,0.6870942296620097,0.003135147203234813,0.5766442771023725,0.5,0.25652279616605184,0.6852758490682429
515983,43.0509,0.1466,0.7920077377867354,0.8545571716763761,3.146084349536984,0.4847634589960947,0.0,0.9004841428863807,0.8416859939458802,0.00838740202222612,0.46215525051849654,0.5,0.35956597337016455,0.8435786302113355
513001,52.128,6.1365,0.7554631219146261,0.7803007864534882,0.8071208894713933,0.5776547585228008,0.0,0.8589342368303245,0.760758011837344,0.0021517691925614178,0.5709405197973024,0.5,0.3117983422003257,0.7701943551144573
510999,43.9158,3.771,0.6811035906897531,0.8589098606168406,0.44547197514849507,0.2998940096514379,0.0,0.7743901401683636,0.8464297520973254,0.0011876199523243676,0.24565410422329229,0.5,0.3568388404508817,0.8393890008017707
503961,43.6035,1.3786,0.5286925047113241,0.5233207340426259,29.22297191619873,0.7973909946029535,0.0,0.6011042496703798,0.4806894760295067,0.07790789645594054,0.8282742607836504,0.5,0.11068092549975496,0.46122245358865815
502428,47.3765,-1.3331,0.7426637502668655,0.6503244259155136,0.48496693916782474,0.5644678527845163,0.0,0.844381814350304,0.6191038692531493,0.0012929127875696228,0.5554972963845318,0.5,0.2745073346031848,0.7129050675125997
502427,47.3765,-1.3331,0.7426637502668655,0.6503244259155136,0.48496693916782474,0.5644678527845163,0.0,0.844381814350304,0.6191038692531493,0.0012929127875696228,0.5554972963845318,0.5,0.2745073346031848,0.7129050675125997
502366,47.8974,-3.4336,0.720902045562662,0.6692362244153202,0.41710922774183684,0.5454448141821036,0.0,0.8196395434438702,0.6397148064276247,0.001112005398318686,0.5332193609114725,0.5,0.2756152594236826,0.714607146050365
502365,47.8974,-3.4336,0.720902045562662,0.6692362244153202,0.41710922774183684,0.5454448141821036,0.0,0.8196395434438702,0.6397148064276247,0.001112005398318686,0.5332193609114725,0.5,0.2756152594236826,0.714607146050365
485742,47.3474,8.9745,0.7431443439034807,0.9494860669458544,0.2590923611990117,0.42430299796061977,0.0,0.8449282319271745,0.9451438166622963,0.0006907353881289778,0.39134982990346956,0.5,0.38092380218058025,0.876390154385999
485738,47.3474,8.9745,0.7431443439034807,0.9494860669458544,0.2590923611990117,0.42430299796061977,0.0,0.8449282319271745,0.9451438166622963,0.0006907353881289778,0.39134982990346956,0.5,0.38092380218058025,0.876390154385999
485736,47.3474,8.9745,0.7137709089614916,0.9494860669458544,0.2590923611990117,0.42430299796061977,0.0,0.811531699134097,0.9451438166622963,0.0006907353881289778,0.39134982990346956,0.5,0.3709048423426569,0.8609982647962346
483555,51.94,5.9038,0.5942787642114469,0.5834888190842512,8.428666111569006,0.7839158461450971,0.0,0.6756734537997904,0.5462633885642726,0.02247066617881588,0.8124934754891315,0.5,0.16289972872187236,0.5414449583902194
483259,48.8616,2.2893,0.19946545588845116,0.17061867511184753,63.28043663133919,0.9346626165679028,0.0,0.22678500665042536,0.09629874883321439,0.1687044602752495,0.9890334539038004,0.5,-0.13998572093718875,0.07612924948279064
480825,43.3347,5.4105,0.3470415491612213,0.22952386671991118,49.753920625449865,0.8875307715604422,0.0,0.3945736853729486,0.16049630273041005,0.13264302164339362,0.9338372140313088,0.5,-0.05810800513888796,0.2019160359173748
479032,51.94,5.9038,0.613532743821462,0.5834888190842512,7.71736422277117,0.7839158461450971,0.0,0.6975645320040603,0.5462633885642726,0.020574348649569005,0.8124934754891315,0.5,0.1698463156890027,0.5521168346481772
479018,51.94,5.9038,0.6045012110096201,0.5834888190842512,7.71736422277117,0.7839158461450971,0.0,0.6872960059594175,0.5462633885642726,0.020574348649569005,0.8124934754891315,0.5,0.16676575787560988,0.5473842469838218
478081,48.844,2.3586,0.2545024280155642,0.1550732116043494,65.81337911807194,0.9323994670094565,0.0,0.28936005271176835,0.07935659646709112,0.17545723756125306,0.9863830729166876,0.5,-0.1264017435194505,0.09699799074795325
477469,52.4163,4.5815,0.0,0.7882286700560317,0.0,0.5086501781925834,0.0,0.0,0.7693981795538226,0.0,0.490129056388552,0.5,0.06883018643017286,0.39692815902818046
476979,50.9139,6.9317,0.45366138799171823,0.29349158090150423,18.791338017242264,0.8968260210308521,0.0,0.515796584598987,0.2302112237203465,0.050097355625365936,0.9447229075440956,0.5,0.010563874053095237,0.3074150098172161
475815,50.9652,6.9504,0.49169444127141815,0.3460237688990781,18.320648273636905,0.9224664363681218,0.0,0.5590387901355505,0.2874631887551263,0.04884250557408308,0.9747504720318052,0.5,0.03359636230985934,0.3427992734494312
475445,45.9572,4.4878,0.7687641655708964,0.9882409429161056,0.44702495064997416,0.40446512574251264,0.0,0.8740570422334406,0.9873806411417664,0.0011917601559598774,0.3681176404286643,0.5,0.40360627485998224,0.9112366974156157
475245,48.8439,2.363,0.25557094202146974,0.1551585237802459,68.94969216401743,0.9333873051124929,0.0,0.2905749144774611,0.07944957355214406,0.18381858947089558,0.9875399329734443,0.5,-0.12785984010892143,0.09475795165413448
474496,43.5426,1.6093,0.5647909445555873,0.456038400103327,7.179494815553939,0.6997868040832904,0.0,0.6421468697255008,0.40736213184332853,0.01914039887182344,0.7139697112454152,0.5,0.1335610574173054,0.4963726558023813
473984,51.0763,7.0154,0.6584693668598031,0.7256235909917073,6.405337314327503,0.8165402186805952,0.0,0.7486558465838491,0.7011683202196586,0.017076509455678655,0.8506999724313546,0.5,0.21886853627423042,0.6274285056099492
473880,50.1737,8.7627,0.7521030671208684,0.5333794678050202,1.8403698740839787,0.7640044245890073,0.0,0.8551139760971865,0.49165194105543236,0.004906391656602511,0.789175152172099,0.5,0.21008962693587868,0.6139416760946741
473289,51.4213,5.4732,0.5503726152447416,0.551615549262314,19.18887697332575,0.8165632672197235,0.0,0.6257537509567211,0.5115264510989241,0.051157187045543534,0.850726964642125,0.5,0.12776725595631988,0.4874717764860523
471870,42.965,9.4512,0.6663343172570211,0.6720199326098165,2.3762505777998073,0.387070322829649,0.0,0.7575980106302183,0.6427486180827893,0.006335039588015915,0.34774653647631193,0.5,0.28453756932071284,0.7283142784316058
471629,41.7945,9.2253,0.6332612188908485,0.9172894445354014,0.2318199987166068,0.13183230789866968,0.0,0.7199950943783077,0.9100544748559662,0.0006180277799335804,0.04883655969779003,0.5,0.3860630575168287,0.8842854700663478
470428,50.4604,3.6712,0.73096439736063,0.7384551250002805,2.046169060538177,0.6013698183529299,0.0,0.8310800733805289,0.7151527089231208,0.005455048437814518,0.598713294887416,0.5,0.2872141953242635,0.7324263152683842
469834,51.94,5.9038,0.6045012110096201,0.5834888190842512,8.102406823917281,0.7839158461450971,0.0,0.6872960059594175,0.5462633885642726,0.021600865021252236,0.8124934754891315,0.5,0.16656045460127322,0.5470688444488155
469806,52.1391,5.2991,0.5771453804479273,0.937180633300714,2.6685318223397982,0.6034600868236111,0.0,0.6561934163494609,0.9317327960358203,0.007114255918269196,0.601161214333119,0.5,0.28819419058017165,0.7339318586602576
467904,50.0208,8.7591,0.7082644300400062,0.9141187003453475,3.4190943567796364,0.6178065660158272,0.0,0.8052710318257291,0.9065988537896672,0.00911524159435075,0.6179624175682973,0.5,0.3237136120410208,0.7884995006372525
467785,47.2538,7.4363,0.6292521509979132,0.9161534588905399,0.38621328595111354,0.4266156831214433,0.0,0.715436929232811,0.908816426091985,0.0010296373954734252,0.3940582221776562,0.5,0.3325205244870964,0.8020293506605671
467229,43.5262,-1.5198,0.42064036428959345,0.5243522430726698,11.823090705063974,0.6771605248010858,0.0,0.4782528753560283,0.48181366143225174,0.03152013864574571,0.6874720102009333,0.5,0.10450444870558233,0.4517336792640222
467206,51.0763,7.0154,0.641037805180013,0.7256235909917073,6.255092301617588,0.8165402186805952,0.0,0.7288367916308487,0.7011683202196586,0.01667595906241981,0.8506999724313546,0.5,0.21300292986698205,0.6184173140633331
466855,43.2297,0.1189,0.6935836271244831,0.7337776425793063,6.877572260520063,0.6779874599474366,0.0,0.7885794900647717,0.7100549760811387,0.018335478988152965,0.6884404363401975,0.5,0.25715442979105596,0.6862462127761048
466625,48.2741,10.8188,0.6990289107170958,0.612473297950733,5.113406541619652,0.7616608329584128,0.0,0.7947705804982689,0.577851990407618,0.013632246183722599,0.7864305652418614,0.5,0.21220313772836147,0.6171886124324699
466623,48.2741,10.8188,0.6990289107170958,0.612473297950733,5.113406541619652,0.7616608329584128,0.0,0.7947705804982689,0.577851990407618,0.013632246183722599,0.7864305652418614,0.5,0.21220313772836147,0.6171886124324699
465902,50.0461,8.1914,0.47979880964441274,0.5525204445089872,10.760605747914724,0.8020696305998282,0.0,0.5455138873616581,0.5125126470484449,0.028687573625837712,0.8337534249181903,0.5,0.11098179950771257,0.4616846791675436
465830,51.4213,5.4732,0.6000951174562612,0.551615549262314,15.944752686247952,0.8165632672197235,0.0,0.6822864370024765,0.5115264510989241,0.042508412383861716,0.850726964642125,0.5,0.1464568167023828,0.5161841039270432
465712,52.1251,5.3775,0.5707983872008258,0.8859382733084042,4.496203243767127,0.649805356100494,0.0,0.6489771146628215,0.8758865441584988,0.011986793737638383,0.655436293094774,0.5,0.2629519677267274,0.6951528323495815
463980,46.3384,6.1402,0.5337861040068198,0.64549360307571,6.4044192091129615,0.7230442531497268,0.0,0.6068954877820536,0.6138390190564199,0.017074061804351632,0.7412065770479331,0.5,0.17093260218066075,0.5537856707362474
463872,52.1468,5.3788,0.41337645728521666,0.3883610832745839,21.683767292491236,0.8716500396437854,0.0,0.46999407590146547,0.3336043173600281,0.05780851796465276,0.9152392429974191,0.5,0.025551712067903257,0.3304404687116607
463637,48.8756,8.9911,0.5375312315347534,0.615912174113426,1.1488890027896195,0.7014886541664602,0.0,0.6111535622819514,0.581599833879025,0.003062916589229143,0.7159627527951952,0.5,0.1707390309172166,0.5534882918104026
463492,49.4292,8.6563,0.4810032954079542,0.5676553543316407,3.9366536483202177,0.8302076066316698,0.0,0.5468833440963011,0.5290073593572321,0.01049504498364267,0.8667058899518444,0.5,0.1142119505786932,0.46664708339383876
462710,50.9925,4.3981,0.6081981067182567,0.6495395413345553,3.1077891081239915,0.7041622506855408,0.0,0.6914992426258103,0.6182484663792496,0.008285307625006212,0.7190938094038656,0.5,0.2024907564469744,0.6022677121838281
461991,52.133,5.0489,0.38657655629780224,0.3902312284896019,18.95665055373746,0.8717821607187077,0.0,0.4395235581038351,0.3356424865766828,0.05053807575516894,0.9153939703700155,0.5,0.018350978368785145,0.31937815287697696
461959,48.9235,9.0955,0.4586861175891377,0.6024449299979996,1.2150486809559833,0.7637106196059166,0.0,0.5215095203556658,0.5669226194205896,0.003239297053574944,0.788831076307472,0.5,0.12921099010501136,0.4896897509038674
446343,49.3981,8.7261,0.8556376993691988,0.9876147388467622,1.8049002700496204,0.5548771823668968,0.0,0.9728291070626102,0.9866981754983337,0.0048118303557749854,0.5442656345468689,0.5,0.4059210647401812,0.9147928540262715
440205,52.1331,5.0489,0.5012169044740025,0.3917963728941028,18.13203556975935,0.8712924339891873,0.0,0.5698654862725208,0.3373482520537462,0.048339667633913744,0.9148204499820423,0.5,0.05840570787110365,0.38091328067676516
439558,49.6682,-1.4283,0.7626125497448981,0.7883424065994419,0.6317562846361409,0.5128971256075764,0.0,0.8670628776058067,0.7695221348059206,0.0016842504366073542,0.4951026687775154,0.5,0.3278971465792734,0.7949265651977884
438741,46.5979,0.1996,0.8131842077715815,0.8696345949466702,0.6190303066334166,0.47885560011410755,0.0,0.9245610230907987,0.8581180547982725,0.0016503232173163127,0.45523653991144575,0.5,0.37328227499662764,0.8646506580096006
438244,46.5763,0.3224,0.5563716099552087,0.42532233133089087,15.633564475512012,0.7785491774308272,0.0,0.6325743908978546,0.37388636465376046,0.041678790435421685,0.8062085542512265,0.5,0.10397686720802816,0.4509231683635574
437710,46.5959,0.1676,0.8147808661865049,0.9959191619403827,0.5728346343495856,0.4484149661497827,0.0,0.9263763659411887,0.9957487130585042,0.0015271664191877047,0.41958742551968736,0.5,0.41360654093519195,0.9265998682225561
437554,46.5956,0.1677,0.764695205479452,0.9944061178162474,0.5715894799125681,0.4469377716863166,0.0,0.8694307818251492,0.9940997288339166,0.0015238468607516567,0.4178574788152694,0.5,0.3963707755615833,0.9001209720180323
436371,51.94,5.9038,0.4681648009587666,0.5834888190842512,7.822435937281212,0.7839158461450971,0.0,0.5322864404065277,0.5462633885642726,0.020854467874881575,0.8124934754891315,0.5,0.12020686436468046,0.4758569267894379
436194,46.3251,-1.3199,0.4673589558316079,0.5367171336481009,0.8182404689806975,0.608007674259873,0.0,0.5313702236525646,0.495289480922507,0.002181413783519816,0.6064869071196693,0.5,0.14182411850174176,0.5090669999201919
436190,46.3323,-1.3254,0.456273760539233,0.4641642849167775,0.8778667592776912,0.6571833539937137,0.0,0.51876675766942,0.4162180902747154,0.00234037635802563,0.6640766877457459,0.5,0.1096049714360378,0.45956949096376504
422223,51.5856,9.9375,0.6890720025478958,0.5626305818745664,3.0182948302101793,0.7415666138512109,0.0,0.7834499361525507,0.5235311340564046,0.008046717554252882,0.7628981671845403,0.5,0.19987369577133474,0.5982471841429144
420347,45.7392,5.4525,0.7018797209080575,0.7263103361965506,0.8513127737239595,0.5667429298109337,0.0,0.7980118485425858,0.7019167663429633,0.0022695839292834344,0.5581616456638493,0.5,0.28070458251308245,0.7224257520080586
420334,49.4258,8.7058,0.8610016964789093,0.9861842589660635,2.7909233788307524,0.5874113350516499,0.0,0.9789277777060065,0.9851391735371647,0.007440549518301474,0.5823664747612006,0.5,0.4011200455782527,0.9074171625319274
417973,49.3981,8.7261,0.8556376993691988,0.9876147388467622,1.8049002700496204,0.5548771823668968,0.0,0.9728291070626102,0.9866981754983337,0.0048118303557749854,0.5442656345468689,0.5,0.4059210647401812,0.9147928540262715
417968,49.3981,8.7261,0.8556376993691988,0.9876147388467622,1.8049002700496204,0.5548771823668968,0.0,0.9728291070626102,0.9866981754983337,0.0048118303557749854,0.5442656345468689,0.5,0.4059210647401812,0.9147928540262715
417965,49.3981,8.7261,0.8556376993691988,0.9876147388467622,1.8049002700496204,0.5548771823668968,0.0,0.9728291070626102,0.9866981754983337,0.0048118303557749854,0.5442656345468689,0.5,0.4059210647401812,0.9147928540262715
417946,49.3981,8.7261,0.8555702228319404,0.9876147388467622,1.8049002700496204,0.5548771823668968,0.0,0.9727523886810602,0.9866981754983337,0.0048118303557749854,0.5442656345468689,0.5,0.40589804922571626,0.9147574958390718
417076,46.978,7.0432,0.618005491324299,0.6726012997740225,0.6538579684114273,0.44507212331696944,0.0,0.7026498840900067,0.6433822184300474,0.0017431731120971965,0.41567261261926314,0.5,0.25894099331920495,0.6889908678116786
416752,51.9607,6.3685,0.7317146544606867,0.8814590683476572,1.0214450644294486,0.6063267332310835,0.0,0.8319330885588615,0.8710049031004841,0.0027231534336481828,0.6045183522238894,0.5,0.32610876882246637,0.7921791230058982
416516,46.98,7.038,0.37424550937376766,0.5998007314712956,0.6589933253766953,0.3887695498678215,0.0,0.4255036038906213,0.5640408517393566,0.0017568638776997401,0.3497365061705165,0.5,0.16584944540090812,0.5459765379333326
414915,46.5054,-0.1183,0.7271026059751153,0.5494945431974674,0.3538958870232352,0.3914047858603686,0.0,0.8266893562954799,0.5092148823314332,0.000943479814491635,0.3528226386557232,0.5,0.2721984357102455,0.7093579610854901
411680,49.0101,9.0375,0.5324087713178295,0.9010749905365885,0.8509763416647294,0.5689570184239967,0.0,0.6053295103468069,0.8923832262599444,0.0022686870077071445,0.5607545712360655,0.5,0.27012773658207695,0.7061767952888421
411476,46.9906,6.8675,0.6006610776672942,0.7406156538960005,4.016157634043954,0.6934244346679839,0.0,0.6829299132858825,0.7175073514672331,0.010707001122305144,0.7065187220395168,0.5,0.2261366033221845,0.6385942640661983
410884,50.7777,4.3141,0.629811539803599,0.7501702276631913,13.957722776154597,0.810001401033049,0.0,0.7160729340660918,0.7279203600262273,0.03721102781482002,0.8430423441908452,0.5,0.2129034130347936,0.6182644287221254
410561,45.9022,5.3973,0.7642290684285559,0.9394534247599522,0.7263064018556334,0.428325678917094,0.0,0.8689008008631995,0.9342097874217808,0.0019363192803703005,0.39606080319485903,0.5,0.38442630277910217,0.8817709627106789
409779,44.1292,2.2559,0.7052655712669685,0.8973750137077332,0.8427671093332972,0.4014713943869228,0.0,0.8018614379000152,0.8883508234206623,0.002246801347881237,0.3646116729879503,0.5,0.3575050260074013,0.8404124458198285
409758,47.8974,-3.4336,0.7108371636978699,0.6692362244153202,0.41710922774183684,0.5454448141821036,0.0,0.8081961369127708,0.6397148064276247,0.001112005398318686,0.5332193609114725,0.5,0.27218223746435277,0.7093330761057755
408226,43.9232,2.1567,0.4284543029528679,0.2496853993692596,28.232147189969368,0.8395297874645754,0.0,0.48713704090651705,0.1824692569569002,0.07526637627112068,0.8776231228610665,0.5,-0.004938317172203957,0.2835993623249437
408216,43.5992,1.3839,0.535777913480196,0.5512204119392765,23.456561825235195,0.773370123977417,0.0,0.6091601030892706,0.511095812493056,0.06253475502537124,0.8001433497874157,0.5,0.12799353057685853,0.4878193968011985
408050,48.8696,2.4929,0.42130725660044605,0.38455185173853373,51.89293588961673,0.9131629704237976,0.0,0.4790111077851884,0.32945284377736683,0.13834559632321303,0.9638551561826761,0.5,0.0038191505878541893,0.297053251653706
407137,46.9846,7.2564,0.5496563549676473,0.7586091392839557,0.5735129025161909,0.6632314955547737,0.0,0.6249393889360858,0.7371174692931384,0.0015289746694315464,0.6711596838035963,0.5,0.22078143649968457,0.6303672487073093
406731,48.2247,11.154,0.5749800311493766,0.7185528708344996,0.6916273727793442,0.6530865194305542,0.0,0.6537314925397214,0.6934623281671315,0.0018438656375917416,0.6592788729513055,0.5,0.2202244257334851,0.6295115263217179
406508,51.94,5.9038,0.4681648009587666,0.5834888190842512,7.822435937281212,0.7839158461450971,0.0,0.5322864404065277,0.5462633885642726,0.020854467874881575,0.8124934754891315,0.5,0.12020686436468046,0.4758569267894379
406495,51.94,5.9038,0.4780035601496453,0.5834888190842512,16.15256686621412,0.7839158461450971,0.0,0.5434727536385451,0.5462633885642726,0.04306244110008225,0.8124934754891315,0.5,0.11912116368924551,0.4741889906768912
405784,47.52,5.1814,0.558309601160068,0.4420402597466496,2.7210051205341084,0.669188426469588,0.0,0.634777816780922,0.3921063225423825,0.007254148749639913,0.6781358628100812,0.5,0.13528871649843205,0.4990268173376737
405778,48.8696,2.4929,0.38233365968151883,0.38455185173853373,51.89293588961673,0.9131629704237976,0.0,0.4346995381598553,0.32945284377736683,0.13834559632321303,0.9638551561826761,0.5,-0.00947432029974575,0.2766308086579574
405777,48.8696,2.4929,0.38233365968151883,0.38455185173853373,51.89293588961673,0.9131629704237976,0.0,0.4346995381598553,0.32945284377736683,0.13834559632321303,0.9638551561826761,0.5,-0.00947432029974575,0.2766308086579574
405466,52.1141,6.4774,0.6868170473793739,0.7367472464369437,0.6401845720752491,0.5636563690737907,0.0,0.7808861337106098,0.713291385275297,0.0017067200932524736,0.5545469654661742,0.5,0.2790652975934306,0.7199073575941054
404448,50.2478,8.9179,0.5264804733951427,0.8359646775943099,0.7532887025176579,0.5281835927546604,0.0,0.5985892500955577,0.8214230492319656,0.0020082535891787355,0.5130046946226707,0.5,0.25758018242542235,0.6869002864171543
403532,49.0047,8.8956,0.7961018363918326,0.8244198885068187,1.1791514623675285,0.5578687763710817,0.0,0.9051389848751796,0.8088410136007546,0.003143595740345561,0.5477690989291769,0.5,0.3409578648752969,0.8149914359256338
400994,49.0132,8.8941,0.8083941105023771,0.9722609976958089,0.7600739650435986,0.48661011875118004,0.0,0.9191148558022622,0.9699649708663843,0.002026342972141333,0.46431787909347455,0.5,0.3981727489988253,0.9028893009302547
393917,49.041,8.963,0.8588227398357187,0.9912623539759314,0.6774817912029224,0.5041567532371671,0.0,0.9764503828377274,0.9906735121784883,0.0018061537817296743,0.48486679343981876,0.5,0.41751224312362156,0.932600105555304
389149,48.2247,11.154,0.689334609932801,0.7185528708344996,0.7216766849191566,0.6530865194305542,0.0,0.7837485112480073,0.6934623281671315,0.001923976541625532,0.6592788729513055,0.5,0.25921350916516417,0.6894095274210913
387516,46.5908,0.2027,0.7841331202946438,0.9778559603401591,0.4384083676612835,0.44131398028854657,0.0,0.8915309877028974,0.9760626153372378,0.0011687885069020065,0.4112714404597789,0.5,0.3995504763748315,0.9050058707138777
386240,46.596,0.1658,0.6374585013003901,0.9970931242268818,0.4440409368994849,0.4579626894874038,0.0,0.7247672526195518,0.9970281504918337,0.001183804831122866,0.43076879190787143,0.5,0.35183513365641866,0.8317019251206796
385917,44.0877,1.8369,0.8152464382785954,0.8331854424362949,0.45593340053008147,0.25021093611376005,0.0,0.9269057045654167,0.81839411249517,0.001215509916690326,0.18747011324746218,0.5,0.4043066205229601,0.9123126217923584
385885,43.9324,1.7665,0.8783871928032239,0.972367591480785,0.39753619312859967,0.2639395755809058,0.0,0.9986944580164837,0.9700811416158429,0.001059824054191556,0.20354776259540483,0.5,0.46138449360875683,1.0
384973,43.9968,2.1153,0.6875227969131247,0.6214306409345167,1.0524823436609445,0.5911394669459414,0.0,0.781688545396344,0.5876141097264592,0.0028058982394665514,0.5867325007947886,0.5,0.24283903628340647,0.6642538143766479
384221,44.0409,1.9549,0.6299433890620572,0.7176209787145671,0.3640267629891385,0.4245657553149905,0.0,0.7162228419026297,0.6924467097986556,0.0009704885402989532,0.3916575458003926,0.5,0.27903580044233417,0.7198620418227846
383778,43.981,1.815,0.6041627290000567,0.602602478055528,0.36869244798038897,0.48928695314051673,0.0,0.6869111641608818,0.5670943224511455,0.0009829271692048957,0.4674527275813573,0.5,0.22753243529000639,0.6407386475034146
383509,44.0833,1.8079,0.6324704626536044,0.9172078129636844,0.39941977296286424,0.26171211112922704,0.0,0.7190960331462587,0.9099655090605592,0.0010648456427936736,0.2009391725399371,0.5,0.3628663421994681,0.848648908308854
380263,44.0746,1.8129,0.67563401534889,0.9082014491822981,0.3743949137528557,0.25741174031681097,0.0,0.7681714308959855,0.9001499646494593,0.0009981298362785557,0.1959029958558882,0.5,0.37590384508552155,0.8686781137547918
377217,51.94,5.9038,0.6448886053347587,0.5834888190842512,7.8057581712258735,0.7839158461450971,0.0,0.7332150120841779,0.5462633885642726,0.02081000526256816,0.8124934754891315,0.5,0.18049432839043822,0.5684751231833344
374934,48.3126,10.9312,0.7948991523350109,0.8767109251441366,1.7281534544630204,0.6044090221692251,0.0,0.9037715766158907,0.8658301609275397,0.0046072247811198746,0.6022725152582515,0.5,0.34632669097169044,0.8232394357019721
374857,48.3126,10.9312,0.7948991523350109,0.8767109251441366,1.7281534544630204,0.6044090221692251,0.0,0.9037715766158907,0.8658301609275397,0.0046072247811198746,0.6022725152582515,0.5,0.34632669097169044,0.8232394357019721
374155,47.5029,11.1111,0.6566291134355369,0.7304833409266316,3.7303668034553317,0.6163058225792818,0.0,0.7465635450211461,0.7064646964788183,0.00994508811423037,0.6162048925934632,0.5,0.2561654861141828,0.6847269221380378
374055,44.8577,1.3486,0.7232195780496434,0.7047888696513203,0.6449080407285819,0.49400911264709196,0.0,0.8222744940328413,0.6784616943744852,0.0017193127723205714,0.4729828622238657,0.5,0.2950064799154297,0.7443974166620905
373837,46.3051,7.5967,0.6535851336636357,0.748768708543483,0.6854457943942128,0.5842627520696012,0.0,0.7431026501522098,0.7263929208180827,0.001827385665255453,0.5786791601333074,0.5,0.26736167409713646,0.7019273593139179
373836,46.3051,7.5967,0.6535851336636357,0.748768708543483,0.6854457943942128,0.5842627520696012,0.0,0.7431026501522098,0.7263929208180827,0.001827385665255453,0.5786791601333074,0.5,0.26736167409713646,0.7019273593139179
373628,48.3126,10.9312,0.7692545092281875,0.8767109251441366,1.7281534544630204,0.6044090221692251,0.0,0.8746145452310621,0.8658301609275397,0.0046072247811198746,0.6022725152582515,0.5,0.3375795815562418,0.8098014596515483
373150,53.1151,14.3543,0.7629041075482405,0.7413095175763365,1.1776055065135924,0.3795890634464768,0.0,0.867394368279595,0.7182635556285243,0.0031394742509590844,0.3389852119960898,0.5,0.33830852274140427,0.8109213146485693
373145,46.1565,8.7925,0.6155996288209608,0.575691897900371,10.16000915312226,0.752379420333157,0.0,0.6999145054682331,0.5377659496413201,0.027086394339450873,0.775561076098415,0.5,0.17266439876814754,0.5564461886241056
371421,51.9375,8.8688,0.5591579980563652,0.43732658855092754,12.476493294091691,0.8702912797241302,0.0,0.6357424133568654,0.38696914952961187,0.033262097724924694,0.9136479953294667,0.5,0.0937653925450576,0.4352355228291188
370844,42.9981,6.1942,0.591341138353064,0.7757877567247442,2.1251949356883943,0.4464774557404754,0.0,0.6723334794826215,0.7558395070104956,0.005665729942631982,0.41731840148104327,0.5,0.2769290143867275,0.716625436538231
369775,48.3705,10.8978,0.3428490659263916,0.2383237990251065,33.06606774976513,0.9186444666949333,0.0,0.38980698361971683,0.1700868687405054,0.0881535180556308,0.9702745523042132,0.5,-0.053708074185716756,0.20867554514082273
368058,49.0177,9.0211,0.7936453180714175,0.9850934305040385,0.6770050577222563,0.494381170836469,0.0,0.9023460124221259,0.9839503391225448,0.0018048828191884474,0.4734185806444819,0.5,0.39531762484676397,0.8985030416354269
367608,51.9713,5.8721,0.631327282223194,0.6678697220903579,4.054742299400997,0.7085727743301512,0.0,0.717796278357348,0.6382255301132191,0.010809867118345654,0.7242589863879764,0.5,0.21409444465364358,0.6200941822566057
367168,49.0131,8.8939,0.8085859345915203,0.9717186783145069,0.766145554208322,0.4864691100163644,0.0,0.9193329528513893,0.969373926566889,0.002042529715273577,0.4641527433566968,0.5,0.3981119500505797,0.9027958969528248
366243,43.2969,5.5757,0.4462894752944778,0.3241626434739008,60.40629550357554,0.8311078804908631,0.0,0.507414986579303,0.26363794110846456,0.1610420537950431,0.8677602032696256,0.5,0.0057615400014545265,0.30003729828909603
364611,47.7752,9.6467,0.5986151548848292,0.640594514352969,1.1971816359538512,0.7137682499224638,0.0,0.6806037731040604,0.6084997695991233,0.0031916638458371594,0.7303434228661062,0.5,0.1961162281319156,0.5924746760204506
363877,48.3289,10.9351,0.5766612150757455,0.9414074049985705,1.8918711966547157,0.6229000257786793,0.0,0.6556429378384773,0.9363393238558084,0.005043693219143481,0.6239273830137785,0.5,0.2861798662195998,0.7308373000775853
363741,49.0094,8.9104,0.6787846470811348,0.9074589754983241,0.6128770962425341,0.5344597822663808,0.0,0.7717535851851461,0.8993407830978345,0.0016339188735220128,0.5203547582944684,0.5,0.3279812738111278,0.795055807862211
363630,50.576,9.1929,0.5624637650150149,0.7405903505760346,0.5345802968943931,0.4682118037751146,0.0,0.639500950785629,0.7174797747595959,0.0014251810711541015,0.4427715592643269,0.5,0.25451945882170784,0.6821981695771566
363337,47.52,5.1814,0.6252470909606925,0.4420402597466496,3.243880426926991,0.669188426469588,0.0,0.7108833208742569,0.3921063225423825,0.008648124535081647,0.6781358628100812,0.5,0.15784157256934417,0.5336742334559994
362817,52.3008,13.7513,0.5878330799074651,0.8561523110788327,0.7400314643711386,0.5272834637900635,0.0,0.6683449439521377,0.8434244493343986,0.001972910040282593,0.51195055099137,0.5,0.28417243086247895,0.7277533249069854
362621,49.0145,8.8922,0.648946268676007,0.9631327140410815,0.8975707676434359,0.47980992740031003,0.0,0.7378284284962148,0.9600165526384563,0.0023929068757268255,0.45635415535378115,0.5,0.34242096203026595,0.8172391572692348
362593,51.2055,5.0245,0.68382023715415,0.6616618876981456,1.7275560193382236,0.7209138703745835,0.0,0.7774788689096432,0.6314599501685755,0.004605632030253355,0.7387116796243671,0.5,0.22938076986533107,0.6435781999288726
362003,43.6497,3.8712,0.5680236543505531,0.7278835886417522,17.297639589867867,0.6968947983835122,0.0,0.6458223438023767,0.7036313683311333,0.046115183560526095,0.7105828750141516,0.5,0.20384407725926834,0.6043467867443941
361569,48.9831,9.0161,0.6351896017584692,0.7992122565663092,1.0503578472626849,0.6317431346588673,0.0,0.7221875959295662,0.7813685911207638,0.002800234371811637,0.634283573374927,0.5,0.26629584367845943,0.7002899494039996
361175,48.3062,10.9337,0.5743393111856941,0.9465834466450568,1.5485305763135844,0.5937751542190611,0.0,0.6530030171223737,0.9419804091914675,0.004128353548169499,0.5898191617759778,0.5,0.29209746245854845,0.7399283623655025
361173,48.3062,10.9337,0.5743393111856941,0.9465834466450568,1.5485305763135844,0.5937751542190611,0.0,0.6530030171223737,0.9419804091914675,0.004128353548169499,0.5898191617759778,0.5,0.29209746245854845,0.7399283623655025
361151,48.3062,10.9337,0.5743393111856941,0.9465834466450568,1.5485305763135844,0.5937751542190611,0.0,0.6530030171223737,0.9419804091914675,0.004128353548169499,0.5898191617759778,0.5,0.29209746245854845,0.7399283623655025
360687,48.6744,1.9187,0.5885678751691124,0.6876149869258916,1.8044305201538218,0.47294473559898725,0.0,0.6691803795796109,0.6597448167650268,0.004810578011340373,0.4483143093987481,0.5,0.2474810560530597,0.6713852388881583
360454,48.8855,8.9859,0.5037304270093796,0.5731165237162684,2.3706471290406084,0.7330492268808764,0.0,0.5727232704555639,0.5349591898553671,0.006320100898447321,0.7529234306931722,0.5,0.14135424381684564,0.5083451426228334
359031,52.6372,13.4587,0.4610474319410554,0.7838682532709821,2.0854721267029994,0.6384840649592259,0.0,0.524194249341034,0.76464599924627,0.00555982967696948,0.642177896327136,0.5,0.2009811242294134,0.5999485001309065
359030,52.6372,13.4587,0.4610474319410554,0.7838682532709821,2.0854721267029994,0.6384840649592259,0.0,0.524194249341034,0.76464599924627,0.00555982967696948,0.642177896327136,0.5,0.2009811242294134,0.5999485001309065
358728,52.9792,13.3379,0.38540717099330835,0.5387357316905786,4.81016510729542,0.6736480896435086,0.0,0.43819400932118835,0.49748944077478935,0.012823810192536244,0.6833585872389525,0.5,0.10076201286570373,0.4459842641374987
358601,51.0455,5.0008,0.5575220247831473,0.868655921055649,1.7752536952389284,0.614073462108034,0.0,0.633882370935013,0.8570514515303527,0.004732793141926643,0.6135905687953315,0.5,0.26144243021540703,0.6928337657916036
358251,43.6245,4.3129,0.02726449764856776,0.5714437260554305,0.5395400734277022,0.35985158758333924,0.0,0.030998747392174113,0.5331360989688237,0.0014384037426096166,0.3158705969826778,0.5,0.04491537866393458,0.36018840892906523
358210,48.3062,10.9337,0.5687795584456452,0.9465834466450568,1.5485305763135844,0.5937751542190611,0.0,0.6466817794097552,0.9419804091914675,0.004128353548169499,0.5898191617759778,0.5,0.2902010911447629,0.7370150122418201
358016,46.9769,7.1444,0.5808188938790878,0.434331773354934,1.0368141869541705,0.7945036915332258,0.0,0.6603700682123382,0.38370526387355336,0.0027641272267897,0.8248929318160266,0.5,0.11975057121432785,0.47515593448041504
357852,49.0103,9.0333,0.5735834143189453,0.9188183721858009,0.6625959690084924,0.5556712802499535,0.0,0.65214358973336,0.9117207696690706,0.0017664684582276405,0.5451956048722084,0.5,0.2914406349147988,0.7389192938397816
357333,52.3051,13.7534,0.5180494708548283,0.8305802022291712,0.7466863286090644,0.5282604465698868,0.0,0.5890035052423526,0.815554803360505,0.001990651783848697,0.5130946983477462,0.5,0.25322741730390036,0.68021323693852
351442,47.6037,7.6657,0.5784296506376196,0.49932675022763034,8.35556536845547,0.8211165806262829,0.0,0.6576535850900233,0.4545397424131448,0.022275780965167063,0.8560593631290356,0.5,0.1280669504679044,0.4879321900327267
351440,47.6037,7.6657,0.5784296506376196,0.49932675022763034,8.35556536845547,0.8211165806262829,0.0,0.6576535850900233,0.4545397424131448,0.022275780965167063,0.8560593631290356,0.5,0.1280669504679044,0.4879321900327267
337766,48.3447,10.9154,0.6157437255518302,0.7392078004425151,6.79936875635807,0.7341123632121902,0.0,0.700078338237787,0.7159730088143673,0.018126989909006054,0.7541684727226339,0.5,0.22226608478473164,0.6326480785392227
337762,48.3447,10.9154,0.6157437255518302,0.7392078004425151,6.79936875635807,0.7341123632121902,0.0,0.700078338237787,0.7159730088143673,0.018126989909006054,0.7541684727226339,0.5,0.22226608478473164,0.6326480785392227
337758,48.3447,10.9154,0.6157437255518302,0.7392078004425151,6.79936875635807,0.7341123632121902,0.0,0.700078338237787,0.7159730088143673,0.018126989909006054,0.7541684727226339,0.5,0.22226608478473164,0.6326480785392227
337757,48.3447,10.9154,0.6157437255518302,0.7392078004425151,6.79936875635807,0.7341123632121902,0.0,0.700078338237787,0.7159730088143673,0.018126989909006054,0.7541684727226339,0.5,0.22226608478473164,0.6326480785392227
337756,48.3447,10.9154,0.6157437255518302,0.7392078004425151,6.79936875635807,0.7341123632121902,0.0,0.700078338237787,0.7159730088143673,0.018126989909006054,0.7541684727226339,0.5,0.22226608478473164,0.6326480785392227
337755,48.3447,10.9154,0.6157437255518302,0.7392078004425151,6.79936875635807,0.7341123632121902,0.0,0.700078338237787,0.7159730088143673,0.018126989909006054,0.7541684727226339,0.5,0.22226608478473164,0.6326480785392227
337753,48.3447,10.9154,0.6157437255518302,0.7392078004425151,6.79936875635807,0.7341123632121902,0.0,0.700078338237787,0.7159730088143673,0.018126989909006054,0.7541684727226339,0.5,0.22226608478473164,0.6326480785392227
337751,48.3447,10.9154,0.6157437255518302,0.7392078004425151,6.79936875635807,0.7341123632121902,0.0,0.700078338237787,0.7159730088143673,0.018126989909006054,0.7541684727226339,0.5,0.22226608478473164,0.6326480785392227
334302,49.0238,8.9921,0.6286961317829458,0.8172616900394932,0.617126352521862,0.5220759753137827,0.0,0.7148047555022645,0.8010396837116919,0.0016452473112720807,0.5058520461901144,0.5,0.28849449118783077,0.7343932033379089
330964,52.6135,13.2825,0.8308361495215312,0.979963554610337,3.061560882787875,0.6247029802133871,0.0,0.9446306422101814,0.9783595673215965,0.008162064041049178,0.6260388281617788,0.5,0.38244084746097695,0.8787207549509553
330466,48.3447,10.9154,0.6157437255518302,0.7392078004425151,6.79936875635807,0.7341123632121902,0.0,0.700078338237787,0.7159730088143673,0.018126989909006054,0.7541684727226339,0.5,0.22226608478473164,0.6326480785392227
330464,48.3447,10.9154,0.6157437255518302,0.7392078004425151,6.79936875635807,0.7341123632121902,0.0,0.700078338237787,0.7159730088143673,0.018126989909006054,0.7541684727226339,0.5,0.22226608478473164,0.6326480785392227
330462,48.3447,10.9154,0.6157437255518302,0.7392078004425151,6.79936875635807,0.7341123632121902,0.0,0.700078338237787,0.7159730088143673,0.018126989909006054,0.7541684727226339,0.5,0.22226608478473164,0.6326480785392227
330460,48.3447,10.9154,0.6157437255518302,0.7392078004425151,6.79936875635807,0.7341123632121902,0.0,0.700078338237787,0.7159730088143673,0.018126989909006054,0.7541684727226339,0.5,0.22226608478473164,0.6326480785392227
330457,48.3447,10.9154,0.6157437255518302,0.7392078004425151,6.79936875635807,0.7341123632121902,0.0,0.700078338237787,0.7159730088143673,0.018126989909006054,0.7541684727226339,0.5,0.22226608478473164,0.6326480785392227
330389,48.3447,10.9154,0.5903397880867559,0.7392078004425151,6.79936875635807,0.7341123632121902,0.0,0.6711949804588553,0.7159730088143673,0.018126989909006054,0.7541684727226339,0.5,0.2136010774510521,0.6193362339633354
330384,48.3447,10.9154,0.5903397880867559,0.7392078004425151,6.79936875635807,0.7341123632121902,0.0,0.6711949804588553,0.7159730088143673,0.018126989909006054,0.7541684727226339,0.5,0.2136010774510521,0.6193362339633354
330382,48.3447,10.9154,0.5903397880867559,0.7392078004425151,6.79936875635807,0.7341123632121902,0.0,0.6711949804588553,0.7159730088143673,0.018126989909006054,0.7541684727226339,0.5,0.2136010774510521,0.6193362339633354
330380,48.3447,10.9154,0.5903397880867559,0.7392078004425151,6.79936875635807,0.7341123632121902,0.0,0.6711949804588553,0.7159730088143673,0.018126989909006054,0.7541684727226339,0.5,0.2136010774510521,0.6193362339633354
330378,48.3447,10.9154,0.5903397880867559,0.7392078004425151,6.79936875635807,0.7341123632121902,0.0,0.6711949804588553,0.7159730088143673,0.018126989909006054,0.7541684727226339,0.5,0.2136010774510521,0.6193362339633354
327773,43.7531,6.8637,0.7035027277904329,0.870194539831284,0.2633645722594216,0.19950139912691986,0.0,0.7998571486471765,0.8587283081720097,0.0007021250228959962,0.1280840279604219,0.5,0.38528619243851286,0.883091990732663
327767,43.7426,6.8639,0.7671436404257742,0.9296122993373421,0.26588477821547324,0.24151820587123046,0.0,0.872214563774317,0.9234844818505723,0.0007088438448294656,0.1772900317433841,0.5,0.4158002160644647,0.9299699591233873
326334,48.3447,10.9154,0.5903397880867559,0.7392078004425151,6.79936875635807,0.7341123632121902,0.0,0.6711949804588553,0.7159730088143673,0.018126989909006054,0.7541684727226339,0.5,0.2136010774510521,0.6193362339633354
326332,48.3447,10.9154,0.5903397880867559,0.7392078004425151,6.79936875635807,0.7341123632121902,0.0,0.6711949804588553,0.7159730088143673,0.018126989909006054,0.7541684727226339,0.5,0.2136010774510521,0.6193362339633354
326316,48.3447,10.9154,0.5903397880867559,0.7392078004425151,6.79936875635807,0.7341123632121902,0.0,0.6711949804588553,0.7159730088143673,0.018126989909006054,0.7541684727226339,0.5,0.2136010774510521,0.6193362339633354
324027,52.2106,5.7946,0.6516863953544526,0.9719267259040648,0.6339819310796891,0.5338093976904201,0.0,0.7409438533913496,0.9696006662816614,0.0016901839683907992,0.519593091038319,0.5,0.3364063221383942,0.8079990091265639
321448,48.3447,10.9154,0.5903397880867559,0.7392078004425151,6.79936875635807,0.7341123632121902,0.0,0.6711949804588553,0.7159730088143673,0.018126989909006054,0.7541684727226339,0.5,0.2136010774510521,0.6193362339633354
321447,48.3447,10.9154,0.5903397880867559,0.7392078004425151,6.79936875635807,0.7341123632121902,0.0,0.6711949804588553,0.7159730088143673,0.018126989909006054,0.7541684727226339,0.5,0.2136010774510521,0.6193362339633354
321445,48.3447,10.9154,0.5903397880867559,0.7392078004425151,6.79936875635807,0.7341123632121902,0.0,0.6711949804588553,0.7159730088143673,0.018126989909006054,0.7541684727226339,0.5,0.2136010774510521,0.6193362339633354
321444,48.3447,10.9154,0.5903397880867559,0.7392078004425151,6.79936875635807,0.7341123632121902,0.0,0.6711949804588553,0.7159730088143673,0.018126989909006054,0.7541684727226339,0.5,0.2136010774510521,0.6193362339633354
321442,48.3447,10.9154,0.5903397880867559,0.7392078004425151,6.79936875635807,0.7341123632121902,0.0,0.6711949804588553,0.7159730088143673,0.018126989909006054,0.7541684727226339,0.5,0.2136010774510521,0.6193362339633354
321441,48.3447,10.9154,0.5903397880867559,0.7392078004425151,6.79936875635807,0.7341123632121902,0.0,0.6711949804588553,0.7159730088143673,0.018126989909006054,0.7541684727226339,0.5,0.2136010774510521,0.6193362339633354
321440,48.3447,10.9154,0.5903397880867559,0.7392078004425151,6.79936875635807,0.7341123632121902,0.0,0.6711949804588553,0.7159730088143673,0.018126989909006054,0.7541684727226339,0.5,0.2136010774510521,0.6193362339633354
319073,43.6756,6.8557,0.7327195104802083,0.9421422790463262,0.620358460526111,0.4035933662450662,0.0,0.8330755734971927,0.9371402229786286,0.0016538640507485288,0.3670967203623151,0.5,0.378812446929318,0.8731465295548873
318127,48.3447,10.9154,0.5903397880867559,0.7392078004425151,6.79936875635807,0.7341123632121902,0.0,0.6711949804588553,0.7159730088143673,0.018126989909006054,0.7541684727226339,0.5,0.2136010774510521,0.6193362339633354
318115,48.3447,10.9154,0.5903397880867559,0.7392078004425151,6.79936875635807,0.7341123632121902,0.0,0.6711949804588553,0.7159730088143673,0.018126989909006054,0.7541684727226339,0.5,0.2136010774510521,0.6193362339633354
318113,48.3447,10.9154,0.5903397880867559,0.7392078004425151,6.79936875635807,0.7341123632121902,0.0,0.6711949804588553,0.7159730088143673,0.018126989909006054,0.7541684727226339,0.5,0.2136010774510521,0.6193362339633354
316656,44.2532,4.5417,0.7894382303132943,0.9753265090329477,0.582066481580969,0.32527581377677506,0.0,0.8975627058543036,0.9733059043888126,0.0015517783512068774,0.2753788083734681,0.5,0.4209781109272327,0.9379246357888695
316655,44.2532,4.5417,0.7894382303132943,0.9753265090329477,0.582066481580969,0.32527581377677506,0.0,0.8975627058543036,0.9733059043888126,0.0015517783512068774,0.2753788083734681,0.5,0.4209781109272327,0.9379246357888695
316559,43.8959,3.7364,0.6292795688545689,0.6891922248527843,4.341635929992244,0.45357866294237414,0.0,0.7154681023438457,0.6614637623122057,0.011574720170597403,0.4256346457536412,0.5,0.26384623038403954,0.6965266667903082
315874,50.792,4.423,0.7570223955996477,0.8542285951383813,10.552259751721811,0.6427360489595233,0.0,0.8607070745954022,0.8413278963074305,0.028132127097505333,0.647157407075702,0.5,0.31584405997462184,0.7764096950599881
315872,50.792,4.423,0.7570223955996477,0.8542285951383813,10.552259751721811,0.6427360489595233,0.0,0.8607070745954022,0.8413278963074305,0.028132127097505333,0.647157407075702,0.5,0.31584405997462184,0.7764096950599881
315854,53.049,11.429,0.6972328687242214,0.6965890726263277,0.6727874103674585,0.4568700928894426,0.0,0.7927285457334811,0.6695251830571032,0.0017936386502398704,0.4294892488750156,0.5,0.2904177444230198,0.7373478515177665
315853,53.049,11.429,0.6972328687242214,0.6965890726263277,0.6727874103674585,0.4568700928894426,0.0,0.7927285457334811,0.6695251830571032,0.0017936386502398704,0.4294892488750156,0.5,0.2904177444230198,0.7373478515177665
315852,53.049,11.429,0.6972328687242214,0.6965890726263277,0.6727874103674585,0.4568700928894426,0.0,0.7927285457334811,0.6695251830571032,0.0017936386502398704,0.4294892488750156,0.5,0.2904177444230198,0.7373478515177665
313114,49.1657,6.7738,0.5563102203608247,0.9028068354273877,2.481394444224807,0.6485815811978685,0.0,0.6325045931501261,0.894270669500235,0.006615351168984017,0.6540031267702953,0.5,0.26389550607075546,0.6966023678552551
312699,45.04,3.0866,0.6082434616670378,0.5694167892990062,10.306320922274763,0.67782984909537,0.0,0.6915508095616245,0.5309270512072518,0.02747645877896464,0.6882558578159363,0.5,0.18146333524211694,0.5699637853512681
312698,45.04,3.0866,0.6082434616670378,0.5694167892990062,10.306320922274763,0.67782984909537,0.0,0.6915508095616245,0.5309270512072518,0.02747645877896464,0.6882558578159363,0.5,0.18146333524211694,0.5699637853512681
312660,44.9028,3.1029,0.717832793222799,0.7722191929211722,0.7110913590055349,0.36991448925149295,0.0,0.8161499145795273,0.7519503240563054,0.0018957562607589684,0.3276552902023213,0.5,0.3333051106054345,0.80323469164431
312628,52.0894,6.5159,0.7156989058869093,0.7997197432021792,0.5770443432623923,0.560617110912332,0.0,0.8137237618830341,0.781921673111824,0.0015383894243984374,0.5509876814515606,0.5,0.3066417167402525,0.7622723541262125
310655,44.2519,3.8608,0.5875695709850408,0.9961313899193671,0.11060688020505478,0.18116389440117978,0.0,0.6680453438411398,0.9959800087515901,0.00029487587350940895,0.10660892319113732,0.5,0.383358291686867,0.8801302026838641
310654,44.2519,3.8608,0.5875695709850408,0.9961313899193671,0.11060688020505478,0.18116389440117978,0.0,0.6680453438411398,0.9959800087515901,0.00029487587350940895,0.10660892319113732,0.5,0.383358291686867,0.8801302026838641
310649,45.0137,3.4464,0.6349194413490825,0.9823459304911231,0.10894731150845968,0.1822450332276456,0.0,0.7218804333185439,0.9809559887886171,0.0002904514944097534,0.10787504799468842,0.5,0.39556377969463224,0.8988812034707536
309124,46.9906,6.8675,0.5931267831228166,0.7406156538960005,4.744318282444894,0.6934244346679839,0.0,0.6743636929808932,0.7175073514672331,0.012648263789277936,0.7065187220395168,0.5,0.22317848469729312,0.6340497768135984
308554,51.94,5.9038,0.5433490647167428,0.5834888190842512,9.457048038479709,0.7839158461450971,0.0,0.6177682281196613,0.5462633885642726,0.025212313158071552,0.8124934754891315,0.5,0.14497983162198252,0.5139150468940765
307908,44.3494,-1.067,0.45556296421590753,0.44471069212271624,10.40870840642017,0.6213452687250614,0.0,0.5179586079665331,0.39501668106446364,0.027749421896338854,0.6221066025359218,0.5,0.10527587789641983,0.4529188075731255
284519,47.9962,10.9625,0.5870005445675104,0.6098125371478224,0.0,0.5449134159118756,0.0,0.667398381391882,0.574952172405345,0.0,0.5325970388617695,0.5,0.21406800168963547,0.6200535585602318
281649,50.954,3.719,0.6581100176292398,0.7845627836875814,0.0,0.6928968782035205,0.0,0.7482472795100161,0.765402930047031,0.0,0.7059008991396454,0.5,0.2599397814938158,0.6905252823173624
281648,51.246,4.297,0.3894565660302898,0.6253948023884209,0.0,0.7821614342866483,0.0,0.4427980249704224,0.5919344329721162,0.0,0.8104388786924486,0.5,0.10925718393028853,0.45903519329456693
281647,51.364,3.347,0.4809242174895127,0.6488129098626731,0.0,0.6384381798501964,0.0,0.5467934353640859,0.6174565503900795,0.0,0.6421241601433694,0.5,0.1720835441852402,0.5555538355502887
281646,50.977,3.711,0.6935752068440562,0.6832664738573323,0.0,0.7363738143142744,0.0,0.7885699165105735,0.6550056096684952,0.0,0.7568168646425936,0.5,0.23679984767390683,0.6549759526232418
281643,50.949,3.719,0.7467905404958132,0.8277836123024778,0.0,0.6887182263307287,0.0,0.8490738255326322,0.8125069526083707,0.0,0.701007267857489,0.5,0.302697795633259,0.756213401978325
281642,51.371252,4.612641,0.48200550445176826,0.8346524090974671,0.0,0.6362327422414505,0.0,0.5480228195190209,0.8199928794073058,0.0,0.6395413657873056,0.5,0.22347386083943693,0.6345035561520602
281641,50.949,3.719,0.6505545439876874,0.8277836123024778,0.0,0.6887182263307287,0.0,0.7396569793379161,0.8125069526083707,0.0,0.701007267857489,0.5,0.26987274177484416,0.7057850528342977
253618,44.9672,5.1739,0.7883147342591041,0.9194728605483861,0.1993833307369918,0.35411273692705614,0.0,0.8962853314889713,0.912434060820243,0.0005315522298910205,0.3091498123970867,0.5,0.40051533234621095,0.9064881559831813
253287,44.9791,5.1645,0.6861543109698288,0.6690866303174426,0.34067859640396847,0.4858472559139588,0.0,0.7801326263908751,0.6395517719836474,0.0009082427649558515,0.46342448822056453,0.5,0.2742324091270985,0.712482706045762
247555,46.9338,7.4967,0.6340270883793532,0.6031508077858769,10.912387928092928,0.805293527742227,0.0,0.7208658602774467,0.5676919171020844,0.029092222078811302,0.8375289401768846,0.5,0.17673495191646016,0.56269968256376
247553,46.9338,7.4967,0.6340270883793532,0.6031508077858769,10.912387928092928,0.805293527742227,0.0,0.7208658602774467,0.5676919171020844,0.029092222078811302,0.8375289401768846,0.5,0.17673495191646016,0.56269968256376
246759,46.5007,0.2641,0.764283540852865,0.5246309335372382,0.4899025511961202,0.6735260945459813,0.0,0.8689627340388173,0.4821173909615402,0.001306071036906816,0.6832157184277418,0.5,0.22847459598048764,0.6421860665527267
246316,49.0146,8.9016,0.8419536306785884,0.9374347537869377,0.5010677824644368,0.5066935385591419,0.0,0.9572708160533616,0.9320097480864863,0.0013358373346007363,0.4878376300602517,0.5,0.39674086986167223,0.9006895390845663
245752,47.7752,9.6467,0.5690792798517342,0.640594514352969,0.875156904323351,0.7137682499224638,0.0,0.6470225518045061,0.6084997695991233,0.0023331519354104773,0.7303434228661062,0.5,0.18621356412413465,0.5772614489471809
243871,46.8468,15.7486,0.7178381280876678,0.6911801071622521,0.43222212450219477,0.6291244242324339,0.0,0.8161559801278667,0.6636302467632277,0.0011522960983656114,0.6312167940279455,0.5,0.265841377405302,0.6995917636829397
243627,52.6514,13.4729,0.5580094204110897,0.9022763827304348,0.0,0.5854776372080264,0.0,0.6344365221299253,0.8936925580524507,0.0,0.580101915629245,0.5,0.2767388088077035,0.7163332282332717
240121,47.501,9.668,0.10561834456167113,0.5637162642287603,0.6688484823426298,0.40798133407195986,0.0,0.12008423647661959,0.5247143600089207,0.001783137541811003,0.3722354821631243,0.5,0.0610119111123852,0.38491712869963596
239720,44.3597,-1.1472,0.39167565374211005,0.6840397104788805,0.4288494487637157,0.41489637215009234,0.0,0.4453210474117843,0.6558483180670589,0.0011433046079392993,0.3803337032369566,0.5,0.1902796773331687,0.5835081219137737
236968,44.4087,-1.1749,0.5710072372372367,0.7347987308979272,4.170905220291295,0.5184893796688196,0.0,0.6492145695979903,0.7111678045191585,0.01111955529238535,0.5016517736670744,0.5,0.24508464490064846,0.6677036894592469
236602,43.2847,5.3724,0.2838190060240964,0.14372834774102813,67.82427935683323,0.9293688889249224,0.0,0.3226919412285991,0.06699244842785083,0.18081825997998247,0.9828339541652408,0.5,-0.12003305064524016,0.10678206206241436
236601,43.2847,5.3724,0.2838190060240964,0.14372834774102813,67.82427935683323,0.9293688889249224,0.0,0.3226919412285991,0.06699244842785083,0.18081825997998247,0.9828339541652408,0.5,-0.12003305064524016,0.10678206206241436
235214,43.9253,7.4826,0.6822760807461636,0.9398081748144362,0.033283175655755004,0.24785492007217647,0.0,0.7757232189416091,0.9345964101475722,8.873232367157327e-05,0.18471097605361583,0.5,0.3886416753465991,0.8882469392779312
235172,47.338,7.8406,0.5597555362582163,0.6061725908237657,13.291380368663878,0.7206841040066896,0.0,0.6364217926733344,0.5709851935373985,0.0354345714216832,0.7384425995670322,0.5,0.16581953196695848,0.54593058263657
234555,43.2969,5.5757,0.41960636377543237,0.3241626434739008,61.341791360837114,0.8311078804908631,0.0,0.47707725418174485,0.26363794110846456,0.16353606825022915,0.8677602032696256,0.5,-0.0038385826088501024,0.28528885836555246
233509,43.2835,5.3711,0.30161501147776165,0.18489435657471234,61.23972604842204,0.924559731596255,0.0,0.34292535556685677,0.11185703504046957,0.16326396403666119,0.9772019361219059,0.5,-0.0983912177954437,0.14002989488467307
225389,49.0356,8.9537,0.5801108589511754,0.9992160619534137,0.33518719806664254,0.4559322511217723,0.0,0.6595650581161281,0.9993418244719853,0.0008936027997158492,0.42839093967106706,0.5,0.3332676120422315,0.8031770834939698
217588,48.3447,10.9154,0.4437070384534785,0.7392078004425151,0.0,0.7341123632121902,0.0,0.5044788493240989,0.7159730088143673,0.0,0.7541684727226339,0.5,0.16721163609242645,0.548069239078285
217579,48.3447,10.9154,0.4437070384534785,0.7392078004425151,0.0,0.7341123632121902,0.0,0.5044788493240989,0.7159730088143673,0.0,0.7541684727226339,0.5,0.16721163609242645,0.548069239078285
217472,49.0206,9.0183,0.5926692644777664,0.9833774882612984,0.3940220446244602,0.4844068810282218,0.0,0.6738435108345748,0.9820802273105718,0.001050455400018517,0.4617376610300129,0.5,0.32820236984350976,0.7953954724356006
217471,49.02,9.0169,0.595792522869399,0.976182158275437,0.40578022224615246,0.48616605347926073,0.0,0.6773945426258315,0.9742384298057111,0.0010818024815983196,0.4637978329704335,0.5,0.32699193479729255,0.7935359098773762
217469,49.0314,8.9814,0.5913276543528806,0.9520269540392399,0.4222559689166287,0.5034354329856118,0.0,0.6723181486622664,0.9479129908500257,0.0011257265140108565,0.48402205320901653,0.5,0.3158452390270317,0.7764115064101488
217468,49.0335,8.9785,0.5835390976277844,0.9674085827431924,0.42331626714014503,0.4968270213397082,0.0,0.6634628414571635,0.9646765886041746,0.0011285532492398061,0.4762829232359437,0.5,0.3185398504529532,0.7805511738233378
217418,49.0058,9.0351,0.5840839456538601,0.8280303992526897,0.7644440458595745,0.5859892121163337,0.0,0.6640823139501155,0.8127759122383261,0.002037993525845846,0.5807010224825245,0.5,0.2649059201670684,0.6981546429878016
216369,49.0113,8.9029,0.5371863977938643,0.9728510730619564,0.37263580350845227,0.5069671318485034,0.0,0.6107614987947051,0.9706080618077348,0.0009934400812745617,0.4881580359519521,0.5,0.30245807168129757,0.7558451197753516
216367,49.0114,8.9031,0.5371156100251665,0.970350781528681,0.37085504936122476,0.5077410705194959,0.0,0.6106810156628094,0.9678831305056835,0.0009886926240305304,0.4890643977657945,0.5,0.30161768913558845,0.7545540600679598
216203,49.0336,9.0635,0.5749652988802755,0.7713002594965267,0.5354279151729104,0.6222205687184107,0.0,0.6537147424827695,0.7509488286626712,0.0014274408056282766,0.623131668887253,0.5,0.24009639141628503,0.6600403543307378
198422,50.8149,4.6407,0.7912682911045842,0.8723142144082512,3.025778136418373,0.6388792537824687,0.0,0.8996434187620839,0.8610384258235197,0.008066667908614097,0.6426407030999067,0.5,0.3371431930377963,0.8091310463548774
195196,51.6812,5.926,0.5891988664125867,0.6665835214122883,1.2514322932381288,0.6813179739837437,0.0,0.6698977937940687,0.6368237701817282,0.003336295083292764,0.6923408109514101,0.5,0.20565690002428266,0.6071317832207045
193403,51.1841,4.6488,0.6572926448792057,0.6321829735812607,0.0,0.7088908995859897,0.0,0.7473179562659149,0.5993324903269805,0.0,0.72463154379429,0.5,0.21533377789237612,0.6219981404203356
181235,48.3126,10.9312,0.7686929294253353,0.8767109251441366,1.38169822206741,0.6044090221692251,0.0,0.8739760493132737,0.8658301609275397,0.0036835816126735412,0.6022725152582515,0.5,0.33757276141459464,0.8097909820302266
180025,46.5301,6.3058,0.8323433426417962,0.9187145353549022,0.34395840735576294,0.5208825983036377,0.0,0.9463442662574146,0.911607603573415,0.0009169866795980794,0.504454478925352,0.5,0.3859536115958557,0.8841173309023111
178353,48.3062,10.9337,0.7581817583512508,0.9465834466450568,1.0380418755068774,0.5937751542190611,0.0,0.8620252280980297,0.9419804091914675,0.0027674002215049096,0.5898191617759778,0.5,0.3550763164165781,0.8366812770685522
177867,48.2981,10.9178,0.7469308495018352,0.9146293785931526,1.6838780354046614,0.6418682846411886,0.0,0.8492333517960752,0.9071554141444103,0.004489187342168296,0.6461411657751546,0.5,0.33373984674021834,0.8039025664232812
176124,52.124,4.338,0.6744859867370154,0.9044285697256848,3.441908388220987,0.6274670743811571,0.0,0.7668661639001582,0.8960381092144555,0.009176063375392469,0.6292758668283159,0.5,0.30784278377433544,0.7641175248303145
174500,49.0261,9.0018,0.7210595871654435,0.9496347453852847,0.4404801130663946,0.4839983837733131,0.0,0.8198186625463503,0.9453058531800991,0.0011743117413959973,0.4612592687144643,0.5,0.362848309403481,0.8486212049534839
172565,46.98,7.038,0.21556319362297013,0.5998007314712956,0.3814536792055272,0.3887695498678215,0.0,0.2450875520356339,0.5640408517393566,0.0010169483729274126,0.3497365061705165,0.5,0.11187261294536636,0.4630532146541862
172170,52.125,4.34,0.6069371020803097,0.9203088415590872,4.3776722808949,0.6228821186205962,0.0,0.6900655259758308,0.9133451509046044,0.011670792407973703,0.6239064118892057,0.5,0.28943582525392475,0.735839352463845
171608,49.0203,9.0382,0.6661785476116623,0.9957886455332945,0.3142583488801005,0.5189147611059737,0.0,0.7574209061792181,0.9956064703486551,0.0008378068792994425,0.5021499390972362,0.5,0.3506378372004839,0.8298625470660628
171463,48.3447,10.9154,0.5497933741093878,0.7392078004425151,6.660392775884685,0.7341123632121902,0.0,0.6250951747428685,0.7159730088143673,0.01775648254488059,0.7541684727226339,0.5,0.19984523720908115,0.5982034639309187
171462,48.3447,10.9154,0.5497933741093878,0.7392078004425151,6.660392775884685,0.7341123632121902,0.0,0.6250951747428685,0.7159730088143673,0.01775648254488059,0.7541684727226339,0.5,0.19984523720908115,0.5982034639309187
170654,46.1743,5.9503,0.5603064686937062,0.7743499998035733,0.7096624817122312,0.5590158195340116,0.0,0.6370481829196554,0.7542725742000217,0.0018919469006249555,0.5491124044915872,0.5,0.246937348372039,0.6705499537157694
170425,44.5699,-1.2262,0.48552020308545263,0.7856546273936464,0.30144675842291196,0.3320683798749387,0.0,0.5520189047031147,0.7665928709207286,0.0008036514188063471,0.28333360215768444,0.5,0.2645931185337026,0.697674093281829
170174,46.9883,7.0515,0.4733400697878592,0.67597555234254,0.5838173653181512,0.5569303689908532,0.0,0.5381705338230833,0.6470596321726504,0.0015564461744965125,0.5466701273347272,0.5,0.19090425985497922,0.5844676531795858
169962,47.6376,9.5662,0.583269027453271,0.9366615116978286,0.6000871704938759,0.5471541205840265,0.0,0.6631557814399274,0.9311670337291262,0.001599821170736579,0.5352211345776888,0.5,0.3011353584434592,0.7538130669030898
169599,49.0326,8.9949,0.60212952079566,0.9944684950329733,0.36563148659436817,0.4822923619325129,0.0,0.6845994799943077,0.9941677103585225,0.0009747667034110129,0.45926134160726934,0.5,0.33483761700615033,0.8055890447605027
169309,46.9883,7.0515,0.4733400697878592,0.67597555234254,0.5838173653181512,0.5569303689908532,0.0,0.5381705338230833,0.6470596321726504,0.0015564461744965125,0.5466701273347272,0.5,0.19090425985497922,0.5844676531795858
169306,49.0104,9.0345,0.5667531283376398,0.9158755400769327,0.45656626129524475,0.5581684022598202,0.0,0.6443778016935454,0.9085135375429705,0.0012171971116513572,0.5481199916732272,0.5,0.2879802867204919,0.7336032432506466
156084,46.5914,0.2196,0.7211867202729046,0.9949604487570717,0.0,0.45318624314508954,0.0,0.8199632082898358,0.9947038638766685,0.0,0.42517508179517094,0.5,0.38088866618684225,0.8763361757949085
149174,53.0402,6.6519,0.499631128612032,0.8186674425248088,0.0,0.40181299282954297,0.0,0.5680625164911057,0.8025717366339985,0.0,0.3650117199111282,0.5,0.2663099311191622,0.7003115916039292
142808,51.0362,4.0066,0.6536859994049684,0.6603858037670813,0.0,0.7526179441087028,0.0,0.7432173308507651,0.630069215927578,0.0,0.7758404119811548,0.5,0.2141064414399509,0.6201126126339365
142426,51.0383,3.9184,0.6537988517564286,0.5663522521817191,0.0,0.7760821342658086,0.0,0.7433456398913577,0.5275871794338773,0.0,0.80331939287232,0.5,0.18440257789502862,0.5744792738972846
142080,51.0383,3.9184,0.562879628895605,0.5663522521817191,0.0,0.7760821342658086,0.0,0.6399737729718327,0.5275871794338773,0.0,0.80331939287232,0.5,0.15339101781917114,0.5268369520978516
139788,46.2268,5.9515,0.8499481882872564,0.9510595238103848,0.0,0.5574343359740354,0.0,0.9663603388099381,0.9468586414359378,0.0,0.54726032452491,0.5,0.3945337133232294,0.8972987370156282
139542,52.0775,4.3249,0.3312881266650521,0.17791179300892543,0.0,0.9308720688775769,0.0,0.3766626139563588,0.10424712004625646,0.0,0.9845943325511304,0.5,-0.058628585684197806,0.2011162804132496
139354,52.0775,4.3249,0.3312881266650521,0.17791179300892543,0.0,0.9308720688775769,0.0,0.3766626139563588,0.10424712004625646,0.0,0.9845943325511304,0.5,-0.058628585684197806,0.2011162804132496
138200,43.0605,-0.4588,0.8040745676168535,0.7922608857833073,0.0,0.3864708332759759,0.0,0.9142036918232316,0.7737926714383285,0.0,0.34704447252782117,0.5,0.36565260452737847,0.8529293768218612
138198,43.0495,3.0518,0.39141707820791133,0.7644098083106399,0.0,0.48768016468319636,0.0,0.44502705638470796,0.7434393019247697,0.0,0.46557101297628367,0.5,0.1995322904501623,0.5977226912720124
138180,46.8072,1.2197,0.7130160912098978,0.7674252615138312,0.0,0.3432469483332258,0.0,0.8106734986599717,0.7467256798186639,0.0,0.2964248559788963,0.5,0.33541974115582307,0.8064833482395308
138015,48.3447,10.9154,0.7196395990500137,0.7392078004425151,0.0,0.7341123632121902,0.0,0.8182041874345226,0.7159730088143673,0.0,0.7541684727226339,0.5,0.26132923752555354,0.6926598705556931
135179,44.645,-1.0337,0.6336892348255359,0.7373752047877272,0.0,0.5545490640157472,0.0,0.7204817330103565,0.7139757628143406,0.0,0.5438813741977621,0.5,0.26305625447702774,0.6953130456024804
134883,48.3447,10.9154,0.6689130762782897,0.7392078004425151,0.0,0.7341123632121902,0.0,0.7605299663374526,0.7159730088143673,0.0,0.7541684727226339,0.5,0.24402697119643252,0.6660788105156595
134344,42.784,0.036,0.6689679573594078,0.9176731749346256,0.0,0.28389882727092774,0.0,0.760592364141077,0.9104726816780423,0.0,0.22692209992048726,0.5,0.3717575646737606,0.8623082818222929
134309,42.4731,9.1681,0.6453140872093025,0.8517715775498531,0.0,0.34130078951886017,0.0,0.7336987695815264,0.8386501269163145,0.0,0.2941457037680994,0.5,0.3356503070383216,0.8068375611183122
134210,47.151,7.254,0.6144466859768636,0.7144877344729078,0.0,0.7204133173339388,0.0,0.6986036511681665,0.6890319578797524,0.0,0.7381254805121541,0.5,0.22112026274356494,0.6308877794031388
133965,47.8227,6.6076,0.7885834444620838,0.9577950723523809,0.0,0.35650561600798214,0.0,0.8965908452677775,0.9541993482352478,0.0,0.31195212000282024,0.5,0.41073427263872214,0.9221872707866325
132578,44.3597,-1.1472,0.3872581919709949,0.6840397104788805,0.0,0.41489637215009234,0.0,0.4402985532025584,0.6558483180670589,0.0,0.3803337032369566,0.5,0.1890015899919888,0.581544626744639
132426,46.331,6.428,0.6793506887352316,0.7841052926420188,0.0,0.6105918076069871,0.0,0.772397154066369,0.7649043355216043,0.0,0.609513193149152,0.5,0.281518251127939,0.7236757717391611
131731,48.3447,10.9154,0.6128104607606871,0.7392078004425151,0.0,0.7341123632121902,0.0,0.6967433222962855,0.7159730088143673,0.0,0.7541684727226339,0.5,0.22489097798408242,0.6366806394999326
131706,44.5919,5.5699,0.691418892476137,0.9268705365499139,0.0,0.12714260578476547,0.0,0.7861182650900768,0.9204963842056246,0.0,0.04334443600162211,0.5,0.40945791017818584,0.9202264255105858
131591,48.3447,10.9154,0.6128104607606871,0.7392078004425151,0.0,0.7341123632121902,0.0,0.6967433222962855,0.7159730088143673,0.0,0.7541684727226339,0.5,0.22489097798408242,0.6366806394999326
131590,48.3447,10.9154,0.6128104607606871,0.7392078004425151,0.0,0.7341123632121902,0.0,0.6967433222962855,0.7159730088143673,0.0,0.7541684727226339,0.5,0.22489097798408242,0.6366806394999326
131260,46.3995,6.7051,0.6839453767650954,0.9122103571362765,0.0,0.4985025487918273,0.0,0.7776211481197154,0.9045190546637458,0.0,0.4782451382764428,0.5,0.33767933736038463,0.809954712119683
131258,46.3995,6.7051,0.6839453767650954,0.9122103571362765,0.0,0.4985025487918273,0.0,0.7776211481197154,0.9045190546637458,0.0,0.4782451382764428,0.5,0.33767933736038463,0.809954712119683
131217,44.3494,-1.067,0.48055851939557953,0.44471069212271624,0.0,0.6213452687250614,0.0,0.5463776498623043,0.39501668106446364,0.0,0.6221066025359218,0.5,0.11935147484441895,0.47454281222414424
131114,44.3494,-1.067,0.48055851939557953,0.44471069212271624,0.0,0.6213452687250614,0.0,0.5463776498623043,0.39501668106446364,0.0,0.6221066025359218,0.5,0.11935147484441895,0.47454281222414424
130957,54.1792,9.1388,0.6342393068118886,0.7025909896231347,0.0,0.5806889770571718,0.0,0.7211071449571398,0.6760663448693375,0.0,0.574493901890072,0.5,0.24917464442096554,0.6739870583974696
130269,54.191,9.106,0.4362042943157701,0.4088742788796701,0.0,0.7403776196529916,0.0,0.495948500690107,0.355960529851848,0.0,0.761505732643488,0.5,0.07354882277347091,0.4041772877586282
129371,54.1522,9.2256,0.5644821604966767,0.8230630704719797,0.0,0.5921933999360708,0.0,0.6417957934223801,0.807362291665686,0.0,0.5879667647647966,0.5,0.25618429622841604,0.6847558196689324
129350,44.3494,-1.067,0.48055851939557953,0.44471069212271624,0.0,0.6213452687250614,0.0,0.5463776498623043,0.39501668106446364,0.0,0.6221066025359218,0.5,0.11935147484441895,0.47454281222414424
129332,46.331,6.428,0.6404662410845539,0.7841052926420188,0.0,0.6105918076069871,0.0,0.7281869439335996,0.7649043355216043,0.0,0.609513193149152,0.5,0.2682551880881082,0.7033000435963611
129331,46.331,6.428,0.6404662410845539,0.7841052926420188,0.0,0.6105918076069871,0.0,0.7281869439335996,0.7649043355216043,0.0,0.609513193149152,0.5,0.2682551880881082,0.7033000435963611
129330,46.331,6.428,0.6404662410845539,0.7841052926420188,0.0,0.6105918076069871,0.0,0.7281869439335996,0.7649043355216043,0.0,0.609513193149152,0.5,0.2682551880881082,0.7033000435963611
129184,54.1476,9.2143,0.5918712125057684,0.9289064863177036,0.0,0.4901542380794585,0.0,0.6729361546160717,0.9227152547564466,0.0,0.4684684074793128,0.5,0.3122893989520363,0.7709487539170186
129183,54.1476,9.2143,0.5918712125057684,0.9289064863177036,0.0,0.4901542380794585,0.0,0.6729361546160717,0.9227152547564466,0.0,0.4684684074793128,0.5,0.3122893989520363,0.7709487539170186
129182,54.1522,9.2256,0.5644821604966767,0.8230630704719797,0.0,0.5921933999360708,0.0,0.6417957934223801,0.807362291665686,0.0,0.5879667647647966,0.5,0.25618429622841604,0.6847558196689324
129137,52.114,4.332,0.5019206431786284,0.7803894508334858,0.0,0.6952282684163387,0.0,0.5706656117182922,0.7608546423067181,0.0,0.7086311969542698,0.5,0.20511866454902672,0.6063049048678164
128702,53.0049,4.7821,0.35374647580780194,0.4895586034295103,0.0,0.5580499628231154,0.0,0.4021969443847034,0.44389397226234906,0.0,0.5479812869066795,0.5,0.09943538334499634,0.44394619477305636
128699,49.4162,8.1756,0.5415603408041852,0.8358787425807087,0.0,0.5487347289530279,0.0,0.6157345137474243,0.8213293933500864,0.0,0.5370721896056865,0.5,0.25949187402089585,0.6898371727250354
127755,43.7321,7.063,0.47599729152426534,0.850560835208388,0.0,0.47111991088388183,0.0,0.5411916987986345,0.8373306049081527,0.0,0.4461772519021815,0.5,0.2547635730813013,0.6825731965052743
127074,48.3064,10.9328,0.5459915120058719,0.9392830533682296,0.0,0.5945461998441494,0.0,0.6207725950832004,0.9340241089390517,0.0,0.5907221355354024,0.5,0.28112948542941274,0.7230785202475088
127070,48.3064,10.9328,0.4547794091433364,0.9392830533682296,0.0,0.5945461998441494,0.0,0.517067734198178,0.9340241089390517,0.0,0.5907221355354024,0.5,0.250018027163906,0.6752827272364758
124161,54.1939,9.2592,0.431198434690396,0.7923237451685026,0.0,0.5070615219781053,0.0,0.4902570194089249,0.7738611784520374,0.0,0.48826857650546274,0.5,0.21730211395986743,0.6250220482826768
123626,52.0775,4.3249,0.20690518043109715,0.17791179300892543,0.0,0.9308720688775769,0.0,0.23524370428489125,0.10424712004625646,0.0,0.9845943325511304,0.5,-0.10105425858563806,0.13593872868790288
123584,52.0775,4.3249,0.20690518043109715,0.17791179300892543,0.0,0.9308720688775769,0.0,0.23524370428489125,0.10424712004625646,0.0,0.9845943325511304,0.5,-0.10105425858563806,0.13593872868790288
123513,54.2911,9.0732,0.3584711675558826,0.7913365015739436,0.0,0.30360068317494404,0.0,0.40756874796210524,0.7727852355318775,0.0,0.24999500029685087,0.5,0.22796768322707328,0.6414073085520544
123503,52.3247,6.7908,0.5334654312213924,0.6998812520545955,0.0,0.6412415778600196,0.0,0.6065308944270197,0.6731131497628515,0.0,0.6454072276529008,0.5,0.20342647162088368,0.603705229139407
123172,52.0775,4.3249,0.20690518043109715,0.17791179300892543,0.0,0.9308720688775769,0.0,0.23524370428489125,0.10424712004625646,0.0,0.9845943325511304,0.5,-0.10105425858563806,0.13593872868790288
117164,52.127,4.323,0.57069051644896,0.839477331633536,0.0,0.6519263332414812,0.0,0.6488544695207326,0.8252512991849723,0.0,0.6579201755530033,0.5,0.2522811393195124,0.6787594925885533
101540,45.242,5.752,0.6985511250138716,0.9813904685673616,0.0,0.5402926458029299,0.0,0.7942273554400724,0.9799146829771442,0.0,0.5271856416357827,0.5,0.3541690311309404,0.8352874362738129
101347,48.3212,10.9414,0.7676922129644181,0.9013686264689859,0.0,0.6255719468171689,0.0,0.8728382709033058,0.8927032440390505,0.0,0.6270564774622873,0.5,0.34096882066141126,0.8150082670391394
101022,48.3045,10.9389,0.7344228163361661,0.9534170553719087,0.0,0.5953310027046873,0.0,0.8350121706295159,0.9494279864351407,0.0,0.5916412204330128,0.5,0.34911446473268803,0.8275222261936656
99986,48.3228,10.9406,0.6956773561169936,0.9082427971423567,0.0,0.6267392245352168,0.0,0.7909599841777786,0.9001950275347829,0.0,0.6284234797706626,0.5,0.3180732301714299,0.77983431618844
99984,48.3228,10.9406,0.6956773561169936,0.9082427971423567,0.0,0.6267392245352168,0.0,0.7909599841777786,0.9001950275347829,0.0,0.6284234797706626,0.5,0.3180732301714299,0.77983431618844
98686,48.3045,10.9389,0.5860826264295457,0.9534170553719087,0.0,0.5953310027046873,0.0,0.6663547416794534,0.9494279864351407,0.0,0.5916412204330128,0.5,0.29851723604766933,0.7497909077667738
98655,52.1309,4.3289,0.49461706013255274,0.848303803039786,0.0,0.6267982613419781,0.0,0.5623617020398038,0.8348707887130774,0.0,0.6284926179456437,0.5,0.23315231509836398,0.6493723351234175
98638,46.254,5.996,0.5297827021921939,0.6610915951795086,0.0,0.678733215420947,0.0,0.6023437647625951,0.6308384194731832,0.0,0.6893137927300351,0.5,0.18501566538756903,0.5754211456231627
98296,52.1178,4.3398,0.5140130868260577,0.8368841806450011,0.0,0.661628494637117,0.0,0.5844142826387136,0.8224251654299427,0.0,0.6692824047971667,0.5,0.23053821542952474,0.6453563560067918
98273,52.0775,4.3249,0.23256003269556802,0.17791179300892543,0.0,0.9308720688775769,0.0,0.264412343112596,0.10424712004625646,0.0,0.9845943325511304,0.5,-0.09230366693732664,0.1493820544098113
98272,52.0775,4.3249,0.23256003269556802,0.17791179300892543,0.0,0.9308720688775769,0.0,0.264412343112596,0.10424712004625646,0.0,0.9845943325511304,0.5,-0.09230366693732664,0.1493820544098113
97298,47.1639,7.2089,0.4540531777730123,0.8428056124692601,0.0,0.5374573507823075,0.0,0.5162420354052962,0.8288786108446657,0.0,0.5238652194447401,0.5,0.23351248041604428,0.6499256485305452
97297,47.164,7.209,0.45294055049557974,0.8434746026947795,0.0,0.5368007500829014,0.0,0.514977018445903,0.8296077067848884,0.0,0.5230962724684627,0.5,0.2334305913597236,0.649799844321936
96981,49.568,8.518,0.5896400772141541,0.9696583399383645,0.0,0.5320766370966237,0.0,0.6703994345123676,0.9671284762027015,0.0,0.5175638501002302,0.5,0.3152673718893511,0.7755237428773452
96980,49.568,8.519,0.5898798098062272,0.9690551633386184,0.0,0.5310351812995592,0.0,0.6706720017959881,0.9664711069417817,0.0,0.5163441982070724,0.5,0.315367747543181,0.7756779476058043
96822,54.123,9.203,0.5482985334872981,0.6987731231572829,0.0,0.5742883993270039,0.0,0.6233955950391451,0.6719054605478906,0.0,0.5669981668162392,0.5,0.2199453186262803,0.6290827407144981
96699,54.152,9.225,0.5830035897317511,0.8346519348632612,0.0,0.5851715834435472,0.0,0.662853988354142,0.8199923625653236,0.0,0.5797434951813419,0.5,0.2668927628703722,0.7012069821543612
90568,52.125049750536,4.3401124477714,0.7369257305980258,0.9209762710733655,0.0,0.6226248938897074,0.0,0.8378578935893788,0.914072545910813,0.0,0.6236051752636286,0.5,0.3363347282649726,0.8078890211624605
89780,52.0901,4.2889,0.40710430671251435,0.5314217979122007,0.0,0.8831554906841382,0.0,0.4628628676277971,0.48951838346863397,0.0,0.9287133099549932,0.5,0.07193145966224863,0.4016925712973183
80642,50.835,4.372,0.31674170939320023,0.13859402661375245,0.0,0.938219067043601,0.0,0.36012386381015976,0.06139683200940479,0.0,0.9931984233320118,0.5,-0.07559339635440265,0.1750536454719791
78967,45.2426,5.7512,0.8795354632765228,0.9788850741892726,0.0,0.5368680590846399,0.0,1.0,0.9771841903629911,0.0,0.5231750982348833,0.5,0.4158197828555153,0.9300000191188706
78966,45.2426,5.7512,0.6441211735968465,0.9788850741892726,0.0,0.5368680590846399,0.0,0.732342469963985,0.9771841903629911,0.0,0.5231750982348833,0.5,0.33552252384471076,0.8066412508386721
78964,45.3039,5.5239,0.5394688657279079,0.6800235698058906,0.0,0.625621930990042,0.0,0.6133565822556274,0.6514713455070089,0.0,0.627115014071565,0.5,0.2028075589427057,0.602754408319449
78963,45.3039,5.5239,0.5682554440625346,0.6800235698058906,0.0,0.625621930990042,0.0,0.6460858803187076,0.6514713455070089,0.0,0.627115014071565,0.5,0.2126263483616298,0.6178387808577214
78163,43.0913,2.007,0.7442074253151442,0.793585689864773,0.0,0.40701549058736763,0.0,0.8461369170297662,0.7752365031126062,0.0,0.3711043800675794,0.5,0.3419845438769445,0.8165686984452093
78162,43.022,1.9678,0.7281009254992322,0.8172107977053527,0.0,0.37894591683595963,0.0,0.8278244094750276,0.8009842189338896,0.0,0.3382320211421848,0.5,0.34785857440465295,0.8255928317676295
78161,43.022,1.9678,0.7281009254992322,0.8172107977053527,0.0,0.37894591683595963,0.0,0.8278244094750276,0.8009842189338896,0.0,0.3382320211421848,0.5,0.34785857440465295,0.8255928317676295
76556,52.1125856630171,4.30704975093249,0.5668682994514362,0.7190521261379337,0.0,0.7721168768945238,0.0,0.6445087470830212,0.6940064392781508,0.0,0.7986756685074675,0.5,0.1970528836683239,0.59391363763256
74816,54.135,9.217,0.565473020910266,0.7924698150294556,0.0,0.5139831815733502,0.0,0.6429223658631298,0.774020372022507,0.0,0.49637455205711783,0.5,0.261925619955998,0.6935760786921836
74084,54.1498,9.2039,0.5660025139235051,0.8735310116482353,0.0,0.48924814469309097,0.0,0.6435243802620337,0.8623645467351636,0.0,0.4674072788964426,0.5,0.28853735892793464,0.734459060026958
73012,54.1498,9.2039,0.5596275985414934,0.8735310116482353,0.0,0.48924814469309097,0.0,0.6362763321182292,0.8623645467351636,0.0,0.4674072788964426,0.5,0.28636294448479327,0.731118558859907
72854,54.146,9.218,0.5429312497115163,0.9046939971622824,0.0,0.517311169312591,0.0,0.6172931875753379,0.8963273840933176,0.0,0.5002719681145366,0.5,0.2842290070787503,0.7278402416017664
72795,51.5562,5.2687,0.5255376743426425,0.8670894605978253,0.0,0.5390474796760827,0.0,0.597517321683498,0.8553442517585893,0.0,0.5257274239868093,0.5,0.2642321458466753,0.6971195395323856
72579,52.665,13.451,0.2991457355261271,0.6621963378823095,0.0,0.7140815283662532,0.0,0.34011787814867994,0.6320424182595293,0.0,0.7307103041568246,0.5,0.10043942238596264,0.4454886760597734
56233,42.95,-0.045,0.853951168426519,0.9542668129166325,0.0,0.3595040442783441,0.0,0.9709115823997648,0.9503540908121527,0.0,0.31546358801399527,0.5,0.4315424592208683,0.954154392685186
55007,43.0913,2.007,0.7967716873884766,0.793585689864773,0.0,0.40701549058736763,0.0,0.9059005812230387,0.7752365031126062,0.0,0.3711043800675794,0.5,0.3599136431349262,0.844112746997856
55006,43.0913,2.007,0.7967716873884766,0.793585689864773,0.0,0.40701549058736763,0.0,0.9059005812230387,0.7752365031126062,0.0,0.3711043800675794,0.5,0.3599136431349262,0.844112746997856
55005,43.0913,2.007,0.7967716873884766,0.793585689864773,0.0,0.40701549058736763,0.0,0.9059005812230387,0.7752365031126062,0.0,0.3711043800675794,0.5,0.3599136431349262,0.844112746997856
55004,43.0913,2.007,0.7967716873884766,0.793585689864773,0.0,0.40701549058736763,0.0,0.9059005812230387,0.7752365031126062,0.0,0.3711043800675794,0.5,0.3599136431349262,0.844112746997856
48258,49.201,10.583,0.6432917782469876,0.5558559741371207,0.0,0.6052387225021413,0.0,0.7313994774588628,0.5161478587714212,0.0,0.6032441797154924,0.5,0.2079701809731903,0.6106856216961236
48103,52.035,4.339,0.5402874795880421,0.5747256073706462,0.0,0.8823110056774958,0.0,0.6142873165970087,0.5367128423231211,0.0,0.9277243311236324,0.5,0.12930575589133803,0.4898353373263727
47356,52.1595,4.3595,0.40255756180300395,0.754426186329336,0.0,0.5684120898938712,0.0,0.45769338316770214,0.7325586971302299,0.0,0.5601164038599017,0.5,0.18643022865388292,0.5775943055085259
46532,52.1195629983435,4.30924988002516,0.4663725012911139,0.780034192617445,0.0,0.7141951955360514,0.0,0.5302486605301191,0.7604674657633762,0.0,0.730843420107809,0.5,0.1895649515837084,0.582410105752354
45809,49.5498,8.5448,0.5639411346429302,0.908818544188736,0.0,0.6204302713808875,0.0,0.6411806666010795,0.9008225028223096,0.0,0.6210350465023374,0.5,0.27440456871055063,0.7127471907171432
44963,52.8176,6.4326,0.5789944579384356,0.8845325503350162,0.0,0.3446841942882683,0.0,0.658295750556225,0.8743545233996316,0.0,0.2981080188696708,0.5,0.3213611531863248,0.7848854740774405
44962,52.8176,6.4326,0.5321868100204791,0.8845325503350162,0.0,0.3446841942882683,0.0,0.6050771483823176,0.8743545233996316,0.0,0.2981080188696708,0.5,0.30539557253415256,0.7603579324353886
44961,52.8176,6.4326,0.5321868100204791,0.8845325503350162,0.0,0.3446841942882683,0.0,0.6050771483823176,0.8743545233996316,0.0,0.2981080188696708,0.5,0.30539557253415256,0.7603579324353886
44960,52.8176,6.4326,0.5321868100204791,0.8845325503350162,0.0,0.3446841942882683,0.0,0.6050771483823176,0.8743545233996316,0.0,0.2981080188696708,0.5,0.30539557253415256,0.7603579324353886
35584,52.3312,4.5648,0.48389208921771815,0.8409918310639761,0.0,0.6094898486959525,0.0,0.5501677981409423,0.8269018694684861,0.0,0.6082226858844042,0.5,0.23054240392674358,0.6453627906954004
35054,52.8176,6.4326,0.5944336036100396,0.8845325503350162,0.0,0.3446841942882683,0.0,0.675849500593874,0.8743545233996316,0.0,0.2981080188696708,0.5,0.3266272781976195,0.7929756966205967
33361,52.5481,4.6178,0.6014175773604437,0.741706728125072,0.0,0.5389862090142715,0.0,0.6837900260667035,0.7186964537299455,0.0,0.5256556697377248,0.5,0.25596277079183866,0.6844154954120951
31643,52.8176,6.4326,0.5321868100204791,0.8845325503350162,0.0,0.3446841942882683,0.0,0.6050771483823176,0.8743545233996316,0.0,0.2981080188696708,0.5,0.30539557253415256,0.7603579324353886
31634,52.8359,6.4453,0.5995710676698891,0.8764646278653064,0.0,0.455456960072488,0.0,0.6816906113555834,0.8655617349637021,0.0,0.42783432494992907,0.5,0.3067224684051112,0.762396410987384
25593,52.1767,5.7789,0.4938885232434524,0.7477823311894146,0.0,0.5085475909112016,0.0,0.5615333819554876,0.7253179219661631,0.0,0.4900089161269068,0.5,0.226288157659151,0.6388270933877221
1106773,50.2171,17.082,0.6684765299429899,0.9393924070726987,0.385355414100509,0.4428663608803742,0.0,0.7600336289485388,0.9341432875741578,0.0010273503251678783,0.41308943785636615,0.5,0.3493770248346126,0.8279255910304227
1106772,50.2171,17.082,0.6684765299429899,0.9393924070726987,0.385355414100509,0.4428663608803742,0.0,0.7600336289485388,0.9341432875741578,0.0010273503251678783,0.41308943785636615,0.5,0.3493770248346126,0.8279255910304227
1105813,43.6337,1.5425,0.7017882171780542,0.5556652200008554,3.690444034852325,0.6923913662903405,0.0,0.7979078121121927,0.5159399662476944,0.009838654759967948,0.705308892677478,0.5,0.21059327034196618,0.6147154114748449
1105246,43.6207,3.8725,0.443176256632624,0.3417197696933231,0.0,0.89853909576449,0.0,0.5038753695975656,0.28277249488855855,0.0,0.9467290943144718,0.5,0.02984637045423856,0.3370382501957244
1104964,43.6337,1.5425,0.7017882171780542,0.5556652200008554,3.690444034852325,0.6923913662903405,0.0,0.7979078121121927,0.5159399662476944,0.009838654759967948,0.705308892677478,0.5,0.21059327034196618,0.6147154114748449
1104449,43.6337,1.5425,0.6970452549332726,0.5556652200008554,3.690444034852325,0.6923913662903405,0.0,0.7925152356410717,0.5159399662476944,0.009838654759967948,0.705308892677478,0.5,0.20897549740062982,0.612230065401283
1104447,43.6337,1.5425,0.6970452549332726,0.5556652200008554,3.690444034852325,0.6923913662903405,0.0,0.7925152356410717,0.5159399662476944,0.009838654759967948,0.705308892677478,0.5,0.20897549740062982,0.612230065401283
1103270,52.4939,13.4288,0.35767847685296256,0.26737932880697385,23.831195962973098,0.9091063616839984,0.0,0.40666748731257213,0.20175290509930502,0.06353352262831878,0.9591044499662029,0.5,-0.03413389955199629,0.23874688384732032
1103104,51.9892,4.4694,0.4755980974568044,0.26284124518918345,23.762739604178105,0.86631568858004,0.0,0.5407378295868419,0.19680709540596725,0.06335101925638094,0.9089921690534231,0.5,0.012404093518254736,0.3102420951920329
1102373,50.843,4.3643,0.24325053827651988,0.09406296540102771,131.5540104348514,0.9429221621072624,0.0,0.27656706117379465,0.012864858438642815,0.3507205308451498,0.9987062315503386,0.5,-0.18376370793978164,0.008874169783248818
1101544,50.2218,17.0921,0.6147397656985343,0.8876487588035101,0.7658242564129106,0.4684718704837212,0.0,0.6989368722080309,0.8777507089589983,0.002041673141361512,0.44307612413822106,0.5,0.31224898565315345,0.7708866679276118
1101324,50.2454,17.0756,0.5929434984871407,0.9952355939147057,0.23476892001513402,0.3599246176408262,0.0,0.6741553049813994,0.9950037295693954,0.0006258895489501337,0.3159561226940162,0.5,0.3534789275728762,0.8342272465991302
1101316,50.2454,17.0756,0.5929434984871407,0.9952355939147057,0.23476892001513402,0.3599246176408262,0.0,0.6741553049813994,0.9950037295693954,0.0006258895489501337,0.3159561226940162,0.5,0.3534789275728762,0.8342272465991302
1100416,42.7168,2.1621,0.6762988208958106,0.9977342679777805,0.22234146307015953,0.1454198978758826,0.0,0.7689272907500544,0.99772689807894,0.000592758181214635,0.06474902558051947,0.5,0.4202790062714305,0.9368506179419204
1095920,42.7298,2.1539,0.714468601285243,0.9781754781758746,0.2763344943108044,0.23733384537517574,0.0,0.8123249500635732,0.9764108403904036,0.0007367025924573125,0.17238971507602988,0.5,0.4117943973367769,0.9238159151337311
1095915,42.7298,2.1539,0.714468601285243,0.9781754781758746,0.2763344943108044,0.23733384537517574,0.0,0.8123249500635732,0.9764108403904036,0.0007367025924573125,0.17238971507602988,0.5,0.4117943973367769,0.9238159151337311
1090418,43.6337,1.5425,0.6400382328618683,0.5556652200008554,3.495330717476862,0.6923913662903405,0.0,0.7277003140698178,0.5159399662476944,0.009318486305819842,0.705308892677478,0.5,0.1896350546200833,0.5825178033789784
1090220,44.3714,6.3118,0.49103847945308393,0.7361445365161531,0.33355834551428515,0.3687839669825166,0.0,0.5582929852809166,0.7126345246223044,0.000889260309282126,0.32633133230655603,0.5,0.24651897483201124,0.6699072164017609
1088920,50.2242,17.0896,0.5385095492588485,0.888827631148133,0.8110966817850072,0.44447022604014924,0.0,0.6122658741385429,0.8790354975967366,0.0021623685804945687,0.41496772897923784,0.5,0.29076100357776247,0.737875192389069
1088841,47.8623,2.0383,0.5773218756610959,0.7018983346483155,0.8490995602586562,0.548124318745614,0.0,0.6563940850212063,0.6753114580102303,0.002263683543587407,0.5363573364480454,0.5,0.23483975283299519,0.6519647055611884
1088516,48.5626,-1.9112,0.6161202761552101,0.7229872536610896,0.534075308039348,0.5863771403449716,0.0,0.7005064626501639,0.6982951200270572,0.0014238347803133518,0.5811553263519745,0.5,0.24726765289295466,0.6710573926913894
1085774,43.6337,1.5425,0.6295666514581197,0.5556652200008554,3.495330717476862,0.6923913662903405,0.0,0.7157945048773846,0.5159399662476944,0.009318486305819842,0.705308892677478,0.5,0.1860633118623533,0.5770306199727802
1085772,43.6337,1.5425,0.6295666514581197,0.5556652200008554,3.495330717476862,0.6923913662903405,0.0,0.7157945048773846,0.5159399662476944,0.009318486305819842,0.705308892677478,0.5,0.1860633118623533,0.5770306199727802
1076075,52.6453,13.2523,0.666330100210466,0.7434783612972512,2.7762791778115887,0.6334026734094933,0.0,0.7575932160008587,0.7206272600468792,0.007401508352332705,0.6362270640009092,0.5,0.2605204185413745,0.6914173011967996
1024960,47.6375,9.5775,0.6327678637861398,0.8960559025388836,0.9672455921126495,0.5394243002945552,0.0,0.719434167473927,0.8869131961411845,0.002578658654358361,0.5261687197019,0.5,0.3081175095913175,0.7645395795656215
1018156,50.1665,8.6684,0.6610246465360535,0.5272695884247667,0.0,0.8040142639953471,0.0,0.7515611071252846,0.4849931169329505,0.0,0.8360307907065682,0.5,0.17131199276483777,0.5543685194628133
1006438,52.5043,13.4262,0.4058457098084365,0.2549972407510701,29.659820671739258,0.9198211586676184,0.0,0.46143188848411454,0.18825834301354336,0.0790725270661042,0.9716525796733959,0.5,-0.026068240065609996,0.2511379645873769
998504,43.6207,3.8725,0.4269932646773551,0.3417197696933231,33.14147096362678,0.89853909576449,0.0,0.4854758932478769,0.28277249488855855,0.08835454161322188,0.9467290943144718,0.5,0.006655619226687545,0.3014108509274846
995732,43.0834,-0.1279,0.7864718782383417,0.9738746178755484,0.5770805383798793,0.31776989507100134,0.0,0.8941900708682144,0.9717235674455736,0.0015384859199045575,0.26658860528929584,0.5,0.4208919251444824,0.9377922306216907
991986,43.6319,1.5515,0.6186574764621968,0.5751687113974269,2.400270905296281,0.6847134882211684,0.0,0.7033911676028612,0.5371957572218722,0.006399077331774472,0.6963173074859651,0.5,0.18958887799707674,0.5824468633318635
990738,43.6337,1.5425,0.6120864748488651,0.5556652200008554,3.4902071374645223,0.6923913662903405,0.0,0.6959201765084796,0.5159399662476944,0.009304826937353496,0.705308892677478,0.5,0.1801037452253751,0.5678750795610896
989960,50.7183,2.91,0.5493609398383716,0.5062986785578468,3.7050717892769396,0.7179325005357222,0.0,0.62460351262227,0.46213806664447094,0.009877652079623316,0.7352201887916116,0.5,0.14065701171313227,0.5072740015330993
987916,43.6337,1.5425,0.5924408007300102,0.5556652200008554,3.4902071374645223,0.6923913662903405,0.0,0.673583755819234,0.5159399662476944,0.009304826937353496,0.705308892677478,0.5,0.17340281901860138,0.5575806060835717
987541,48.2102,9.7563,0.7053590911478858,0.6395947027896111,0.6777552527539872,0.606309572681349,0.0,0.8019677666210525,0.6074101295355991,0.0018068828251091818,0.6044982554545111,0.5,0.251406747487017,0.6774161852231502
987529,43.6272,5.085,0.5512353526134656,0.5562069771938921,7.38606754996718,0.796651666531532,0.0,0.6267346521309729,0.5165303978488779,0.01969111791742353,0.8274084315429705,0.5,0.13910350678658107,0.5048873888813425
984065,45.8511,8.9532,0.6006293846407201,0.5611754495025123,7.433443310542526,0.8015051385027636,0.0,0.682893879461327,0.5219452646901854,0.019817420808861466,0.8330923465922564,0.5,0.15642714386033374,0.5315012802878196
984063,45.8514,8.9533,0.6002117488063227,0.5564150798607573,7.435462955129211,0.8034169922625893,0.0,0.6824190426277539,0.516757197589402,0.01982280514354818,0.8353313240545595,0.5,0.15465075254878313,0.5287722525865497
983083,52.9652,6.1591,0.6802004591836736,0.7582688739266541,0.45079335995195036,0.512922640640016,0.0,0.7733633123214055,0.7367466326483811,0.0012018066646635054,0.49513254950572944,0.5,0.2916854080997248,0.7392953330592079
982091,47.1031,15.416,0.43808421440832546,0.478833150827113,12.786266825309012,0.8314983529412848,0.0,0.49808590181950785,0.4322048867553262,0.03408794816423242,0.8682174866845581,0.5,0.07042677959915368,0.3993809671214623
975340,54.1077,13.4141,0.512012341772152,0.641502745175364,0.9096122672519974,0.6698712854592087,0.0,0.5821395078997255,0.609489600810602,0.0024250092884235313,0.6789355609459007,0.5,0.17468891657299834,0.5595564071526623
964861,48.1911,8.1396,0.7267801944809463,0.9992276452381648,0.712221061113778,0.34609072638633565,0.0,0.8263227860915134,0.9993544484619395,0.001898768025446265,0.2997552126737961,0.5,0.40239241243678026,0.9093718694596868
962548,50.8074,6.0637,0.6362936203431496,0.6465014454520212,8.609447486572295,0.8002330389975745,0.0,0.7234428251167642,0.614937411464743,0.022952625942706684,0.8316025871860846,0.5,0.19143628713476096,0.585284994029496
957552,48.6327,9.254,0.6244273421217174,0.5257236972550055,3.604373983329843,0.724380581223186,0.0,0.7099512961029971,0.48330833450578736,0.009609193612717077,0.7427715547159902,0.5,0.170474900527404,0.5530825145777294
924651,48.8263,9.0883,0.5893637281862362,0.3916690415232467,10.435068382209396,0.876116692673616,0.0,0.6700852356659805,0.33720948054108013,0.02781969709867821,0.9204701532667435,0.5,0.09169347842531701,0.43205249046983035
922189,50.1665,8.6684,0.538327851696627,0.5272695884247667,7.428577362901628,0.8040142639953471,0.0,0.6120592905841463,0.4849931169329505,0.019804448283477865,0.8360307907065682,0.5,0.12550055814580074,0.483989502577656
916228,43.6207,3.8725,0.398783987562047,0.3417197696933231,36.851225712989425,0.89853909576449,0.0,0.4534029657843038,0.28277249488855855,0.09824467837682979,0.9467290943144718,0.5,-0.0049442863651059515,0.2835901919959301
911756,44.0632,1.9509,0.7292630120436437,0.6752769655164318,0.5773488604954699,0.5468878086296902,0.0,0.829145659831531,0.6462982805125224,0.001539201261645234,0.5349092558784754,0.5,0.2797740394434895,0.7209961808332664
911275,42.4649,1.8829,0.7200369851058877,0.7755092808109928,0.7233244216026264,0.4622832182374665,0.0,0.818656001002555,0.7555360113084346,0.0019283693767995363,0.43582857561094324,0.5,0.3187208429108737,0.7808292282295795
905246,52.0906,5.9651,0.6763686376629037,0.9149719139284183,1.3889827689042722,0.508361019078792,0.0,0.7690066698882565,0.9075287247142786,0.0037030020782689694,0.48979042131488537,0.5,0.33337501853216006,0.8033420895286227
899903,50.4707,3.7115,0.7206549648946841,0.6824768832946622,3.6300270356293125,0.5883858343601226,0.0,0.8193586216638007,0.6541450780019316,0.009677584170257122,0.5835077137171023,0.5,0.26988218210800635,0.7057995557934945
895692,44.0515,1.9506,0.7586545677298734,0.7097307786706172,0.35840935354901465,0.4693224542287646,0.0,0.8625627952551984,0.6838476113363091,0.000955512631816175,0.4440722452197452,0.5,0.31292880210131185,0.7719310537601366
880664,44.0485,1.947,0.6522909998866664,0.7611370579477995,0.3626588044414286,0.4547934097795332,0.0,0.74163126686978,0.7398725098971931,0.0009668415884010894,0.42705723928456635,0.5,0.29320555332486703,0.741630695995511
880587,48.373,3.5374,0.6603745598637674,0.5245062214685452,0.5014227331371063,0.5501598862057336,0.0,0.7508219820991436,0.4819814740833672,0.0013367836264540289,0.538741195382225,0.5,0.21466342711796038,0.6209682964771386
877604,50.9948,7.6842,0.4809599382501737,0.8646786910545062,1.0941062872031124,0.5544862863861302,0.0,0.5468340485765741,0.8527168855882065,0.002916866894292982,0.543807855134326,0.5,0.24507488432101637,0.6676886945130189
861128,47.9981,-3.6907,0.6321936076249736,0.9257609227250145,0.9776369451069901,0.4574261274157451,0.0,0.7187812589953683,0.9192870766491188,0.0026063618070507623,0.43014042251539236,0.5,0.3304138111221712,0.798792857048978
846066,43.6207,3.8725,0.40282353654361835,0.3417197696933231,38.90143936499101,0.89853909576449,0.0,0.45799578682476855,0.28277249488855855,0.1037105096198238,0.9467290943144718,0.5,-0.004659606301565353,0.2840275392033556
845150,50.7854,5.701,0.602030937967115,0.5192392041975415,6.172061027336119,0.7001440892480825,0.0,0.6844873948849959,0.4762412393790559,0.016454599238447228,0.7143881289342544,0.5,0.16395738912243518,0.5430698168957211
826350,52.6222,13.3655,0.6720521540865463,0.7432842765246962,3.412569748886131,0.6847177718848628,0.0,0.7640989842330616,0.720415737644412,0.009097847111762172,0.6963223240968951,0.5,0.25306571164413477,0.6799648123813388
805377,52.5769,12.5703,0.7122543205146624,0.6253396265196652,1.2639097926483958,0.4453402169339068,0.0,0.8098073929404848,0.591874299803688,0.003369559863304591,0.4159865778286967,0.5,0.27783889418610197,0.7180232632226856
799881,48.3566,10.7894,0.5836467135228521,0.4861824609091661,4.5598960300954445,0.7124774958543397,0.0,0.6635851968362937,0.44021449876438423,0.012156597514491973,0.7288318170473803,0.5,0.14737309168197876,0.5175917553746936
799872,48.3566,10.7894,0.5836467135228521,0.4861824609091661,4.5598960300954445,0.7124774958543397,0.0,0.6635851968362937,0.44021449876438423,0.012156597514491973,0.7288318170473803,0.5,0.14737309168197876,0.5175917553746936
795836,43.3996,3.6759,0.42674344466751846,0.45823120326320405,24.35186693839291,0.7690491249806901,0.0,0.4851918569352238,0.40975194834674983,0.06492162170862262,0.7950830153771167,0.5,0.06574876751896258,0.39219424847973866
793798,48.3566,10.7894,0.5574050756504895,0.4861824609091661,4.5598960300954445,0.7124774958543397,0.0,0.6337494040024209,0.44021449876438423,0.012156597514491973,0.7288318170473803,0.5,0.1384223538318169,0.5038409498055227
793791,48.3566,10.7894,0.5574050756504895,0.4861824609091661,4.5598960300954445,0.7124774958543397,0.0,0.6337494040024209,0.44021449876438423,0.012156597514491973,0.7288318170473803,0.5,0.1384223538318169,0.5038409498055227
793625,42.8703,2.0573,0.7332802738776215,0.9663071377032455,0.43543774186256834,0.19053359712992218,0.0,0.8337131411915347,0.9634761837606206,0.0011608688740939773,0.11758180912988513,0.5,0.42311354315331395,0.9412052495034645
793621,42.8739,2.0676,0.7420472122683313,0.9701865241826855,0.43258317740368996,0.19160342161505867,0.0,0.8436808329524221,0.9677041153877509,0.0011532586586467993,0.11883468367561341,0.5,0.426974424449593,0.9471366295661507
793160,48.0983,11.5002,0.5180785836446875,0.5832911314824789,12.898631764586868,0.8352556241319532,0.0,0.5890366054311166,0.5460479396348467,0.034387510990342,0.8726176378323289,0.5,0.12545281866512886,0.48391616154949924
790608,43.1856,2.3767,0.559015171848957,0.6874412685432816,1.0247868168296337,0.5961782458203811,0.0,0.6355800251265191,0.6595554905795737,0.002732062483033085,0.5926334292938531,0.5,0.21612145329216464,0.6232082273936588
790331,44.0515,1.9506,0.6849319571129113,0.7097307786706172,0.4690174668019716,0.4693224542287646,0.0,0.7787428542805342,0.6838476113363091,0.0012503917926082245,0.4440722452197452,0.5,0.28772384397675416,0.7332092763657044
790281,49.3321,0.5453,0.7509765701227338,0.8009352948937871,1.686509736183362,0.5682286259387967,0.0,0.853833189767164,0.7832464365682618,0.00449620340721322,0.5599015486920075,0.5,0.31707709308697085,0.7783039744894715
788240,44.0599,1.9522,0.6251680671197959,0.7115651687506811,0.43160390675392435,0.5265058784066021,0.0,0.7107934736262537,0.6858468129825229,0.0011506479414136904,0.5110399185020184,0.5,0.25781362796992136,0.6872589232521429
788098,50.355,5.9217,0.6764036975578688,0.8076154285971878,0.6413165833243173,0.44331573719401857,0.0,0.7690465317203588,0.7905267497589558,0.0017097380140660126,0.4136157037557173,0.5,0.3159613437896758,0.7765898753941924
787369,44.046,1.7685,0.5661978656809428,0.9985517570378235,0.3226409349771871,0.20465519993057443,0.0,0.64374648814238,0.9986178347953787,0.0008601546970216647,0.13411965897313802,0.5,0.37248842535618365,0.8634310856972797
787342,44.046,1.7685,0.5661978656809428,0.9985517570378235,0.3226409349771871,0.20465519993057443,0.0,0.64374648814238,0.9986178347953787,0.0008601546970216647,0.13411965897313802,0.5,0.37248842535618365,0.8634310856972797
787221,44.0599,1.9522,0.6251680671197959,0.7115651687506811,0.43160390675392435,0.5265058784066021,0.0,0.7107934736262537,0.6858468129825229,0.0011506479414136904,0.5110399185020184,0.5,0.25781362796992136,0.6872589232521429
786485,48.3566,10.7894,0.4970446704361028,0.4861824609091661,4.722821439915346,0.7124774958543397,0.0,0.565121807123579,0.44021449876438423,0.012590953609234496,0.7288318170473803,0.5,0.11774720354921579,0.47207820840825426
785385,48.3566,10.7894,0.4824158826762996,0.4861824609091661,4.722821439915346,0.7124774958543397,0.0,0.5484894047127578,0.44021449876438423,0.012590953609234496,0.7288318170473803,0.5,0.11275748282596947,0.4644126191955636
785341,51.1474,3.4556,0.5890017795310641,0.8915505137963957,1.4533059793889904,0.6573980636307118,0.0,0.669673713140415,0.8820030188082907,0.00387448655413021,0.6643281348220235,0.5,0.27097875111006764,0.7074841886576166
785151,44.5394,6.1458,0.5311315271143581,0.7885056531461025,0.5830857586061102,0.4363026336142285,0.0,0.6038773298983764,0.7697000483088171,0.0015544957246883407,0.4054026378895403,0.5,0.2624669162183485,0.6944076592594511
784983,44.0599,1.9522,0.5976742867931654,0.7115651687506811,0.43160390675392435,0.5265058784066021,0.0,0.6795340401246092,0.6858468129825229,0.0011506479414136904,0.5110399185020184,0.5,0.24843579791942805,0.6728519860986065
784468,44.0599,1.9522,0.5954723746813934,0.7115651687506811,0.43160390675392435,0.5265058784066021,0.0,0.677030545719086,0.6858468129825229,0.0011506479414136904,0.5110399185020184,0.5,0.2476847495977711,0.6716981684338461
784077,44.0538,1.7715,0.5421645963202235,0.9552922154605293,0.3389018633869812,0.21010416717509667,0.0,0.6164215304070905,0.951471621088875,0.0009035060279698173,0.14050096025761755,0.5,0.3515385191501093,0.831246243312818
784075,44.046,1.7685,0.5200342794017674,0.9985517570378235,0.3226409349771871,0.20465519993057443,0.0,0.5912601607495052,0.9986178347953787,0.0008601546970216647,0.13411965897313802,0.5,0.3567425271383212,0.839241036951537
784066,44.046,1.7685,0.5200342794017674,0.9985517570378235,0.3226409349771871,0.20465519993057443,0.0,0.5912601607495052,0.9986178347953787,0.0008601546970216647,0.13411965897313802,0.5,0.3567425271383212,0.839241036951537
784064,44.046,1.7685,0.5200342794017674,0.9985517570378235,0.3226409349771871,0.20465519993057443,0.0,0.5912601607495052,0.9986178347953787,0.0008601546970216647,0.13411965897313802,0.5,0.3567425271383212,0.839241036951537
770766,52.0747,4.7632,0.5752484271322712,0.44611627256892256,16.980066948848787,0.7405064165917392,0.0,0.6540366490616595,0.3965485464907332,0.04526854084038443,0.7616565671106053,0.5,0.12204593810651347,0.4786822520167716
769719,52.0395,4.7501,0.3530232845157849,0.5723399860288604,3.189300963229996,0.574125118415468,0.0,0.40137470205086623,0.5341128838052606,0.008502616705880704,0.5668069480689504,0.5,0.11721906601505626,0.4712668432819839
758401,50.9424,10.0215,0.6922567992151407,0.6080733034876553,1.3025600333657616,0.6078247787648018,0.0,0.7870709347367131,0.573056676548523,0.0034726006820290064,0.6062727176769275,0.5,0.23775002177019977,0.656435682477217
747136,48.2741,10.8188,0.4733173254472012,0.612473297950733,4.364408263544688,0.7616608329584128,0.0,0.5381446743306494,0.577851990407618,0.011635430785847336,0.7864305652418614,0.5,0.1356147289576507,0.49952766252104164
738297,47.4736,4.4438,0.7023970534953111,0.6596193286515885,1.066487632571178,0.45753385568574323,0.0,0.7986000369771106,0.6292338765254909,0.0028432360777050085,0.43026658340366064,0.5,0.2817798454984158,0.7240776529456754
735437,53.8341,13.8419,0.6689342248062016,0.7272894043334155,1.801728503752529,0.1700832016912161,0.0,0.7605540114485311,0.7029837992779143,0.00480337448616101,0.09363229194159232,0.5,0.33890663456556686,0.8118401796114768
733917,48.2741,10.8188,0.6859419411949849,0.612473297950733,4.274420836304125,0.7616608329584128,0.0,0.7798911696404528,0.577851990407618,0.011395525988214205,0.7864305652418614,0.5,0.2081866585101183,0.6110181909848483
729679,48.0599,2.2307,0.8618182221988133,0.9363375179190196,0.9327041158446358,0.2754810650934164,0.0,0.9798561379074954,0.9308139305898335,0.0024865717247934713,0.2170640343118535,0.5,0.44360340452797026,0.9726833359605566
726960,50.9387,6.9136,0.5454869486784832,0.42558889565408964,22.304026630881395,0.8700130829894092,0.0,0.620198924835148,0.37417687856328957,0.05946211775764111,0.9133221983296045,0.5,0.08071314379039791,0.41518366365613096
726556,49.0595,3.9507,0.5631672294215843,0.42041449478688053,14.3201201943325,0.7868188423748509,0.0,0.6403007643644342,0.368537581423428,0.038177172552332286,0.815893182761806,0.5,0.10420521274044993,0.4512739701713506
722770,51.1434,6.864,0.7427689842745525,0.7032604960620835,3.704439972239209,0.740990696451332,0.0,0.8445014616096596,0.6767960034024073,0.009875967667220095,0.762223708653468,0.5,0.25624068950203543,0.6848424553132704
722044,47.3149,-1.554,0.716945957355849,0.733813091544989,3.0945366608798697,0.6687896585077634,0.0,0.8151416142846803,0.7100936099743981,0.008249976848566237,0.6776688644977756,0.5,0.268765561734624,0.7040841184847504
720193,47.3091,-1.534,0.691248686320629,0.7219724335637575,3.2311194264157868,0.6286962223977877,0.0,0.7859247468493523,0.6971891229813653,0.008614103946438164,0.6307153256221313,0.5,0.2637445851675396,0.6963705116629294
714840,48.7484,2.3479,0.44402705290785316,0.2746920489276972,54.05296379367512,0.8974526095370337,0.0,0.5048426941805445,0.20972263970621158,0.14410419030790086,0.9454567071541696,0.5,-0.016755875953989377,0.26544432797683803
714230,45.8257,-0.649,0.7304822626440256,0.7029066052031211,0.4896427732060102,0.5226626453664568,0.0,0.8305319036514672,0.6764103170669289,0.0013053784736448363,0.5065390971839442,0.5,0.29202021008985185,0.7398096813897563
714095,44.0632,1.9509,0.6713312832710382,0.6752769655164318,2.308303358852864,0.5468878086296902,0.0,0.7632793801970599,0.6462982805125224,0.006153893573388524,0.5349092558784754,0.5,0.2590912170907996,0.6892216530172836
712274,47.74,16.5021,0.49147034646378973,0.5277125098219352,2.4705571050048887,0.6821884018482557,0.0,0.5587840024470659,0.48547583279365325,0.006586459025357267,0.6933601715385821,0.5,0.1336828413966743,0.4965597496319377
710090,47.1773,9.6506,0.5321102169836591,0.9852924601481237,0.6014297933840793,0.4117757141080677,0.0,0.6049900648706027,0.9841672506706527,0.0016034005782454832,0.37667909158701274,0.5,0.3207162882751429,0.7838947834594729
709549,47.3103,9.5915,0.554930300277837,0.6271897591085233,1.3896135819660715,0.7728005360654994,0.0,0.6309356739415166,0.5938906583511732,0.0037046838140911385,0.7994763037379836,0.5,0.16709098444673248,0.5478838848260086
709548,47.3103,9.5915,0.554930300277837,0.6271897591085233,1.3896135819660715,0.7728005360654994,0.0,0.6309356739415166,0.5938906583511732,0.0037046838140911385,0.7994763037379836,0.5,0.16709098444673248,0.5478838848260086
709547,47.3103,9.5915,0.554930300277837,0.6271897591085233,1.3896135819660715,0.7728005360654994,0.0,0.6309356739415166,0.5938906583511732,0.0037046838140911385,0.7994763037379836,0.5,0.16709098444673248,0.5478838848260086
708700,46.5598,5.8979,0.5949868723565775,0.8733130966967398,0.4163830518244457,0.39484123888223066,0.0,0.6764785471413286,0.8621270531210741,0.001110069426907457,0.35684707871902277,0.5,0.3147262517294322,0.7746924328520529
700279,47.474,4.4438,0.7609440016510439,0.659334489848398,0.9633518588649972,0.4575815261747428,0.0,0.8651657987914535,0.628923446257451,0.002568278034359989,0.43032241045106867,0.5,0.30171858402726653,0.7547090624891695
691544,50.7756,3.0142,0.43133194029106875,0.41806061954907736,26.47132781794801,0.8434119310717995,0.0,0.4904088104466341,0.3659722212519239,0.07057206476486992,0.882169512456676,0.5,0.042175858625495846,0.3559797494831026
680213,51.4261,5.4756,0.42450299365875227,0.4592336550410737,26.35408146500143,0.845762698094858,0.0,0.48264454519816224,0.4108444658359947,0.07025948818123588,0.8849225025097609,0.5,0.05071420700573602,0.36909701092277314
680209,51.4261,5.4756,0.42450299365875227,0.4592336550410737,26.35408146500143,0.845762698094858,0.0,0.48264454519816224,0.4108444658359947,0.07025948818123588,0.8849225025097609,0.5,0.05071420700573602,0.36909701092277314
680208,51.4261,5.4756,0.42450299365875227,0.4592336550410737,26.35408146500143,0.845762698094858,0.0,0.48264454519816224,0.4108444658359947,0.07025948818123588,0.8849225025097609,0.5,0.05071420700573602,0.36909701092277314
679588,51.4213,5.4732,0.6300824405346962,0.551615549262314,16.35874049443055,0.8165632672197235,0.0,0.7163809383961139,0.5115264510989241,0.043612096136027706,0.850726964642125,0.5,0.15646443037004087,0.5315585626654201
668112,52.457,10.1972,0.5876749903938522,0.36003786445787106,2.431956565645616,0.773668434738203,0.0,0.6681652018948658,0.3027363867601881,0.006483550709523768,0.8004927023813208,0.5,0.10476304175940394,0.4521309496191778
665979,42.4378,8.9433,0.5009080356796588,0.8376308637077463,0.3299637841147798,0.0901309679579218,0.0,0.5695143136282785,0.8232389345537859,0.0008796772758343215,0.0,0.5,0.3264880922717632,0.7927618685947453
663278,44.0635,1.9515,0.6969024221404303,0.6768357719713881,2.298954074278184,0.5485431177721652,0.0,0.7923528399233252,0.6479971386042369,0.006128968555609017,0.5368477931981308,0.5,0.2679521739372153,0.7028345301668106
659799,42.6831,2.4802,0.6394978032321591,0.9705939871536962,0.3176846284950493,0.2464163977226648,0.0,0.727085865133676,0.9681481870447386,0.000846941276657658,0.18302631837359043,0.5,0.3825394702899174,0.8788722668562466
654502,47.2917,9.5858,0.6481444337504011,0.5048948097106243,3.418207624610024,0.7594114866431366,0.0,0.7369167711963274,0.4606080665965325,0.009112877582974617,0.7837963492727086,0.5,0.16683502010053014,0.5474906528918162
654134,52.457,10.1972,0.5845375864553314,0.36003786445787106,2.6228052585538815,0.773668434738203,0.0,0.6645980871285856,0.3027363867601881,0.006992349754620438,0.8004927023813208,0.5,0.10359114752050048,0.45033059638611994
653263,47.2114,9.6978,0.7772155041769305,0.7655656682357244,2.4366352813037695,0.6017546678454148,0.0,0.8836659084576067,0.7446990105822331,0.0064960240779439096,0.5991639932400614,0.5,0.31010072138124234,0.7675863406463574
651289,50.4668,3.6836,0.6499917456615507,0.8066192297600787,2.9371438564553904,0.5742506052807597,0.0,0.7390170980032396,0.7894410470086249,0.007830370576309741,0.5669539060994792,0.5,0.2824562311229443,0.7251167680854966
649781,48.2741,10.8188,0.653511429208414,0.612473297950733,4.52858207119045,0.7616608329584128,0.0,0.7430188508532627,0.577851990407618,0.01207311508583989,0.7864305652418614,0.5,0.19698944505443616,0.5938161783996173
649776,48.2741,10.8188,0.653511429208414,0.612473297950733,4.52858207119045,0.7616608329584128,0.0,0.7430188508532627,0.577851990407618,0.01207311508583989,0.7864305652418614,0.5,0.19698944505443616,0.5938161783996173
649755,49.3916,8.435,0.4030408695763669,0.3296854173805428,3.1062223589322615,0.812855697253722,0.0,0.4582428866198569,0.2696569110134049,0.008281130700970156,0.8463850187421698,0.5,0.026273114787788807,0.33154874254386085
648302,51.664,5.5152,0.6243617850508408,0.6478251082297481,1.6625127447254284,0.7057582568173847,0.0,0.7098767600852767,0.6163799992943565,0.004432227876896864,0.7209628967964189,0.5,0.20802714775432996,0.6107731384064179
648273,51.664,5.5152,0.6243617850508408,0.6478251082297481,1.7247344166893255,0.7057582568173847,0.0,0.7098767600852767,0.6163799992943565,0.004598109690374969,0.7209628967964189,0.5,0.20799397139163434,0.610722170349867
648243,51.664,5.5152,0.6243617850508408,0.6478251082297481,1.7247344166893255,0.7057582568173847,0.0,0.7098767600852767,0.6163799992943565,0.004598109690374969,0.7209628967964189,0.5,0.20799397139163434,0.610722170349867
647710,42.9143,3.0548,0.43535712003985677,0.7102417213295742,1.9766897572787516,0.4911998126067614,0.0,0.49498529418930554,0.6844044598583378,0.0052698179150706724,0.4696928828293535,0.5,0.198088807213959,0.5955051023250821
646263,52.1988,5.8445,0.5758807510263221,0.835570254524906,1.0756178877141442,0.5272240281747432,0.0,0.6547555784516073,0.8209931890521561,0.0028675771671169393,0.5118809457705332,0.5,0.2743193134995179,0.7126162151651502
646232,52.1988,5.8445,0.5758807510263221,0.835570254524906,1.0756178877141442,0.5272240281747432,0.0,0.6547555784516073,0.8209931890521561,0.0028675771671169393,0.5118809457705332,0.5,0.2743193134995179,0.7126162151651502
646040,52.2,5.8409,0.5740053919911121,0.8186687372137681,1.098455236656056,0.5319080811209661,0.0,0.6526233630793883,0.8025731476448444,0.002928461112178954,0.5173664537101066,0.5,0.26823963555607583,0.7032761506114849
645116,51.9892,4.4694,0.4430485985730926,0.26284124518918345,28.018077903777225,0.86631568858004,0.0,0.5037302270025691,0.19680709540596725,0.07469567155871565,0.9089921690534231,0.5,-0.0009671177174940676,0.28970022154931757
642975,48.2741,10.8188,0.5811940687894522,0.612473297950733,4.13047924752443,0.7616608329584128,0.0,0.6607966285115293,0.577851990407618,0.011011780405235498,0.7864305652418614,0.5,0.17253504528803704,0.5562474659506822
642477,51.9892,4.4694,0.431426148644276,0.26284124518918345,30.422002082854384,0.86631568858004,0.0,0.49051592193575616,0.19680709540596725,0.08110448845004833,0.9089921690534231,0.5,-0.006213172615804466,0.28164083224315467
640057,48.4897,4.8063,0.6640578749412318,0.951336592362241,0.49048063242622697,0.44083981765465097,0.0,0.7550097780792432,0.9471606033310684,0.0013076121906521446,0.41071614722916316,0.5,0.35142413973403513,0.831070524937654
638083,51.5121,4.4359,0.5127985738460784,0.43116622770535457,8.296956235882254,0.8113039438903566,0.0,0.5830334253217672,0.38025530841283484,0.022119530114124927,0.844567755894647,0.5,0.08886478529271684,0.4277068365212534
635974,50.8651,4.3973,0.3756083619317617,0.3805458405584398,67.92496265721911,0.9250392008249403,0.0,0.42705311794081896,0.32508691079886104,0.18108667977533385,0.977763443921013,0.5,-0.023494189461257767,0.25509241727923115
634622,49.4218,8.6781,0.42709431054817687,0.40147586795022133,16.244488223885988,0.8579701502955693,0.0,0.4855907787471441,0.3478974055086302,0.0433075017200673,0.8992186850546153,0.5,0.03910728189909503,0.35126556807759346
633879,50.3386,6.3109,0.6978781028234937,0.886485763037255,0.26749395533471604,0.3107269233562113,0.0,0.7934621535596722,0.8764832233376434,0.0007131338809265726,0.2583405607639184,0.5,0.3682657410115394,0.8569438762207855
631490,47.5959,7.66,0.5172781410017898,0.5162539616477774,7.20506288108988,0.8014451145217341,0.0,0.5881265311062954,0.4729877864277467,0.01920856285624176,0.8330220523346374,0.5,0.11588988551738132,0.4692248549123289
631471,52.457,10.1972,0.4120631572206212,0.36003786445787106,1.3941810630525127,0.773668434738203,0.0,0.4685009012434443,0.3027363867601881,0.003716860633223955,0.8004927023813208,0.5,0.04541708957923739,0.3609591754696287
631174,49.4207,8.6789,0.41360998222039874,0.4022652250194572,17.417663935903352,0.8537801804834484,0.0,0.4702595853037949,0.34875768270344143,0.04643516622176738,0.8943117993010081,0.5,0.03483349312749413,0.34469984808603693
630956,48.7043,-2.9878,0.5969878923455766,0.5284374930066257,0.2211467219285985,0.6176406787523371,0.0,0.6787536344715708,0.4862659524045596,0.0005895730236811948,0.6177681465147042,0.5,0.18240944186066926,0.5714172664359793
630955,48.7043,-2.9878,0.5969878923455766,0.5284374930066257,0.2211467219285985,0.6176406787523371,0.0,0.6787536344715708,0.4862659524045596,0.0005895730236811948,0.6177681465147042,0.5,0.18240944186066926,0.5714172664359793
630910,49.4207,8.6789,0.41360998222039874,0.4022652250194572,17.417663935903352,0.8537801804834484,0.0,0.4702595853037949,0.34875768270344143,0.04643516622176738,0.8943117993010081,0.5,0.03483349312749413,0.34469984808603693
630839,49.4207,8.6789,0.41360998222039874,0.4022652250194572,17.417663935903352,0.8537801804834484,0.0,0.4702595853037949,0.34875768270344143,0.04643516622176738,0.8943117993010081,0.5,0.03483349312749413,0.34469984808603693
630734,49.4316,8.7051,0.6590828170940166,0.9852063428664196,1.4307280675958083,0.5629287186647572,0.0,0.7493533173054142,0.9840733961447145,0.003814294263653431,0.5536948119696589,0.5,0.33700726357962335,0.8089222211628375
627809,48.2741,10.8188,0.49111733025581816,0.612473297950733,4.209829750019937,0.7616608329584128,0.0,0.5583826357907897,0.577851990407618,0.011223327360482718,0.7864305652418614,0.5,0.14176853808076567,0.5089816130420273
626512,48.2741,10.8188,0.3792714840266483,0.612473297950733,6.34613834546097,0.7616608329584128,0.0,0.4312179552303131,0.577851990407618,0.016918686112112568,0.7864305652418614,0.5,0.1024800621622967,0.44862366238948453
625696,41.7904,9.2259,0.7099219343087136,0.9505533369486915,0.35726918890770465,0.13777126582541713,0.0,0.8071555542104579,0.9463069759978244,0.0009524729742114443,0.05579169048601822,0.5,0.42016416209484847,0.9366741855662472
579036,44.7836,2.0811,0.8179911226715892,0.8510322876190247,0.4841963686541683,0.30247577108077695,0.0,0.9300263114170938,0.8378444151635067,0.001290858460995238,0.24867761249301495,0.5,0.4009091836498535,0.9070932203689577
574915,50.4595,3.6962,0.6891428182684589,0.7068233837047527,5.790057041988514,0.6094142152272385,0.0,0.7835304510647059,0.6806790002185757,0.015436183759639585,0.6081341113106554,0.5,0.26092153192552947,0.69203352214406
571775,51.8223,3.9049,0.5034827792819896,0.5357562140437826,2.6607152667946403,0.5900936852230223,0.0,0.572441703949459,0.4942422270828191,0.007093417127409711,0.5855077827973629,0.5,0.15604821711045613,0.5309191441388506
568272,50.1305,8.8175,0.6613916578269433,0.6507507387630989,5.128608704046245,0.7833844246402863,0.0,0.7519783856844942,0.6195684843619842,0.013672774864365819,0.8118711262293413,0.5,0.20597041288856993,0.6076134255738173
562002,48.7043,-2.9879,0.5872256598342181,0.5287438077111949,0.7352930215479234,0.617532887125528,0.0,0.6676543293054195,0.4865997880855795,0.0019602774403577094,0.6176419114290915,0.5,0.17890790361058545,0.5660379365443049
561723,48.7181,1.8306,0.7989900934158307,0.7220582800033277,1.5338764003050291,0.5630056509328107,0.0,0.9084228286138261,0.6972826823312416,0.004089285789065614,0.5537849075710669,0.5,0.31296192587348504,0.7719819410231192
560580,52.0149,5.0378,0.5297491317423362,0.3485550726305205,14.21030704909339,0.8552562044933436,0.0,0.6023055963756915,0.2902219185596347,0.037884412761393725,0.8960403752838672,0.5,0.061264219707757264,0.3853047443908193
559743,44.1464,1.8777,0.7296293932107496,0.8085219457738783,0.7798868301849441,0.4904503836825088,0.0,0.8295622219627963,0.7915147133614941,0.0020791636999699025,0.46881522445073753,0.5,0.32600922852160785,0.792026201610331
556934,48.8205,2.1781,0.7958007163621261,0.9103582047929102,13.214362067899271,0.7169418052912158,0.0,0.9047966222959781,0.9025004948960393,0.03522924207262218,0.7340599827282236,0.5,0.3299092645890453,0.7980177342162287
556932,48.8205,2.1781,0.7958007163621261,0.9103582047929102,13.214362067899271,0.7169418052912158,0.0,0.9047966222959781,0.9025004948960393,0.03522924207262218,0.7340599827282236,0.5,0.3299092645890453,0.7980177342162287
554244,50.4587,3.6857,0.6971181952736942,0.7753902914840339,3.783395048048069,0.5957325230769025,0.0,0.7925981661691369,0.7554063313341897,0.01008646042231794,0.5921114421010798,0.5,0.2857970242846629,0.7302491491229747
552016,51.5935,4.4318,0.5425327069049952,0.42397622629397114,1.2454502829696945,0.7286583666028404,0.0,0.6168400588236712,0.3724193182305193,0.0033203471558222795,0.747781281534473,0.5,0.11532558554339577,0.4683579342902683
551801,49.1221,-1.1102,0.7028658575259112,0.6218457882920517,7.945951048796782,0.7281427691976067,0.0,0.7991330501984918,0.5880665561769853,0.02118375685159119,0.7471774639234201,0.5,0.22044318314496258,0.6298475981274616
549661,45.7681,4.8632,0.3084326294565118,0.10205001049916557,58.23684251483941,0.9364854713315914,0.0,0.3506767405460963,0.02156950304074689,0.155258332710919,0.9911682043845709,0.5,-0.11913149927585381,0.10816709397805996
549130,51.5121,4.4359,0.5780095685976355,0.43116622770535457,8.60807126043918,0.8113039438903566,0.0,0.6571759670092022,0.38025530841283484,0.022948956949580792,0.844567755894647,0.5,0.11094166243185614,0.46162301753299945
549123,51.5121,4.4359,0.5780095685976355,0.43116622770535457,8.60807126043918,0.8113039438903566,0.0,0.6571759670092022,0.38025530841283484,0.022948956949580792,0.844567755894647,0.5,0.11094166243185614,0.46162301753299945
549122,51.5121,4.4359,0.5780095685976355,0.43116622770535457,8.60807126043918,0.8113039438903566,0.0,0.6571759670092022,0.38025530841283484,0.022948956949580792,0.844567755894647,0.5,0.11094166243185614,0.46162301753299945
549120,51.5121,4.4359,0.5780095685976355,0.43116622770535457,8.60807126043918,0.8113039438903566,0.0,0.6571759670092022,0.38025530841283484,0.022948956949580792,0.844567755894647,0.5,0.11094166243185614,0.46162301753299945
549119,51.5121,4.4359,0.5780095685976355,0.43116622770535457,8.60807126043918,0.8113039438903566,0.0,0.6571759670092022,0.38025530841283484,0.022948956949580792,0.844567755894647,0.5,0.11094166243185614,0.46162301753299945
548678,47.7284,8.538,0.758887781665871,0.957448100951614,0.5278903730031611,0.4821014005759917,0.0,0.8628279510627072,0.9538212030396642,0.0014073458592081419,0.4590377062108776,0.5,0.378166560975255,0.8721542703330379
545113,51.512,7.0952,0.4501405833006279,0.34399121154374956,25.75219865604093,0.9189591499767138,0.0,0.5117935570485409,0.2852480154095228,0.06865487987193822,0.9706430788047622,0.5,0.015522633171841035,0.31503303345366895
543199,43.6108,3.8767,0.2812586516682847,0.16200052243208718,66.24511007967675,0.9188507446151338,0.0,0.3197809109601053,0.08690629451722777,0.17660822422852243,0.9705161249725861,0.5,-0.11323821667425389,0.1172208038034809
539879,51.5121,4.4359,0.576490762495708,0.43116622770535457,8.659031288650462,0.8113039438903566,0.0,0.6554491394219785,0.38025530841283484,0.023084815431485422,0.844567755894647,0.5,0.11039644245930812,0.4607854090631233
539657,47.9984,10.9503,0.6247746045346692,0.6269978137015825,0.6299206441708959,0.5745737906800558,0.0,0.710346120902509,0.5936814675265445,0.0016793566534662437,0.567332389454417,0.5,0.2260884734035331,0.6385203232174644
538934,46.4883,0.2575,0.7150090368963645,0.7218184505530296,0.31790609846816253,0.5927675877000902,0.0,0.8129394058003643,0.6970213053007739,0.0008475317114629503,0.588639197714316,0.5,0.2796717620658628,0.7208390545317913
538267,51.4213,5.4732,0.4598194257420878,0.551615549262314,19.444558364573066,0.8165632672197235,0.0,0.5227980507222848,0.5115264510989241,0.05183882885159013,0.850726964642125,0.5,0.0967442175247797,0.4398118207619207
538260,51.4213,5.4732,0.4598194257420878,0.551615549262314,19.444558364573066,0.8165632672197235,0.0,0.5227980507222848,0.5115264510989241,0.05183882885159013,0.850726964642125,0.5,0.0967442175247797,0.4398118207619207
538249,51.4213,5.4732,0.4598194257420878,0.551615549262314,19.444558364573066,0.8165632672197235,0.0,0.5227980507222848,0.5115264510989241,0.05183882885159013,0.850726964642125,0.5,0.0967442175247797,0.4398118207619207
537466,47.3977,8.5469,0.4471647761831084,0.5605221679248602,31.287273085489385,0.8615998569087109,0.0,0.5084101720211381,0.5212332887480577,0.08341128475649273,0.9034694449570552,0.5,0.08062870009849905,0.4150539348216726
537231,45.769,4.8657,0.246649796457256,0.10075358920357824,52.59662259965316,0.9357843766810076,0.0,0.28043189473954183,0.020156604215958985,0.14022161192833876,0.9903471504135068,0.5,-0.13742767547184148,0.08005911386044674
537126,44.0619,1.9524,0.6904372103563536,0.6878157939672132,2.0604586806397207,0.5387367806734815,0.0,0.7850021280373122,0.6599636654013907,0.0054931442976900394,0.5253635634871194,0.5,0.2705883913789354,0.7068844882916031
536590,48.8205,2.1781,0.5708787115863786,0.9103582047929102,13.69369918498756,0.7169418052912158,0.0,0.6490684405830449,0.9025004948960393,0.036507145859844554,0.7340599827282236,0.5,0.2529352293177209,0.6797643554882015
536588,48.8205,2.1781,0.5708787115863786,0.9103582047929102,13.69369918498756,0.7169418052912158,0.0,0.6490684405830449,0.9025004948960393,0.036507145859844554,0.7340599827282236,0.5,0.2529352293177209,0.6797643554882015
536586,48.8205,2.1781,0.5708787115863786,0.9103582047929102,13.69369918498756,0.7169418052912158,0.0,0.6490684405830449,0.9025004948960393,0.036507145859844554,0.7340599827282236,0.5,0.2529352293177209,0.6797643554882015
535794,48.8688,2.0913,0.4930930341680923,0.7200006053045737,27.48574319961257,0.7919243926691231,0.0,0.5606289396577357,0.6950401349636836,0.07327647719577084,0.8218723074635677,0.5,0.15401257407955227,0.5277918341902422
534408,48.8022,2.3811,0.31225932197520606,0.29272854442526064,60.16298622726752,0.9340807765275986,0.0,0.35502755148945353,0.2293796319035317,0.16039339581598014,0.988352059351413,0.5,-0.066478314643189,0.18905692860418893
534203,48.9271,8.9226,0.5132988631066453,0.5433803563229742,1.4513130060767414,0.7317174769168537,0.0,0.5836022361104796,0.502551363706038,0.0038691733245622044,0.7513638144623046,0.5,0.13724010492539523,0.5020246889431543
533920,48.2741,10.8188,0.5262337237056076,0.612473297950733,4.45429580694541,0.7616608329584128,0.0,0.5983087046260028,0.577851990407618,0.01187506929503197,0.7864305652418614,0.5,0.15361601034441974,0.5271826027605123
533324,42.8855,2.8523,0.4922884904134906,0.8492258283268732,0.36005539003266995,0.35463371595734844,0.0,0.559714202517286,0.8358756537588649,0.0009599009342892794,0.30975993244479544,0.5,0.2802272041413249,0.7216923669751312
531168,46.5211,0.2133,0.597307945915157,0.7131174391422657,0.33681936579531196,0.5050781851047875,0.0,0.6791175238005901,0.6875385477754394,0.0008979541283476034,0.4859458849624036,0.5,0.2525484205140068,0.6791701103274832
527769,51.963,6.7811,0.6530306412061769,0.6996091833068603,0.832840281375675,0.5892233659277398,0.0,0.7424722122897124,0.6728166368813947,0.00222033661024688,0.5844885493559293,0.5,0.2528284731818236,0.6796003485769708
527767,51.963,6.7811,0.6530306412061769,0.6996091833068603,0.832840281375675,0.5892233659277398,0.0,0.7424722122897124,0.6728166368813947,0.00222033661024688,0.5844885493559293,0.5,0.2528284731818236,0.6796003485769708
512870,44.2391,1.7714,0.7804674299751525,0.8576998994112176,1.7815500029957194,0.407415110285382,0.0,0.8873632304349465,0.8451110814064917,0.0047495789806215405,0.37157237585059794,0.5,0.37080096730839285,0.8608386840528851
506884,48.2741,10.8188,0.7020267756911293,0.612473297950733,5.042966192024757,0.7616608329584128,0.0,0.7981790445104708,0.577851990407618,0.013444453529426637,0.7864305652418614,0.5,0.21326323546288123,0.6188172153561313
506882,48.2741,10.8188,0.7020267756911293,0.612473297950733,5.042966192024757,0.7616608329584128,0.0,0.7981790445104708,0.577851990407618,0.013444453529426637,0.7864305652418614,0.5,0.21326323546288123,0.6188172153561313
488872,48.2741,10.8188,0.7042097177778941,0.612473297950733,4.294521786747096,0.7616608329584128,0.0,0.8006609706838996,0.577851990407618,0.011449114746067713,0.7864305652418614,0.5,0.21440688107158168,0.6205741708908072
488871,48.2741,10.8188,0.7042097177778941,0.612473297950733,4.294521786747096,0.7616608329584128,0.0,0.8006609706838996,0.577851990407618,0.011449114746067713,0.7864305652418614,0.5,0.21440688107158168,0.6205741708908072
475566,46.7566,1.1208,0.7688596955864081,0.7308114299761622,0.3409561335512452,0.2135667428049505,0.0,0.8741656564047849,0.7068222628301929,0.000908982673798618,0.14455599258261573,0.5,0.36709006720683157,0.8551377165307201
475380,48.2741,10.8188,0.6707773710853484,0.612473297950733,4.257190473770829,0.7616608329584128,0.0,0.7626496020825694,0.577851990407618,0.011349590164027952,0.7864305652418614,0.5,0.20302337540759058,0.6030859620189246
475379,48.2741,10.8188,0.6707773710853484,0.612473297950733,4.257190473770829,0.7616608329584128,0.0,0.7626496020825694,0.577851990407618,0.011349590164027952,0.7864305652418614,0.5,0.20302337540759058,0.6030859620189246
475378,48.2741,10.8188,0.6707773710853484,0.612473297950733,4.257190473770829,0.7616608329584128,0.0,0.7626496020825694,0.577851990407618,0.011349590164027952,0.7864305652418614,0.5,0.20302337540759058,0.6030859620189246
475377,48.2741,10.8188,0.6707773710853484,0.612473297950733,4.257190473770829,0.7616608329584128,0.0,0.7626496020825694,0.577851990407618,0.011349590164027952,0.7864305652418614,0.5,0.20302337540759058,0.6030859620189246
475375,48.2741,10.8188,0.6707773710853484,0.612473297950733,4.257190473770829,0.7616608329584128,0.0,0.7626496020825694,0.577851990407618,0.011349590164027952,0.7864305652418614,0.5,0.20302337540759058,0.6030859620189246
471714,41.4115,9.2336,0.541040836633761,0.6749206904288616,0.5281392337446874,0.39790103866152793,0.0,0.6151438563014028,0.645909995736391,0.0014080093172896258,0.36043041908164075,0.5,0.24167449109881456,0.662464751320852
468055,49.5645,17.5815,0.6967870312633102,0.7848026975406511,0.6570624698965992,0.5518429241679799,0.0,0.7922216446709016,0.7656643990634737,0.0017517162531102191,0.5407122060028351,0.5,0.29762541901609163,0.7484208304826672
464979,52.0612,5.371,0.5873949040651195,0.8613269873530603,3.8671954674889766,0.6261712445981621,0.0,0.6678467538726687,0.8490640466253409,0.010309870772897226,0.6277583168252386,0.5,0.2663943161397706,0.7004412303030803
419690,49.3981,8.7261,0.6063019039437921,0.9876147388467622,1.1838896693747991,0.5548771823668968,0.0,0.689343328676189,0.9866981754983337,0.0031562277115895474,0.5442656345468689,0.5,0.32120645175309187,0.7846478099468104
417587,50.8877,4.3221,0.5826454240238745,0.46602536779665055,59.15310252258326,0.8728561596375954,0.0,0.6624467669027837,0.41824638294682415,0.15770106475113488,0.9166517336071716,0.5,0.08425765281623841,0.4206290085280761
417075,46.978,7.0432,0.618005491324299,0.6726012997740225,0.6538579684114273,0.44507212331696944,0.0,0.7026498840900067,0.6433822184300474,0.0017431731120971965,0.41567261261926314,0.5,0.25894099331920495,0.6889908678116786
411462,50.8551,4.3635,0.23424861394515503,0.08225866904804824,130.23306532426867,0.9440269057308471,0.0,0.26633219890021437,0.0,0.34719891589118906,1.0,0.5,-0.1895401235081735,0.0
408051,48.8696,2.4929,0.42130725660044605,0.38455185173853373,51.89293588961673,0.9131629704237976,0.0,0.4790111077851884,0.32945284377736683,0.13834559632321303,0.9638551561826761,0.5,0.0038191505878541893,0.297053251653706
387806,48.367,10.9056,0.40387333778336226,0.22960704062918813,27.35640297813894,0.9106893859722351,0.0,0.45918937285236666,0.1605869494353588,0.07293165858488307,0.9609583342841976,0.5,-0.030826532645056595,0.24382791292498632
380262,44.0746,1.8129,0.67563401534889,0.9082014491822981,0.3743949137528557,0.25741174031681097,0.0,0.7681714308959855,0.9001499646494593,0.0009981298362785557,0.1959029958558882,0.5,0.37590384508552155,0.8686781137547918
379883,48.3239,10.9351,0.8348602985896293,0.9320883062330977,1.6047240325918533,0.6125731064638038,0.0,0.9492059541061987,0.9261829466513953,0.0042781642513992435,0.6118334979651979,0.5,0.3736768653496489,0.8652568577793514
377036,48.3256,10.9395,0.8188811063933883,0.9090221664945324,1.4227191072003458,0.6298780794626098,0.0,0.9310381907090142,0.9010444196617966,0.0037929425250623414,0.63209940184564,0.5,0.358999063346295,0.8427076998317463
376701,46.5572,9.4394,0.768627621809116,0.9364028088274599,0.3374176930534173,0.16554904235848067,0.0,0.8739017969164733,0.9308850875880397,0.0008995492576248347,0.08832232484588143,0.5,0.4314635523935448,0.9540331700040205
374156,47.5029,11.1111,0.6566291134355369,0.7304833409266316,3.7303668034553317,0.6163058225792818,0.0,0.7465635450211461,0.7064646964788183,0.00994508811423037,0.6162048925934632,0.5,0.2561654861141828,0.6847269221380378
373848,47.301,-1.556,0.6035667637471278,0.5677445422270994,7.789326643831421,0.75461825116955,0.0,0.6862335732304277,0.5291045603775392,0.020766199117918296,0.778182977359864,0.5,0.16726552563594982,0.5481520283016548
373482,46.3639,9.1273,0.7848495117771855,0.9189377808919541,0.4397269128337974,0.2594788014462277,0.0,0.8923454988993794,0.9118509067018141,0.0011723037236659713,0.1983237371171804,0.5,0.41568335503295706,0.9297904283014847
372733,46.5254,9.1871,0.6276690001084481,0.7214082131343754,0.8977229151476656,0.16704991968460672,0.0,0.7136369439501624,0.6965742099247002,0.002393312498126886,0.09008000661919041,0.5,0.3242439721737198,0.7893142802887705
371440,51.3901,7.0294,0.6019339020552663,0.734434640087918,4.914832161567797,0.7608497746766825,0.0,0.6843770685639999,0.7107710018136422,0.013102850601225154,0.7854807325446292,0.5,0.21256319102067112,0.6177417537376865
369632,43.6252,3.3576,0.6852882025249066,0.9378660780522545,0.5631895863511107,0.2990214419267305,0.0,0.7791478924249522,0.9324798248660354,0.0015014529016531917,0.24463223763966246,0.5,0.37986919771771444,0.8747699906448627
368360,48.3289,10.9351,0.5914966119760271,0.9414074049985705,1.832706469448513,0.6229000257786793,0.0,0.6725102473668679,0.9363393238558084,0.0048859611632032784,0.6239273830137785,0.5,0.29127160548930503,0.7386596179555871
367612,51.94,5.9038,0.5831238719917078,0.5834888190842512,8.71173820534463,0.7839158461450971,0.0,0.6629907449318797,0.5462633885642726,0.023225331085406472,0.8124934754891315,0.5,0.1589439830801811,0.5353678404910501
367609,51.94,5.9038,0.5831238719917078,0.5834888190842512,8.71173820534463,0.7839158461450971,0.0,0.6629907449318797,0.5462633885642726,0.023225331085406472,0.8124934754891315,0.5,0.1589439830801811,0.5353678404910501
363543,48.3289,10.9351,0.5766612150757455,0.9414074049985705,1.8918711966547157,0.6229000257786793,0.0,0.6556429378384773,0.9363393238558084,0.005043693219143481,0.6239273830137785,0.5,0.2861798662195998,0.7308373000775853
362133,48.3289,10.9351,0.5541900154636472,0.9414074049985705,1.8918711966547157,0.6229000257786793,0.0,0.6300939968914158,0.9363393238558084,0.005043693219143481,0.6239273830137785,0.5,0.2785151839354813,0.7190622310717966
361788,51.94,5.9038,0.5049209539889223,0.5834888190842512,10.787659501076485,0.7839158461450971,0.0,0.5740768565578316,0.5462633885642726,0.028759698425673788,0.8124934754891315,0.5,0.13116294309991317,0.49268848984163777
361170,48.3062,10.9337,0.5743393111856941,0.9465834466450568,1.5485305763135844,0.5937751542190611,0.0,0.6530030171223737,0.9419804091914675,0.004128353548169499,0.5898191617759778,0.5,0.29209746245854845,0.7399283623655025
360465,48.3289,10.9351,0.5541900154636472,0.9414074049985705,1.8918711966547157,0.6229000257786793,0.0,0.6300939968914158,0.9363393238558084,0.005043693219143481,0.6239273830137785,0.5,0.2785151839354813,0.7190622310717966
357861,49.014,9.0217,0.5840552520031015,0.9576175070196736,0.7419851022370374,0.5224373715713352,0.0,0.6640496903073443,0.9540058294688104,0.001978118402286475,0.5062752783915639,0.5,0.31137944902021397,0.7695508194897531
349535,48.662,-2.8477,0.4900739366963403,0.6548280930332876,1.7234807751582333,0.6798054905865266,0.0,0.5571963350638232,0.624012170281216,0.004594767505504886,0.6905695372747115,0.5,0.16865755899714324,0.5502905760298986
348070,42.3089,9.1321,0.6238415340677272,0.8735446881563746,0.0,0.5342638747035171,0.0,0.7092852535402472,0.8623794520150622,0.0,0.5201253303815372,0.5,0.3003616395086091,0.7526244209147464
340120,46.5832,0.1658,0.6944058680931746,0.9137999667479495,0.2741910707649924,0.4293414637189488,0.0,0.7895143482973533,0.906251483435048,0.0007309882653810926,0.3972503917113522,0.5,0.35368341893818894,0.8345414018176229
337763,48.3447,10.9154,0.6157437255518302,0.7392078004425151,6.79936875635807,0.7341123632121902,0.0,0.700078338237787,0.7159730088143673,0.018126989909006054,0.7541684727226339,0.5,0.22226608478473164,0.6326480785392227
327771,43.7426,6.8639,0.7671436404257742,0.9296122993373421,0.26588477821547324,0.24151820587123046,0.0,0.872214563774317,0.9234844818505723,0.0007088438448294656,0.1772900317433841,0.5,0.4158002160644647,0.9299699591233873
327768,43.7426,6.8639,0.7671436404257742,0.9296122993373421,0.26588477821547324,0.24151820587123046,0.0,0.872214563774317,0.9234844818505723,0.0007088438448294656,0.1772900317433841,0.5,0.4158002160644647,0.9299699591233873
325983,48.3108,10.9396,0.7686383974426164,0.8911227543254294,1.2497404718938074,0.6045367546009236,0.0,0.8739140484218989,0.8815368271035745,0.003331784719237619,0.602422103078088,0.5,0.3415287488969026,0.8158684714633804
321455,48.3447,10.9154,0.5903397880867559,0.7392078004425151,6.79936875635807,0.7341123632121902,0.0,0.6711949804588553,0.7159730088143673,0.018126989909006054,0.7541684727226339,0.5,0.2136010774510521,0.6193362339633354
318827,48.3126,10.9312,0.7641697527789427,0.8767109251441366,1.4167984032570964,0.6044090221692251,0.0,0.8688333611156399,0.8658301609275397,0.0037771580391079453,0.6022725152582515,0.5,0.33601123967001756,0.8073920533317032
308685,49.0374,8.9858,0.5653059723083282,0.9455079780514555,0.9378130661275239,0.5050169501401257,0.0,0.642732437646574,0.9408083146592598,0.002500192090674779,0.48587417251835385,0.5,0.3046406456628991,0.7591981562471762
305234,47.4834,8.7484,0.5610723227129841,0.7510493109306511,4.605103469377896,0.8195454544153344,0.0,0.6379189312308434,0.7288784249081545,0.012277119701925729,0.8542194126837317,0.5,0.1930069497533467,0.5876979656352442
291208,48.3289,10.9351,0.5003986842794987,0.9414074049985705,0.0,0.6229000257786793,0.0,0.5689351995147184,0.9363393238558084,0.0,0.6239273830137785,0.5,0.26117628336630083,0.692424890720501
282980,48.3062,10.9337,0.6482557685248308,0.9465834466450568,1.0894000140794247,0.5937751542190611,0.0,0.7370433548067425,0.9419804091914675,0.0029043200581852415,0.5898191617759778,0.5,0.317554370461856,0.7790372043633071
279662,46.6319,0.7674,0.6760138512903806,0.545102540131766,0.3380123416013972,0.44095400918556643,0.0,0.7686032906189302,0.5044282778602508,0.000901134579529689,0.4108498772609669,0.5,0.24488034814569082,0.6673898332160116
260097,48.367,10.9056,0.30940815925867754,0.22960704062918813,25.264266460211207,0.9106893859722351,0.0,0.35178588263632155,0.1605869494353588,0.06735406176557887,0.9609583342841976,0.5,-0.061932060346009274,0.19604123089915504
255826,48.3031,10.922,0.8061538125218606,0.897448837043998,1.8357966107960115,0.6356668125136626,0.0,0.9165677180527839,0.8884312794463427,0.004894199422228593,0.6388786038478776,0.5,0.3502675048157935,0.8292936142358209
255583,48.3031,10.922,0.7918476954354672,0.897448837043998,1.8357966107960115,0.6356668125136626,0.0,0.9003021805233488,0.8884312794463427,0.004894199422228593,0.6388786038478776,0.5,0.34538784355696295,0.8217971067593585
255221,48.3031,10.922,0.8061538125218606,0.897448837043998,1.8357966107960115,0.6356668125136626,0.0,0.9165677180527839,0.8884312794463427,0.004894199422228593,0.6388786038478776,0.5,0.3502675048157935,0.8292936142358209
255220,48.3031,10.922,0.8061538125218606,0.897448837043998,1.8357966107960115,0.6356668125136626,0.0,0.9165677180527839,0.8884312794463427,0.004894199422228593,0.6388786038478776,0.5,0.3502675048157935,0.8292936142358209
255022,48.3031,10.922,0.7918476954354672,0.897448837043998,1.8357966107960115,0.6356668125136626,0.0,0.9003021805233488,0.8884312794463427,0.004894199422228593,0.6388786038478776,0.5,0.34538784355696295,0.8217971067593585
244268,44.4087,-1.1749,0.6156748085585584,0.7347987308979272,4.031359567339627,0.5184893796688196,0.0,0.6999999821098657,0.7111678045191585,0.010747529192089617,0.5016517736670744,0.5,0.26039467387427023,0.6912241226569231
243306,48.7184,11.2311,0.5257101229465586,0.5192788595086054,2.753715095798473,0.7238338414096434,0.0,0.5977133895069303,0.47628445753860743,0.00734135293179087,0.742131266140583,0.5,0.13559717072928534,0.4995006882326162
241436,42.9758,9.3828,0.727481941078024,0.8387362773170304,0.5575569608348908,0.3133471027947095,0.0,0.8271206465830774,0.8244436645244969,0.0014864364273961877,0.2614090604751736,0.5,0.3647384637492922,0.8515250040972051
239990,48.7088,11.2586,0.5468282881734972,0.6831382521214652,0.7004920188329821,0.6604775793807213,0.0,0.6217239793110836,0.6548658677955904,0.0018674986181402586,0.6679345646149104,0.5,0.19966997632635808,0.5979342148072654
239985,48.7088,11.2586,0.5468282881734972,0.6831382521214652,0.7004920188329821,0.6604775793807213,0.0,0.6217239793110836,0.6548658677955904,0.0018674986181402586,0.6679345646149104,0.5,0.19966997632635808,0.5979342148072654
239975,48.7088,11.2586,0.5468282881734972,0.6831382521214652,0.7004920188329821,0.6604775793807213,0.0,0.6217239793110836,0.6548658677955904,0.0018674986181402586,0.6679345646149104,0.5,0.19966997632635808,0.5979342148072654
238557,48.7084,11.26,0.5470852712472694,0.7135304286139539,0.6485437389621119,0.6562207648639077,0.0,0.6220161597682704,0.6879886424639362,0.001729005475798341,0.6629493968344945,0.5,0.2088137979261313,0.6119816503463805
238556,48.7084,11.26,0.5470852712472694,0.7135304286139539,0.6485437389621119,0.6562207648639077,0.0,0.6220161597682704,0.6879886424639362,0.001729005475798341,0.6629493968344945,0.5,0.2088137979261313,0.6119816503463805
238555,48.7084,11.26,0.5470852712472694,0.7135304286139539,0.6485437389621119,0.6562207648639077,0.0,0.6220161597682704,0.6879886424639362,0.001729005475798341,0.6629493968344945,0.5,0.2088137979261313,0.6119816503463805
238554,48.7084,11.26,0.5470852712472694,0.7135304286139539,0.6485437389621119,0.6562207648639077,0.0,0.6220161597682704,0.6879886424639362,0.001729005475798341,0.6629493968344945,0.5,0.2088137979261313,0.6119816503463805
238553,48.7084,11.26,0.5470852712472694,0.7135304286139539,0.6485437389621119,0.6562207648639077,0.0,0.6220161597682704,0.6879886424639362,0.001729005475798341,0.6629493968344945,0.5,0.2088137979261313,0.6119816503463805
238552,48.7084,11.26,0.47110508686154184,0.7135304286139539,0.6485437389621119,0.6562207648639077,0.0,0.5356294390979299,0.6879886424639362,0.001729005475798341,0.6629493968344945,0.5,0.18289778172502913,0.5721674913491541
237068,48.7298,11.1889,0.33953380323207083,0.29855933072921914,9.876839813172099,0.8353958750640971,0.0,0.38603764988305267,0.2357342877121746,0.026331470176378144,0.8727818861042079,0.5,-0.011438710057947346,0.27361296341667246
237067,48.7298,11.1889,0.33953380323207083,0.29855933072921914,9.876839813172099,0.8353958750640971,0.0,0.38603764988305267,0.2357342877121746,0.026331470176378144,0.8727818861042079,0.5,-0.011438710057947346,0.27361296341667246
236600,43.2847,5.3724,0.2838190060240964,0.14372834774102813,67.82427935683323,0.9293688889249224,0.0,0.3226919412285991,0.06699244842785083,0.18081825997998247,0.9828339541652408,0.5,-0.12003305064524016,0.10678206206241436
235549,48.3206,-4.2989,0.6853035688405794,0.842389266264676,0.2945250509534284,0.4644902385550843,0.0,0.7791653633699162,0.8284248578361614,0.0007851982761767326,0.4384132234819403,0.5,0.3249368002924888,0.790378655641231
235342,48.7303,11.1888,0.34028141852082877,0.3041198302255616,9.998416125477103,0.8346902220722843,0.0,0.3868876614175198,0.24179437267865672,0.026655590350661413,0.8719554938465598,0.5,-0.00960955055219613,0.2764230576390309
235333,48.7303,11.1888,0.34028141852082877,0.3041198302255616,9.998416125477103,0.8346902220722843,0.0,0.3868876614175198,0.24179437267865672,0.026655590350661413,0.8719554938465598,0.5,-0.00960955055219613,0.2764230576390309
235332,48.7303,11.1888,0.34028141852082877,0.3041198302255616,9.998416125477103,0.8346902220722843,0.0,0.3868876614175198,0.24179437267865672,0.026655590350661413,0.8719554938465598,0.5,-0.00960955055219613,0.2764230576390309
235330,48.7303,11.1888,0.34028141852082877,0.3041198302255616,9.998416125477103,0.8346902220722843,0.0,0.3868876614175198,0.24179437267865672,0.026655590350661413,0.8719554938465598,0.5,-0.00960955055219613,0.2764230576390309
235329,48.7303,11.1888,0.34028141852082877,0.3041198302255616,9.998416125477103,0.8346902220722843,0.0,0.3868876614175198,0.24179437267865672,0.026655590350661413,0.8719554938465598,0.5,-0.00960955055219613,0.2764230576390309
235327,48.7303,11.1888,0.34028141852082877,0.3041198302255616,9.998416125477103,0.8346902220722843,0.0,0.3868876614175198,0.24179437267865672,0.026655590350661413,0.8719554938465598,0.5,-0.00960955055219613,0.2764230576390309
235132,43.9462,7.525,0.6437924607003006,0.8870848035322421,1.7603632725278655,0.35577332528750394,0.0,0.7319687352935018,0.8771360848836921,0.004693095553533328,0.31109453222416406,0.5,0.34127184286464235,0.8154737928393055
235079,43.9505,7.5265,0.6533470546507009,0.9283841106902594,1.1083338029850391,0.34382935899534334,0.0,0.7428319629282428,0.9221459460659569,0.0029547971852141863,0.29710691878813805,0.5,0.3582290781396985,0.8415247898812718
233327,48.367,10.9056,0.2487018777376403,0.22960704062918813,29.51485131275704,0.9106893859722351,0.0,0.2827650369106826,0.1605869494353588,0.07868604146699201,0.9609583342841976,0.5,-0.08490471000398356,0.16074889588235305
218030,48.3062,10.9337,0.5123481435838273,0.9465834466450568,0.0,0.5937751542190611,0.0,0.5825213024102326,0.9419804091914675,0.0,0.5898191617759778,0.5,0.27177861875454,0.7087130062863232
218029,48.3062,10.9337,0.5123481435838273,0.9465834466450568,0.0,0.5937751542190611,0.0,0.5825213024102326,0.9419804091914675,0.0,0.5898191617759778,0.5,0.27177861875454,0.7087130062863232
216727,52.3299,13.7666,0.6616368637129786,0.9748644223929229,0.5131922510714088,0.4235127205771903,0.0,0.7522571759053248,0.9728023013757616,0.0013681609410951074,0.39042433377628266,0.5,0.36004044586087647,0.8443075510083602
213734,48.3447,10.9154,0.6968121948344509,0.7392078004425151,6.746611239851609,0.7341123632121902,0.0,0.7922502547408662,0.7159730088143673,0.017986339356932002,0.7541684727226339,0.5,0.2499457898460702,0.67517175076403
213733,48.3447,10.9154,0.6968121948344509,0.7392078004425151,6.746611239851609,0.7341123632121902,0.0,0.7922502547408662,0.7159730088143673,0.017986339356932002,0.7541684727226339,0.5,0.2499457898460702,0.67517175076403
213729,48.3447,10.9154,0.6968121948344509,0.7392078004425151,6.746611239851609,0.7341123632121902,0.0,0.7922502547408662,0.7159730088143673,0.017986339356932002,0.7541684727226339,0.5,0.2499457898460702,0.67517175076403
213726,48.3447,10.9154,0.6968121948344509,0.7392078004425151,6.746611239851609,0.7341123632121902,0.0,0.7922502547408662,0.7159730088143673,0.017986339356932002,0.7541684727226339,0.5,0.2499457898460702,0.67517175076403
213724,48.3447,10.9154,0.6968121948344509,0.7392078004425151,6.746611239851609,0.7341123632121902,0.0,0.7922502547408662,0.7159730088143673,0.017986339356932002,0.7541684727226339,0.5,0.2499457898460702,0.67517175076403
193402,51.1841,4.6488,0.6572926448792057,0.6321829735812607,0.0,0.7088908995859897,0.0,0.7473179562659149,0.5993324903269805,0.0,0.72463154379429,0.5,0.21533377789237612,0.6219981404203356
190675,52.6272,13.3078,0.5347428955802163,0.8405804489144875,8.113544919075224,0.7411696128661814,0.0,0.6079833251841206,0.8264535265127435,0.021630558974583533,0.7624332381838651,0.5,0.22031728166092557,0.629654178673463
183598,48.3447,10.9154,0.698698366774937,0.7392078004425151,6.746611239851609,0.7341123632121902,0.0,0.7943947639951714,0.7159730088143673,0.017986339356932002,0.7541684727226339,0.5,0.25058914262236176,0.676160118325148
180739,46.207,5.9428,0.7197007703845104,0.6442053160674999,2.714933292315317,0.6197106916353934,0.0,0.8182737370286559,0.6124349853475591,0.007237961369193997,0.6201923445832125,0.5,0.2541144234841659,0.6815759234262337
176901,53.0014,9.2272,0.6874797209181011,0.5620474198635839,0.3311395826388031,0.6677367787166666,0.0,0.7816395695484992,0.522895577603589,0.0008828119327037646,0.6764358339321976,0.5,0.21357382778907658,0.6192943709560701
176320,52.1283,4.3314,0.6525681005145076,0.8833211760565746,2.608835781267447,0.6297486011762857,0.0,0.7419463202580867,0.8730343126778437,0.0069551073895011035,0.6319477694504073,0.5,0.29465928735142566,0.7438640329877383
176181,52.1239,4.3358,0.6475325233441388,0.8962994877714193,3.382005396721341,0.6312067690407595,0.0,0.7362210512034316,0.8871786663937613,0.00901636312065662,0.633655434049769,0.5,0.2958093942278731,0.745630914814303
175274,52.3342,13.8088,0.5344921779436553,0.8345210986173874,0.5071181648305465,0.42251172142881094,0.0,0.6076982683023583,0.8198497712806356,0.0013519675408045903,0.38925206078129676,0.5,0.27861372068551093,0.7192136107361056
172577,52.1239,4.3358,0.6235660231909304,0.8962994877714193,3.382005396721341,0.6312067690407595,0.0,0.7089720076413604,0.8871786663937613,0.00901636312065662,0.633655434049769,0.5,0.2876346811592517,0.7330722976508767
171460,48.3447,10.9154,0.5497933741093878,0.7392078004425151,6.660392775884685,0.7341123632121902,0.0,0.6250951747428685,0.7159730088143673,0.01775648254488059,0.7541684727226339,0.5,0.19984523720908115,0.5982034639309187
171456,48.3447,10.9154,0.5497933741093878,0.7392078004425151,6.660392775884685,0.7341123632121902,0.0,0.6250951747428685,0.7159730088143673,0.01775648254488059,0.7541684727226339,0.5,0.19984523720908115,0.5982034639309187
169746,48.3447,10.9154,0.4737738544286114,0.7392078004425151,6.660392775884685,0.7341123632121902,0.0,0.5386637312652152,0.7159730088143673,0.01775648254488059,0.7541684727226339,0.5,0.17391580416578517,0.5583686929582945
169745,48.3447,10.9154,0.4737738544286114,0.7392078004425151,6.660392775884685,0.7341123632121902,0.0,0.5386637312652152,0.7159730088143673,0.01775648254488059,0.7541684727226339,0.5,0.17391580416578517,0.5583686929582945
158883,48.3447,10.9154,0.5541632688076276,0.7392078004425151,0.0,0.7341123632121902,0.0,0.63006358691122,0.7159730088143673,0.0,0.7541684727226339,0.5,0.20488705736856277,0.6059490922677495
156977,46.5762,0.322,0.5285301536572594,0.42830627340742006,0.0,0.7758333440998506,0.0,0.6009196623957975,0.3771384002902572,0.0,0.8030280339901044,0.5,0.10410629369278791,0.45112200319228607
138382,48.8277,2.4239,0.6395252516473825,0.7460268205834609,0.0,0.7534545143281134,0.0,0.7271170729886967,0.7234046867543557,0.0,0.7768201217823193,0.5,0.23246327531785,0.6483137797048717
138194,43.0495,3.0518,0.39141707820791133,0.7644098083106399,0.0,0.48768016468319636,0.0,0.44502705638470796,0.7434393019247697,0.0,0.46557101297628367,0.5,0.1995322904501623,0.5977226912720124
135916,46.39,6.0271,0.7413100125088378,0.8223419465526774,0.0,0.38868167221649486,0.0,0.842842663497893,0.8065763780575274,0.0,0.3496335923991314,0.5,0.35205185470388006,0.8320348685088421
132336,46.2615,6.0141,0.5851909011659581,0.5592134688295641,0.0,0.7016770151784666,0.0,0.6653408823175287,0.5198070090193626,0.0,0.7161833429206121,0.5,0.17212651551200747,0.5556198513770638
129349,44.3494,-1.067,0.48055851939557953,0.44471069212271624,0.0,0.6213452687250614,0.0,0.5463776498623043,0.39501668106446364,0.0,0.6221066025359218,0.5,0.11935147484441895,0.47454281222414424
129255,52.0775,4.3249,0.24484705497699208,0.17791179300892543,0.0,0.9308720688775769,0.0,0.27838224289998076,0.10424712004625646,0.0,0.9845943325511304,0.5,-0.0881126970011112,0.1558205417953062
128698,49.4162,8.1756,0.5415603408041852,0.8358787425807087,0.0,0.5487347289530279,0.0,0.6157345137474243,0.8213293933500864,0.0,0.5370721896056865,0.5,0.25949187402089585,0.6898371727250354
78968,45.2426,5.7512,0.8795354632765228,0.9788850741892726,0.0,0.5368680590846399,0.0,1.0,0.9771841903629911,0.0,0.5231750982348833,0.5,0.4158197828555153,0.9300000191188706
78965,45.2964,5.5176,0.43066734301659465,0.7041442211702283,0.0,0.6257659054962934,0.0,0.48965318739080155,0.6777591271731933,0.0,0.6272836230318404,0.5,0.17224319455576276,0.555799102615513
72853,54.146,9.218,0.5429312497115163,0.9046939971622824,0.0,0.517311169312591,0.0,0.6172931875753379,0.8963273840933176,0.0,0.5002719681145366,0.5,0.2842290070787503,0.7278402416017664
66989,49.075,9.149,0.0,0.3944160048555131,0.0,0.7587467196455884,0.0,0.0,0.34020324597605495,0.0,0.7830178387210808,0.5,-0.08240186431414838,0.16459395815841316
55003,43.0913,2.007,0.7967716873884766,0.793585689864773,0.0,0.40701549058736763,0.0,0.9059005812230387,0.7752365031126062,0.0,0.3711043800675794,0.5,0.3599136431349262,0.844112746997856
44965,52.8176,6.4326,0.5789944579384356,0.8845325503350162,0.0,0.3446841942882683,0.0,0.658295750556225,0.8743545233996316,0.0,0.2981080188696708,0.5,0.3213611531863248,0.7848854740774405
44964,52.8176,6.4326,0.5789944579384356,0.8845325503350162,0.0,0.3446841942882683,0.0,0.658295750556225,0.8743545233996316,0.0,0.2981080188696708,0.5,0.3213611531863248,0.7848854740774405
35599,51.1231,6.0306,0.46581131829722683,0.4327490177717876,0.0,0.7178390926743154,0.0,0.5296106157697673,0.38198030493392027,0.0,0.7351107985752224,0.5,0.09411164117812686,0.4357674563648374
35583,52.3312,4.5648,0.48389208921771815,0.8409918310639761,0.0,0.6094898486959525,0.0,0.5501677981409423,0.8269018694684861,0.0,0.6082226858844042,0.5,0.23054240392674358,0.6453627906954004
35055,52.8176,6.4326,0.6086605086440919,0.8845325503350162,0.0,0.3446841942882683,0.0,0.6920249768857032,0.8743545233996316,0.0,0.2981080188696708,0.5,0.3314799210851682,0.8004306964161829
29296,52.1767,5.7789,0.4938885232434524,0.7477823311894146,0.0,0.5085475909112016,0.0,0.5615333819554876,0.7253179219661631,0.0,0.4900089161269068,0.5,0.226288157659151,0.6388270933877221
