id,lat,lon,date,month,country,quality,type,length,file_url,file_name,also_species_list
1106174,47.123,16.4243,2026-04-19,4,Austria,A,song,1:13,https://xeno-canto.org/1106174/download,XC1106174-260419-093959-Kohlmeise.wav,Parus major|Corvus cornix
1106173,47.123,16.4243,2026-04-19,4,Austria,A,song,1:02,https://xeno-canto.org/1106173/download,XC1106173-260419-093740-Kohlmeise-LC125Hz.wav,Parus major|Corvus cornix
1100198,46.6031,0.1818,2026-03-31,3,France,A,call,0:29,https://xeno-canto.org/1100198/download,XC1100198-260331-MP-3164-id-mâle-mésange-charbonnière.mp3,
1092231,47.8103,-2.3838,2026-03-29,3,France,A,song,0:43,https://xeno-canto.org/1092231/download,XC1092231-PARMAJ_260329_5956_Malestroit56_center.mp3,
1091980,49.0315,12.2836,2026-03-28,3,Germany,A,song,1:34,https://xeno-canto.org/1091980/download,XC1091980-Kohlmeise_Gesang_20260328XC.wav,Cyanistes caeruleus
1084417,48.0228,0.1995,2026-03-03,3,France,A,song,1:14,https://xeno-canto.org/1084417/download,XC1084417-mc-3mars26-14h30-coul.wav,
1052236,45.2635,1.9197,2025-06-08,6,France,A,call,1:13,https://xeno-canto.org/1052236/download,XC1052236-250608-MP-3011-Espagnac-étangs-de-Taysse-mésange-charbonnière.mp3,Fringilla coelebs|Erithacus rubecula
1047739,46.6068,0.1852,2025-05-14,5,France,A,song,3:06,https://xeno-canto.org/1047739/download,XC1047739-250514-MP-2932-MdF-mésange-charbonnière.mp3,Cuculus canorus|Luscinia megarhynchos
1046158,46.6073,0.1863,2025-05-13,5,France,A,song,1:03,https://xeno-canto.org/1046158/download,XC1046158-250513-MP-2913-9h59-Vouillé-MdF-mésange-charbonnière.mp3,
996274,51.9363,5.9001,2025-04-02,4,Netherlands,A,song,1:19,https://xeno-canto.org/996274/download,"XC996274-Koolmees,-song,-IGS,-020425,-0741-uur.wav",
994505,48.9512,2.4064,2025-04-19,4,France,A,song,2:21,https://xeno-canto.org/994505/download,XC994505-BIRDSong_Mesanges-Charbonniere-Bord-Etang-03-Parc-George-Valbon_GC_Printemps2025_PARABOLE.wav,
994504,48.9512,2.4064,2025-04-19,4,France,A,song,1:24,https://xeno-canto.org/994504/download,XC994504-BIRDSong_Mesanges-Charbonniere-Bord-Etang-02-Parc-George-Valbon_GC_Printemps2025_PARABOLE.wav,
990694,53.2024,5.7515,2025-04-13,4,Netherlands,A,call,1:18,https://xeno-canto.org/990694/download,XC990694-01-Parus-major-&-Cyanistes-caeruleus.wav,
989898,50.1648,1.721,2025-04-07,4,France,A,call,0:54,https://xeno-canto.org/989898/download,XC989898-Blanquetaque-07.04.25.wav,Phylloscopus trochilus|Phylloscopus collybita|Linaria cannabina
985820,53.0228,5.917,2025-04-04,4,Netherlands,A,"alarm call, call",0:48,https://xeno-canto.org/985820/download,XC985820-Koolmees-1.wav,
985810,53.0232,5.9177,2025-04-04,4,Netherlands,A,"call, song, wing fluttering",1:09,https://xeno-canto.org/985810/download,XC985810-koolmees-3.wav,
983564,46.7666,6.1831,2025-03-28,3,France,A,call,0:12,https://xeno-canto.org/983564/download,XC983564-Charbo.wav,Pyrrhula pyrrhula
983069,52.9638,6.1637,2025-03-26,3,Netherlands,A,alarm call,0:40,https://xeno-canto.org/983069/download,XC983069-boze-koolmees.mp3,
926836,46.576,0.3222,2024-04-27,4,France,A,song,1:30,https://xeno-canto.org/926836/download,XC926836-240427-MP-2462-8h49-maison-mésange-charbonnière.mp3,
906512,49.3924,0.5392,2024-05-25,5,France,A,song,2:28,https://xeno-canto.org/906512/download,XC906512-PARMAJ_240525_4499_CCPAVR_StOuen27_PS06.mp3,Turdus philomelos|Sylvia atricapilla|Turdus merula|Erithacus rubecula|Troglodytes troglodytes|Sturnus vulgaris|Passer domesticus
905527,49.3549,0.5087,2023-05-23,5,France,A,song,1:55,https://xeno-canto.org/905527/download,XC905527-PARMAJ_240523_4399_PontAudemer27_PS12.mp3,Columba palumbus|Troglodytes troglodytes|Phylloscopus collybita
905525,49.3549,0.5087,2023-05-23,5,France,A,song,0:48,https://xeno-canto.org/905525/download,XC905525-PARMAJ_240523_4398_PontAudemer27_PS12.mp3,Columba palumbus|Troglodytes troglodytes|Phylloscopus collybita
899081,43.178,0.3973,2024-04-26,4,France,A,song,1:45,https://xeno-canto.org/899081/download,XC899081-PARMAJ_240426_4110_Barran65.mp3,Turdus philomelos|Turdus merula|Phylloscopus collybita
881427,52.0747,4.7632,2023-05-25,5,Netherlands,A,call,2:53,https://xeno-canto.org/881427/download,XC881427-Koolmees-roep---Bodegraven---2023-05-25---0509-copy.mp3,
880732,46.8447,-2.0855,2023-04-24,4,France,A,song,1:14,https://xeno-canto.org/880732/download,XC880732-PARMAJ_230424_3041_DAVIAUD85_LesBanches.mp3,Fringilla coelebs|Passer domesticus
870733,50.4357,5.7941,2023-04-13,4,Belgium,A,song,0:20,https://xeno-canto.org/870733/download,XC870733-Mesange-charbonniere-230413-1945-12SA-Spa-MixPre-4275.mp3,
843489,51.9363,5.9001,2023-03-18,3,Netherlands,A,call,0:28,https://xeno-canto.org/843489/download,"XC843489-Koolmees,-call,-IGS,-180323,-0656-uur.wav",
843484,51.9363,5.9001,2023-03-18,3,Netherlands,A,"call, song",0:53,https://xeno-canto.org/843484/download,"XC843484-Koolmees,-song-and-call,-IGS,-180323,-0655-uur.wav",Columba palumbus
843474,51.9363,5.9001,2023-04-24,4,Netherlands,A,song,1:31,https://xeno-canto.org/843474/download,"XC843474-Koolmees,-twee-individuen,-zang,-IGS,-250423,-0623-uur.wav",
842245,47.9984,10.9503,2023-04-08,4,Germany,A,song,1:25,https://xeno-canto.org/842245/download,"XC842245-KOHLMEISE,-Reviergesang--6_22--Kirchstr.-23--VOC_230408-3804.wav",Turdus merula
842243,47.9984,10.9503,2023-04-08,4,Germany,A,song,1:01,https://xeno-canto.org/842243/download,"XC842243-KOHLMEISE,-Reviergesang--6_17--Kirchstr.-23--VOC_230408-3803.wav",Turdus merula
841519,47.0661,0.3026,2023-05-26,5,France,A,song,1:28,https://xeno-canto.org/841519/download,XC841519-230526-MP-1878-10h51-id-mésange-charbonnière.mp3,Cuculus canorus
804299,47.4593,4.4201,2023-05-27,5,France,A,song,0:44,https://xeno-canto.org/804299/download,XC804299--d)mescharb-chant-bon.mp3,
801873,47.7976,-0.7484,2023-05-17,5,France,A,"alarm call, call",1:00,https://xeno-canto.org/801873/download,XC801873-230517_Mésange-charbonnière-(cri-alarme-femelle-adulte-nourrissage-nid)_Chemazé-(53).mp3,
801249,43.3807,-0.6077,2023-05-11,5,France,A,song,1:29,https://xeno-canto.org/801249/download,XC801249-PARMAJ_230511_3377_Mourenx64_Noveal.mp3,
799282,47.4205,4.4503,2023-05-01,5,France,A,song,0:14,https://xeno-canto.org/799282/download,XC799282-d)s1)-charbonnière-bon.mp3,
798517,49.4238,8.7064,2023-05-02,5,Germany,A,song,0:24,https://xeno-canto.org/798517/download,XC798517-2023.05.02_12.04_01.mp3,Troglodytes troglodytes
798050,51.1403,4.9922,2022-03-21,3,Belgium,A,song,1:28,https://xeno-canto.org/798050/download,XC798050-Koolmees-20220321-1600-1a.mp3,Cyanistes caeruleus|Columba palumbus|Fringilla coelebs|Branta canadensis|Certhia brachydactyla|Dendrocopos major|Phylloscopus collybita
798049,51.1403,4.9922,2022-03-21,3,Belgium,A,song,2:22,https://xeno-canto.org/798049/download,XC798049-Koolmees-20220321-1225-1a.mp3,Cyanistes caeruleus|Fringilla coelebs|Fulica atra|Phylloscopus collybita|Passer domesticus
798048,51.1403,4.9922,2022-03-18,3,Belgium,A,"call, song",3:26,https://xeno-canto.org/798048/download,XC798048-Koolmees-20220318-1600-1a.mp3,Cyanistes caeruleus|Coloeus monedula|Dendrocopos major|Phylloscopus collybita|Passer domesticus
795784,43.3996,3.6759,2023-04-21,4,France,A,"call, song, Various calls and songs",3:42,https://xeno-canto.org/795784/download,XC795784-Mésange-charbonnière-cris-chants-variés-++.wav,
795763,43.3996,3.6759,2023-04-20,4,France,A,"call, song, Song on four notes",0:48,https://xeno-canto.org/795763/download,XC795763-Mésange-charbonnière-chant-sur-quatre-notes-+.wav,
795227,47.4607,4.4191,2023-04-20,4,France,A,song,0:21,https://xeno-canto.org/795227/download,XC795227-d)charbo.mp3,
792451,48.1362,7.0875,2023-04-05,4,France,A,alarm call,0:31,https://xeno-canto.org/792451/download,XC792451-Parus-major_ALARM_Lac-Blanc_230405_0832.wav,
783633,52.3087,13.7614,2023-03-03,3,Germany,A,call,0:11,https://xeno-canto.org/783633/download,XC783633-kohl0731.mp3,Corvus cornix
770768,52.0747,4.7632,2020-05-03,5,Netherlands,A,song,2:40,https://xeno-canto.org/770768/download,XC770768-Koolmees-zang---Bodegraven---2020-05-03---0550-copy.mp3,
767786,47.4736,4.4438,2022-03-02,3,France,A,call,0:22,https://xeno-canto.org/767786/download,XC767786-d)00_Mecha-cris-étonnants.mp3,
729993,52.2362,13.8762,2022-06-08,6,Germany,A,song,0:23,https://xeno-canto.org/729993/download,XC729993-kohl0452.mp3,Fringilla coelebs
724068,42.6644,2.5014,2022-05-13,5,France,A,song,0:33,https://xeno-canto.org/724068/download,XC724068-PARMAJ_220513_1984_Marcevol66.mp3,Lullula arborea|Carduelis carduelis|Passer domesticus
718274,48.0014,-2.0948,2022-04-24,4,France,A,song,0:09,https://xeno-canto.org/718274/download,XC718274-Mesange charbonniere male calls apr 23 1557_3303.mp3,Turdus philomelos
718046,47.8589,-2.2364,2022-04-23,4,France,A,call,0:09,https://xeno-canto.org/718046/download,XC718046-Mesange charbonniere male calls apr 23 1557_3303.mp3,
716880,51.4279,5.4685,2022-04-19,4,Netherlands,A,song,0:34,https://xeno-canto.org/716880/download,XC716880-2022.04.19_11.18_01.MP3,
716109,42.278,8.8312,2022-04-14,4,France,A,call,1:11,https://xeno-canto.org/716109/download,XC716109-PARMAJ_20220414_174300.mp3,Periparus ater|Milvus milvus
715983,51.9892,4.4694,2022-04-16,4,Netherlands,A,song,0:20,https://xeno-canto.org/715983/download,XC715983-220416_6683 Koolmees.mp3,Turdus merula
715846,48.2128,-3.0134,2022-04-15,4,France,A,song,0:41,https://xeno-canto.org/715846/download,XC715846-Mésange charbonnière chant La Motte 15 04 2022.mp3,Columba palumbus|Fringilla coelebs|Passer domesticus
712879,44.0632,1.9509,2022-04-02,4,France,A,"call, display call",0:31,https://xeno-canto.org/712879/download,XC712879-T328_1.mp3,Phoenicurus ochruros|Fringilla coelebs|Carduelis carduelis
711367,52.1283,5.8665,2022-03-23,3,Netherlands,A,"aberrant, song",0:36,https://xeno-canto.org/711367/download,"XC711367-Koolmees, song, aberrant, Hoenderlose Bos, 230322, 0945 uur.mp3",Sitta europaea|Dendrocoptes medius|Dendrocopos major|Periparus ater
711263,47.52,5.1814,2022-03-27,3,France,A,song,1:27,https://xeno-canto.org/711263/download,XC711263-Mésange-charbonnière_220327_132952_Til_01.mp3,
710918,51.9892,4.4694,2022-03-24,3,Netherlands,A,call,0:45,https://xeno-canto.org/710918/download,XC710918-220324_4995 Koolmees.mp3,Columba palumbus|Pica pica|Passer domesticus
709335,42.7053,2.515,2022-03-13,3,France,A,call,0:31,https://xeno-canto.org/709335/download,XC709335-PARMAJ_220313_1410_Tarerach66.mp3,
699177,47.467,4.4459,2020-04-20,4,France,A,song,0:14,https://xeno-canto.org/699177/download,XC699177-00_Més_char(étonnant).mp3,
694592,51.94,5.9038,2018-03-05,3,Netherlands,A,song,1:11,https://xeno-canto.org/694592/download,"XC694592-Koolmees, zang, AZ, 050318 0652 uur.mp3",Parus major
682783,46.812,1.2854,2021-03-03,3,France,A,uncertain,0:45,https://xeno-canto.org/682783/download,XC682783-169135-101822444-2647.mp3,
659797,42.6767,2.4973,2021-03-28,3,France,A,call,0:46,https://xeno-canto.org/659797/download,XC659797-PARMAJ_210328_6422_Aboussols66.mp3,
659796,42.6767,2.4973,2021-03-28,3,France,A,call,0:28,https://xeno-canto.org/659796/download,XC659796-PARMAJ_210328_6420_Aboussols66.mp3,
659768,50.4674,3.6782,2021-06-28,6,Belgium,A,call,0:15,https://xeno-canto.org/659768/download,XC659768-Mésange charbonnière 210628 1000 1CA Marais d'Harchie_Allée de chasse.mp3,
653264,51.9892,4.4694,2021-05-31,5,Netherlands,A,song,0:16,https://xeno-canto.org/653264/download,XC653264-210531_1607 Koolmees.mp3,
650119,44.6377,1.6884,2021-04-18,4,France,A,"call, song",2:18,https://xeno-canto.org/650119/download,XC650119-210418_03b.mp3,Cyanistes caeruleus|Sylvia atricapilla|Parus major
649523,54.0372,13.4249,2021-05-15,5,Germany,A,song,1:12,https://xeno-canto.org/649523/download,XC649523-Parus_major_A_ML_HP1000Hz12dB_210515_0251.mp3,Phylloscopus trochilus|Turdus merula
649165,46.203,6.1061,2021-05-17,5,Switzerland,A,song,1:58,https://xeno-canto.org/649165/download,XC649165-20210517_Great_Tit.mp3,Turdus merula
647427,51.9892,4.4694,2021-05-11,5,Netherlands,A,"dawn song, song",1:21,https://xeno-canto.org/647427/download,XC647427-210511_9584 Koolmees.mp3,
644945,46.7976,1.3054,2021-04-13,4,France,A,song,1:58,https://xeno-canto.org/644945/download,XC644945-PARMAJ_210413_0488_Bellebouche36.mp3,Fringilla coelebs|Turdus merula|Erithacus rubecula
644789,51.9892,4.4694,2021-05-02,5,Netherlands,A,song,0:18,https://xeno-canto.org/644789/download,XC644789-210502_9128 tm 9130 Koolmees.mp3,Turdus merula|Psittacula krameri
642636,52.35,9.4847,2021-04-25,4,Germany,A,song,1:40,https://xeno-canto.org/642636/download,XC642636-210425_1326.mp3,Fringilla coelebs|Sylvia atricapilla
641390,52.3139,9.4218,2021-04-20,4,Germany,A,call,0:39,https://xeno-canto.org/641390/download,XC641390-210420_2021.mp3,
641368,52.3087,9.4223,2021-04-20,4,Germany,A,song,0:25,https://xeno-canto.org/641368/download,XC641368-210420_1931.mp3,Fringilla coelebs|Turdus merula|Dendrocopos major
641218,47.2523,8.8597,2021-03-31,3,Switzerland,A,song,1:47,https://xeno-canto.org/641218/download,XC641218-210331_0153_Kohlmeise_Steingartenstrasse.mp3,
640219,51.9892,4.4694,2021-04-18,4,Netherlands,A,call,0:28,https://xeno-canto.org/640219/download,XC640219-210418_6869 Koolmees.mp3,Phylloscopus collybita|Passer domesticus
635601,50.6721,3.3588,2021-04-02,4,Belgium,A,song,1:20,https://xeno-canto.org/635601/download,XC635601-Mesange_charbonniere_2021-04-02_001.mp3,Corvus corone|Phylloscopus collybita
633254,46.5529,5.9105,2021-03-26,3,France,A,"aberrant, song, odd song",0:55,https://xeno-canto.org/633254/download,XC633254-Mesange charbonniere chant atypique ++.mp3,
631744,51.1405,4.9916,2021-03-08,3,Belgium,A,call,0:06,https://xeno-canto.org/631744/download,XC631744-Koolmees 20210308 1835 1a.mp3,Dendrocopos major
631477,49.4218,8.6781,2021-03-24,3,Germany,A,"imitation, song, two types, mimicry/imitation",13:41,https://xeno-canto.org/631477/download,XC631477-2021.03.24_05.53_02.mp3,Fringilla coelebs|Turdus merula
630951,50.4331,4.8907,2021-03-22,3,Belgium,A,alarm call,0:30,https://xeno-canto.org/630951/download,XC630951-LS_57254 Koolmees agitated calls near Dwerguil A.mp3,
627978,51.1404,4.9922,2021-03-08,3,Belgium,A,call,0:02,https://xeno-canto.org/627978/download,XC627978-Koolmees 20210308 1300a.mp3,
627276,49.0699,1.6524,2021-03-07,3,France,A,"alarm call, call, chatter, whistles",1:20,https://xeno-canto.org/627276/download,XC627276-Mesange charbonniere divers chatters et sifflements +.mp3,
602153,46.5763,0.3224,2020-03-19,3,France,A,song,2:03,https://xeno-canto.org/602153/download,XC602153-200319_1697 maison mésange charbonnière.mp3,Passer domesticus
602152,46.5763,0.3224,2020-03-18,3,France,A,song,0:14,https://xeno-canto.org/602152/download,XC602152-200318_1695 id mésange charbonnière.mp3,
602151,46.5763,0.3224,2020-03-18,3,France,A,song,0:59,https://xeno-canto.org/602151/download,XC602151-200318_1694 id mésange charbonnière.mp3,
602149,46.5763,0.3224,2020-03-18,3,France,A,song,1:44,https://xeno-canto.org/602149/download,XC602149-200318_1693 id mésange charbonnière.mp3,
602148,46.5763,0.3224,2020-03-18,3,France,A,song,0:25,https://xeno-canto.org/602148/download,XC602148-200318_1692 maison mésange charbonnière.mp3,
593044,46.6087,0.1831,2020-04-24,4,France,A,"call, wing beat",0:27,https://xeno-canto.org/593044/download,XC593044-200424_2079 Vouillé P 28 mésange charbonnière.mp3,
583661,51.4154,4.4126,2020-05-12,5,Belgium,A,song,0:44,https://xeno-canto.org/583661/download,XC583661-Koolmees 200408 Kalmthoutse heide.mp3,
581932,47.994,10.9672,2020-05-01,5,Germany,A,"aberrant, call, song",6:56,https://xeno-canto.org/581932/download,XC581932-KOHLMEISE  1.05.2020  Egelsee  6_25  VOC_200501-0706.mp3,Turdus pilaris|Fringilla coelebs|Sylvia atricapilla|Turdus merula|Fulica atra|Corvus corone|Parus major|Anas platyrhynchos
571732,52.3457,4.8095,2019-04-20,4,Netherlands,A,call,0:28,https://xeno-canto.org/571732/download,XC571732-20190420-1031.mp3,
556936,48.8205,2.1781,2020-05-06,5,France,A,begging call,0:19,https://xeno-canto.org/556936/download,XC556936-Mesange charbonniere quemandage ++.mp3,
553637,51.1405,4.9916,2020-05-03,5,Belgium,A,song,0:05,https://xeno-canto.org/553637/download,XC553637-Koolmees 2020-05-03 0640a.mp3,Parus major
551734,51.1404,4.992,2020-04-28,4,Belgium,A,song,0:09,https://xeno-canto.org/551734/download,XC551734-Koolmees 2020-04-28 1015 1a.mp3,Parus major
551692,51.1405,4.9916,2020-04-27,4,Belgium,A,song,0:33,https://xeno-canto.org/551692/download,XC551692-Koolmees 2020-04-27 1850 1a.mp3,Turdus philomelos|Sylvia atricapilla|Dendrocopos major|Phylloscopus collybita|Passer domesticus
550313,47.8954,-2.4272,2020-03-07,3,France,A,song,1:06,https://xeno-canto.org/550313/download,XC550313-PARMAJ_Ploermel(56)_20200307_1.mp3,
546441,51.2162,4.6625,2020-04-15,4,Belgium,A,"call, imitation, mimicry/imitation",0:09,https://xeno-canto.org/546441/download,XC546441-koolklever.mp3,
545839,46.5761,0.3222,2020-03-25,3,France,A,song,4:39,https://xeno-canto.org/545839/download,XC545839-200325_1722 mésange charbonnière.mp3,Cyanistes caeruleus|Passer domesticus
543377,46.5761,0.3221,2020-03-23,3,France,A,song,1:39,https://xeno-canto.org/543377/download,XC543377-200323_1713_Maison mésange charbonnière.mp3,Turdus merula|Passer domesticus
543375,46.5761,0.3221,2020-03-23,3,France,A,song,0:40,https://xeno-canto.org/543375/download,XC543375-200323_1712 Maison mésange charbonnière.mp3,Cyanistes caeruleus|Turdus merula|Passer domesticus
541533,48.8205,2.1781,2020-04-04,4,France,A,"alarm call, call, various calls",0:24,https://xeno-canto.org/541533/download,XC541533-Mesange charbonniere divers cris +.mp3,
541531,48.8205,2.1781,2020-04-04,4,France,A,"call, ""psi-psi-che-che""",0:41,https://xeno-canto.org/541531/download,XC541531-Mesange charbonniere cri psi-pis-che-che +.mp3,
541528,48.8205,2.1781,2020-04-04,4,France,A,"song, two-toned song",1:30,https://xeno-canto.org/541528/download,XC541528-Mesange charbonniere chant ++.mp3,
541526,48.8205,2.1781,2020-04-04,4,France,A,song,0:56,https://xeno-canto.org/541526/download,XC541526-Mesange charbonniere chant ++ 2.mp3,
541522,48.8205,2.1781,2020-04-04,4,France,A,song,0:26,https://xeno-canto.org/541522/download,XC541522-Mesange charbonniere chant +.mp3,
541517,48.8205,2.1781,2020-04-04,4,France,A,"flight call, imitation, song, imitation of marshtit, mimicry/imitation",1:26,https://xeno-canto.org/541517/download,XC541517-Mesange charbo chant type nonnette etonnant et vol ++.mp3,
538945,47.52,5.1814,2020-03-27,3,France,A,song,1:08,https://xeno-canto.org/538945/download,XC538945-Mésange-charbonnière_20200327_1100_Til_01.mp3,
537814,48.8205,2.1781,2020-03-24,3,France,A,"song, four-toned song",1:02,https://xeno-canto.org/537814/download,XC537814-Mesange charbonniere chant etage sur 4 notes ++.mp3,
537813,48.8205,2.1781,2020-03-24,3,France,A,song,2:22,https://xeno-canto.org/537813/download,XC537813-Mesange charbonniere chant etage ++.mp3,
536592,48.8205,2.1781,2020-03-21,3,France,A,"flight call, song, si-zi to chatter",0:35,https://xeno-canto.org/536592/download,XC536592-Mesange charbonniere si-zi to chatter ++.mp3,
536587,48.8205,2.1781,2020-03-21,3,France,A,"""ti-buit""",1:01,https://xeno-canto.org/536587/download,XC536587-Mesange charbonniere cri-chant ti-buit ++.mp3,
536136,47.52,5.1812,2020-03-19,3,France,A,song,3:36,https://xeno-canto.org/536136/download,XC536136-Mésange-charbonnière_20200319_1700_Til_01.mp3,
535697,48.8196,2.1885,2020-03-18,3,France,A,song,1:07,https://xeno-canto.org/535697/download,XC535697-Mesange charbonniere chant sur 2 notes ++.mp3,
535694,48.8196,2.1885,2020-03-18,3,France,A,song,0:35,https://xeno-canto.org/535694/download,XC535694-Mesange charbonniere 2 types de chants ++.mp3,
533705,48.6647,1.8492,2020-03-07,3,France,A,"aberrant, song, intriguing song like marsh tit",0:59,https://xeno-canto.org/533705/download,XC533705-Mesange charbonniere vue avec un chant ressemblant incroyablement a nonnette.mp3,
533700,48.6647,1.8492,2020-03-07,3,France,A,"aberrant, call, song, nasal calls",1:30,https://xeno-canto.org/533700/download,XC533700-Mesanche charbonniere cris tres nasillards puis chants normaux.mp3,
516323,42.6638,2.4999,2017-05-26,5,France,A,alarm call,0:36,https://xeno-canto.org/516323/download,XC516323-PARMAJ_170526_2979_Marcevol66.mp3,
505777,43.8958,3.7375,2017-05-17,5,France,A,song,0:55,https://xeno-canto.org/505777/download,XC505777-PARMAJ_170517_2858_ind1_SBDP34_Filature_0020_0115.mp3,
478194,48.3941,2.577,2019-06-01,6,France,A,"begging call, call",1:00,https://xeno-canto.org/478194/download,XC478194-Mesange charbonniere famille +.mp3,
471713,41.4115,9.2336,2019-04-09,4,France,A,song,2:19,https://xeno-canto.org/471713/download,XC471713-2019-04-09 Bonifaccio - Pianotoni Caldarello Mesange charbonniere chant amusant tres buzze melodieux +.mp3,
470193,51.94,5.9038,2019-03-26,3,Netherlands,A,song,0:18,https://xeno-canto.org/470193/download,"XC470193-Koolmees, net uit de nestkast, zang, 260319, 0452 uur.mp3",
468695,51.94,5.9038,2019-04-22,4,Netherlands,A,"aberrant, song",0:37,https://xeno-canto.org/468695/download,"XC468695-Koolmees, afwijkende zang, 220419, 0631 uur.mp3",
467945,42.6621,2.5006,2019-04-06,4,France,A,song,1:09,https://xeno-canto.org/467945/download,XC467945-PARMAJ_190406_4594_FRICOE_Marcevol66.mp3,Cyanistes caeruleus|Fringilla coelebs
467944,42.6621,2.5006,2019-04-06,4,France,A,song,0:33,https://xeno-canto.org/467944/download,XC467944-PARMAJ_190406_4586_Marcevol66.mp3,
467687,52.2268,6.7255,2019-04-20,4,Netherlands,A,call,1:48,https://xeno-canto.org/467687/download,XC467687-RDBPARA-003_20190420_0745_GreatTit_calls.mp3,Fringilla coelebs|Sylvia atricapilla|Turdus merula|Erithacus rubecula|Troglodytes troglodytes
462833,50.459,3.694,2019-03-22,3,Belgium,A,song,2:43,https://xeno-canto.org/462833/download,XC462833-MESANGE CHARBONNIERE HHP ROS MAILLETTES 22 03 19 XC.mp3,
462714,50.9925,4.3981,2019-03-22,3,Belgium,A,song,0:38,https://xeno-canto.org/462714/download,XC462714-LS101305 Koolmees song A.mp3,
462709,50.9925,4.3981,2019-03-22,3,Belgium,A,song,0:37,https://xeno-canto.org/462709/download,XC462709-LS101297 Koolmees song A.mp3,
462704,50.9925,4.3981,2019-03-22,3,Belgium,A,song,0:41,https://xeno-canto.org/462704/download,XC462704-LS101290 Koolmees song A.mp3,
438243,46.5763,0.3224,2018-05-27,5,France,A,song,1:08,https://xeno-canto.org/438243/download,XC438243-180527_0956 Maison mésange charbonnière.mp3,
437705,46.5763,0.3224,2018-05-10,5,France,A,song,2:20,https://xeno-canto.org/437705/download,XC437705-180510_0890 Maison mésange charbonnière.mp3,
436195,46.3251,-1.3199,2018-04-17,4,France,A,song,0:54,https://xeno-canto.org/436195/download,XC436195-180417_0770 La Faute Mésange charbonnière.mp3,
418483,42.5154,3.1364,2018-05-20,5,France,A,"song, odd song",1:17,https://xeno-canto.org/418483/download,XC418483-Mesange charboniere chant trisyllabique.mp3,
417023,50.1317,4.6177,2018-05-20,5,Belgium,A,song,0:55,https://xeno-canto.org/417023/download,"XC417023-Great Tit (song, BE, Matagne-la-Grande, 20May2018, 1).mp3",
407134,46.9846,7.2564,2018-03-24,3,Switzerland,A,song,2:03,https://xeno-canto.org/407134/download,"XC407134-Great Tit, 24.03., song2, Niederreid, BE.mp3",Cyanistes caeruleus|Fringilla coelebs|Corvus corone|Erithacus rubecula|Dendrocopos major|Poecile palustris
407131,46.9846,7.2564,2018-03-23,3,Switzerland,A,song,1:02,https://xeno-canto.org/407131/download,"XC407131-Great Tit, song2, 23.03., Niederried, BE.mp3",Cyanistes caeruleus|Buteo buteo|Fulica atra|Corvus corone|Dendrocopos major
407130,46.9846,7.2564,2018-03-23,3,Switzerland,A,song,1:09,https://xeno-canto.org/407130/download,"XC407130-Great Tit, 23.03., song3, Niederried, BE.mp3",Corvus corone|Erithacus rubecula|Troglodytes troglodytes
407129,46.9846,7.2564,2018-03-23,3,Switzerland,A,call,0:44,https://xeno-canto.org/407129/download,"XC407129-Great Tit, 23.03., call1, Niederreid, BE.mp3",Cyanistes caeruleus|Fulica atra|Corvus corone|Larus michahellis
406287,46.9846,7.2564,2018-03-16,3,Switzerland,A,song,0:26,https://xeno-canto.org/406287/download,"XC406287-Great Tit, 16.03., song, Niederried, BE.mp3",
406286,46.9846,7.2564,2018-03-16,3,Switzerland,A,call,0:20,https://xeno-canto.org/406286/download,"XC406286-Great Tit, 16.03., call, Niderried BE.mp3",
402253,51.0553,3.7593,2015-03-17,3,Belgium,A,song,1:27,https://xeno-canto.org/402253/download,"XC402253-Great Tit (song, Belgium, Gent Rozenbroeken, 17mar2015, 1).MP3",
402252,51.0553,3.7593,2015-03-17,3,Belgium,A,call,1:18,https://xeno-canto.org/402252/download,"XC402252-Great Tit (call, Belgium, Gent Rozenbroeken, 17mar2015, 2).MP3",
402251,51.0553,3.7593,2015-03-17,3,Belgium,A,call,0:23,https://xeno-canto.org/402251/download,"XC402251-Great Tit (call, Belgium, Gent Rozenbroeken, 17mar2015, 1).MP3",
385159,52.1845,6.9603,2017-05-14,5,Germany,A,call,0:30,https://xeno-canto.org/385159/download,XC385159-Kohlmeise 14. Mai.mp3,Sylvia atricapilla|Turdus merula|Erithacus rubecula|Troglodytes troglodytes|Phylloscopus collybita|Anthus trivialis
384625,52.0257,7.6455,2017-05-07,5,Germany,A,song,0:42,https://xeno-canto.org/384625/download,XC384625-Kohlmeise 7. Mai Rieselfelder Münster.mp3,Sylvia atricapilla|Parus major|Phylloscopus collybita|Curruca communis
384622,51.3951,7.0088,2017-05-01,5,Germany,A,song,0:36,https://xeno-canto.org/384622/download,XC384622-Kohlmeise 1. Mai.mp3,Turdus merula
381182,43.8959,3.7364,2017-05-15,5,France,A,song,0:55,https://xeno-canto.org/381182/download,XC381182-PARMAJ_170517_2858_ind1_SBDP34_Filature_0020_0115.mp3,Sylvia atricapilla|Passer domesticus
371625,48.2702,7.3967,2017-04-16,4,France,A,song,0:27,https://xeno-canto.org/371625/download,XC371625-Kohlmeise Châtenois.mp3,Cyanistes caeruleus|Phoenicurus ochruros|Turdus philomelos|Sylvia atricapilla|Turdus merula|Parus major
371457,51.3948,7.0112,2017-04-01,4,Germany,A,song,1:06,https://xeno-canto.org/371457/download,XC371457-Kohlmeise 1. April Towersgarten.mp3,Turdus merula|Erithacus rubecula
371430,51.3949,7.0094,2017-03-25,3,Germany,A,song,1:21,https://xeno-canto.org/371430/download,XC371430-Kohlmeise 25. März.mp3,Turdus merula
361979,52.3568,4.5675,2017-03-28,3,Netherlands,A,alarm call,1:48,https://xeno-canto.org/361979/download,XC361979-53777.mp3,
359045,52.2266,13.8401,2017-03-14,3,Germany,A,call,0:25,https://xeno-canto.org/359045/download,XC359045-kohl0740.mp3,Fringilla coelebs|Dendrocopos major
357767,46.9769,7.1444,2017-03-04,3,Switzerland,A,song,0:35,https://xeno-canto.org/357767/download,"XC357767-Great Tit1, 04.03., Bellechasse.mp3",Fringilla coelebs|Corvus corax|Coloeus monedula|Emberiza citrinella|Sturnus vulgaris
351439,47.6037,7.6657,2015-04-27,4,Germany,A,song,11:32,https://xeno-canto.org/351439/download,"XC351439-KOHLMEISE, Strophentypwechsel 27.04.2015  Lörrach, Finkenweg  5_53  VOC_150427-2481 - Teil 1 gült. neu.mp3",Turdus merula|Corvus corone|Passer domesticus
348069,42.3089,9.1321,2011-04-04,4,France,A,call,0:06,https://xeno-canto.org/348069/download,XC348069-781_parmaj_kutsu_tjuttjut2_Korsika_2011-04-04.mp3,
337767,48.3447,10.9154,2016-04-22,4,Germany,A,song,2:55,https://xeno-canto.org/337767/download,XC337767-5155_180-01hiequen mp3.mp3,Cyanistes caeruleus|Sylvia atricapilla|Turdus merula
331371,52.6408,13.2956,2016-04-30,4,Germany,A,song,1:38,https://xeno-canto.org/331371/download,XC331371-Great Tit_20160430_114050_prepared.mp3,
315677,53.7472,9.6669,2016-04-12,4,Germany,A,song,0:44,https://xeno-canto.org/315677/download,XC315677-Kohlmeise.mp3,
309830,51.3955,7.0093,2016-03-26,3,Germany,A,song,0:57,https://xeno-canto.org/309830/download,XC309830-Kohlmeise 26. März.mp3,Turdus merula|Erithacus rubecula
309828,51.3952,7.0089,2016-03-20,3,Germany,A,song,1:09,https://xeno-canto.org/309828/download,XC309828-Kohlmeise 20. März.mp3,Turdus merula|Erithacus rubecula
309826,51.3937,7.0164,2016-03-06,3,Germany,A,call,0:53,https://xeno-canto.org/309826/download,XC309826-Kohlmeise 6. März.mp3,Erithacus rubecula
309824,51.3954,7.0079,2016-03-03,3,Germany,A,song,0:47,https://xeno-canto.org/309824/download,XC309824-Kohlmeise 3. März.mp3,Turdus merula|Parus major|Erithacus rubecula|Chloris chloris
308734,52.162,14.0957,2016-03-26,3,Germany,A,call,0:29,https://xeno-canto.org/308734/download,XC308734-kohl0705.mp3,
304755,51.4288,7.0034,2015-05-03,5,Germany,A,,0:13,https://xeno-canto.org/304755/download,XC304755-Kohlmeisenküken.mp3,
304754,51.3909,7.002,2015-05-03,5,Germany,A,song,1:14,https://xeno-canto.org/304754/download,XC304754-Kohlmeise Heckstraße.mp3,Turdus merula|Parus major|Erithacus rubecula|Certhia brachydactyla
304752,48.7558,5.9045,2015-04-11,4,France,A,song,0:54,https://xeno-canto.org/304752/download,XC304752-Kohlmeise Andilly.mp3,Fringilla coelebs|Sylvia atricapilla|Turdus merula|Phylloscopus collybita
304747,48.3592,7.3186,2015-04-10,4,France,A,song,0:48,https://xeno-canto.org/304747/download,XC304747-Kohlmeise Albé (7).mp3,Erithacus rubecula
304746,48.3592,7.3186,2015-04-10,4,France,A,song,2:11,https://xeno-canto.org/304746/download,XC304746-Kohlmeise Albé (6).mp3,Erithacus rubecula
304745,48.3592,7.3186,2015-04-10,4,France,A,song,0:58,https://xeno-canto.org/304745/download,XC304745-Kohlmeise Albé (5).mp3,Turdus merula|Erithacus rubecula|Troglodytes troglodytes
303440,48.3268,7.3137,2015-04-09,4,France,A,song,1:10,https://xeno-canto.org/303440/download,XC303440-Kohlmeise Neuve-Église.mp3,Turdus viscivorus|Phoenicurus ochruros|Turdus merula|Passer domesticus
303437,48.3263,7.3132,2015-04-09,4,France,A,song,0:25,https://xeno-canto.org/303437/download,XC303437-Kohlmeise Neuve-Église (4).mp3,Phoenicurus ochruros|Turdus merula|Parus major|Troglodytes troglodytes
303436,48.3272,7.3139,2015-04-09,4,France,A,song,1:14,https://xeno-canto.org/303436/download,XC303436-Kohlmeise Neuve-Église (3).mp3,Phoenicurus ochruros|Turdus merula|Parus major
303422,48.3498,7.3288,2015-04-06,4,France,A,song,1:09,https://xeno-canto.org/303422/download,XC303422-Kohlmeise Albé (4).mp3,Turdus merula
303416,48.3581,7.3218,2015-04-06,4,France,A,song,0:39,https://xeno-canto.org/303416/download,XC303416-Kohlmeise Albé (3).mp3,Turdus philomelos|Turdus merula|Erithacus rubecula|Phylloscopus collybita
303404,48.3596,7.3213,2015-04-06,4,France,A,song,0:48,https://xeno-canto.org/303404/download,XC303404-Kohlmeise Albé (1).mp3,Cyanistes caeruleus|Erithacus rubecula
303403,48.3596,7.3213,2015-04-06,4,France,A,song,1:05,https://xeno-canto.org/303403/download,XC303403-Kohlmeise Albé.mp3,Cyanistes caeruleus
303395,51.3954,7.0079,2015-03-18,3,Germany,A,"call, song",0:28,https://xeno-canto.org/303395/download,XC303395-Kohlmeise rufgesang.mp3,Parus major|Chloris chloris
303321,51.3954,7.0079,2014-05-11,5,Germany,A,song,4:58,https://xeno-canto.org/303321/download,XC303321-Kohlmeise 2014.mp3,Fringilla coelebs|Turdus merula|Erithacus rubecula|Pica pica|Troglodytes troglodytes
303316,51.3888,7.0014,2014-05-04,5,Germany,A,song,0:31,https://xeno-canto.org/303316/download,XC303316-Kohlmeise 4.5.14.mp3,Turdus merula|Parus major
303312,51.576,7.2223,2012-04-06,4,Germany,A,song,0:15,https://xeno-canto.org/303312/download,XC303312-Kohlmeise.mp3,Passer domesticus
281645,50.233,5.466,2007-03-16,3,Belgium,A,alarm call,0:13,https://xeno-canto.org/281645/download,XC281645-414 93 Koolmees 93 Alarm roep.mp3,
281644,50.233,5.466,2007-03-17,3,Belgium,A,alarm call,0:44,https://xeno-canto.org/281644/download,XC281644-414 92 Koolmees 92 Alarm roep.mp3,
281640,51.371252,4.612641,2007-06-02,6,Belgium,A,song,0:51,https://xeno-canto.org/281640/download,XC281640-414 6 Koolmees 6 Zang.mp3,
281639,51.371252,4.612641,2007-06-02,6,Belgium,A,song,0:40,https://xeno-canto.org/281639/download,XC281639-414 5 Koolmees 5 Zang.mp3,
281638,50.233,5.466,2007-03-17,3,Belgium,A,song,0:37,https://xeno-canto.org/281638/download,XC281638-414 4 Koolmees 4 Zang.mp3,
281636,50.054,4.625,2007-06-02,6,Belgium,A,song,0:34,https://xeno-canto.org/281636/download,XC281636-414 2 Koolmees 2 Zang.mp3,
281635,50.233,5.466,2007-03-17,3,Belgium,A,song,0:41,https://xeno-canto.org/281635/download,XC281635-414 1 Koolmees 1 Zang.mp3,
175109,52.118,4.34,2014-04-18,4,Netherlands,A,call,1:31,https://xeno-canto.org/175109/download,XC175109-Km_Orijs_140418-11_xc.mp3,Cyanistes caeruleus|Sylvia atricapilla|Turdus merula|Luscinia megarhynchos|Parus major|Phylloscopus collybita|Anthus trivialis|Phoenicurus phoenicurus
172453,52.0727,4.4515,2014-04-04,4,Netherlands,A,song,3:55,https://xeno-canto.org/172453/download,XC172453-Km_BuytenpZ-140404-02_xc.mp3,Cyanistes caeruleus|Anser anser|Sylvia atricapilla|Turdus merula|Larus argentatus|Parus major|Troglodytes troglodytes|Phylloscopus collybita|Phasianus colchicus|Podiceps cristatus|Anas platyrhynchos
170185,46.9883,7.0515,2014-03-18,3,Switzerland,A,song,0:34,https://xeno-canto.org/170185/download,XC170185-Great Tit1.mp3,
168910,54.1839,9.1395,2014-03-05,3,Germany,A,alarm call,0:58,https://xeno-canto.org/168910/download,XC168910-KohlmeiseRuesdMoor5-3-14_11-44xc.mp3,Fringilla coelebs|Turdus philomelos|Corvus corone
161542,49.1482,2.6614,1993-04-11,4,France,A,song,0:19,https://xeno-canto.org/161542/download,XC161542-1993041103 Parus major_FD.mp3,
139327,52.0775,4.3249,2013-06-21,6,Netherlands,A,subsong,1:54,https://xeno-canto.org/139327/download,XC139327-Km-Sub_Zog_130621-03a5_xc.mp3,
135371,44.5861,5.543,2013-05-27,5,France,A,song,0:35,https://xeno-canto.org/135371/download,XC135371-2013052702_0627_Parus major_M_F DEROUSSEN.mp3,Sylvia atricapilla|Turdus merula
132001,44.5919,5.5699,2013-03-10,3,France,A,song,0:36,https://xeno-canto.org/132001/download,XC132001-2013031002_Parus major_chant_F DEROUSSEN.mp3,
131611,54.2137,9.1037,2013-04-25,4,Germany,A,song,0:37,https://xeno-canto.org/131611/download,XC131611-KohlmKreistannenS25-4-13_11-47.mp3,Phoenicurus phoenicurus
129372,54.1522,9.2256,2013-04-13,4,Germany,A,alarm call,0:18,https://xeno-canto.org/129372/download,XC129372-KohlmeiseRWHuette13-4-13_15-12.mp3,
129329,52.0775,4.3249,2013-04-12,4,Netherlands,A,song,2:11,https://xeno-canto.org/129329/download,XC129329-Km-St1_Zog_130410-3a_xc.mp3,
129328,52.0775,4.3249,2013-04-12,4,Netherlands,A,song,2:00,https://xeno-canto.org/129328/download,XC129328-Km-St5_Zog_130410-2c_xc.mp3,
129327,52.0775,4.3249,2013-04-12,4,Netherlands,A,song,2:53,https://xeno-canto.org/129327/download,XC129327-Km-St1_Zog_130410-2b_xc.mp3,
129326,52.0775,4.3249,2013-04-12,4,Netherlands,A,song,2:55,https://xeno-canto.org/129326/download,XC129326-Km-St2_Zog_130410-2a_xc.mp3,
129325,52.0775,4.3249,2013-04-12,4,Netherlands,A,song,1:57,https://xeno-canto.org/129325/download,XC129325-Km-St4b_Zog_130410-1c_xc.mp3,
129324,52.0775,4.3249,2013-04-12,4,Netherlands,A,song,2:55,https://xeno-canto.org/129324/download,XC129324-Km-St4a_Zog_130410-1b_xc.mp3,
129323,52.0775,4.3249,2013-04-12,4,Netherlands,A,song,2:55,https://xeno-canto.org/129323/download,XC129323-Km-St3_Zog_130410-1a_xc.mp3,
128697,49.4162,8.1756,2013-03-28,3,Germany,A,song,0:34,https://xeno-canto.org/128697/download,XC128697-2013_03_28_Kohlmeise_Deidesheim_10Uhr00_T1034.mp3,Fringilla coelebs|Emberiza cirlus|Turdus philomelos|Turdus merula|Parus major|Garrulus glandarius
123589,52.0775,4.3249,2013-03-03,3,Netherlands,A,call,0:42,https://xeno-canto.org/123589/download,XC123589-Km_Zog_130303-010203xc.mp3,Fulica atra|Larus argentatus|Chroicocephalus ridibundus|Anas platyrhynchos
101346,48.3212,10.9414,2012-05-17,5,Germany,A,??,1:02,https://xeno-canto.org/101346/download,2028 mp3.mp3,
101009,52.131,4.329,2012-05-14,5,Netherlands,A,song,2:37,https://xeno-canto.org/101009/download,Km_Golfzw_120514-06xc.mp3,Cyanistes caeruleus|Fringilla coelebs|Phylloscopus trochilus|Sylvia atricapilla|Turdus merula|Corvus corone|Luscinia megarhynchos
99911,50.792,4.423,2012-04-27,4,Belgium,A,song,0:39,https://xeno-canto.org/99911/download,LS110558_mesange_charbonniere_eigenhuis_noise_normal.mp3,
98274,52.0775,4.3249,2012-03-31,3,Netherlands,A,call,0:35,https://xeno-canto.org/98274/download,Km_ZOS_120331-02.mp3,
97120,48.3289,10.9351,2012-03-20,3,Germany,A,"song, ""song-'glassy bell' """,1:03,https://xeno-canto.org/97120/download,1737 mp3.mp3,
96983,49.5732,8.5185,2012-03-10,3,Germany,A,"call, song",1:47,https://xeno-canto.org/96983/download,2012_03_10_Parus_major_ViernhHeide_10Uhr15.mp3,
96982,49.568,8.518,2012-03-10,3,Germany,A,song,1:15,https://xeno-canto.org/96982/download,2012_03_10_Parus_major_ViernhHeide_9Uhr26.mp3,Fringilla coelebs|Lullula arborea
89967,45.242,5.752,2011-04-08,4,France,A,song,0:51,https://xeno-canto.org/89967/download,"188 Parus major, Corenc, Vence (France), 08-04-11.mp3",
76364,49.55,8.545,2011-04-23,4,Germany,A,song,0:45,https://xeno-canto.org/76364/download,Take461_Kohlmeise_ViernheimerH_2011_04_23-9Uhr10.mp3,Jynx torquilla|Fringilla coelebs|Lullula arborea|Phoenicurus phoenicurus
55174,42.794,0.012,2010-05-28,5,France,A,call,0:30,https://xeno-canto.org/55174/download,PARMAJ_100528_GEDRE_Ayrues5.mp3,Fringilla coelebs|Sylvia atricapilla
53725,42.784,0.036,2010-05-28,5,France,A,song,0:18,https://xeno-canto.org/53725/download,Parus major.mp3,Cuculus canorus|Sylvia atricapilla
1107835,48.8731,-1.8331,2026-03-20,3,France,B,call,0:13,https://xeno-canto.org/1107835/download,XC1107835-Més-charbo-20-mars-Chausey.mp3,
1107160,43.6207,3.8725,2026-05-07,5,France,B,"begging call, call",0:20,https://xeno-canto.org/1107160/download,XC1107160-2026.05.07-07h40-Charbonnière-poussins.mp3,
1106172,47.123,16.4243,2026-04-19,4,Austria,B,song,0:40,https://xeno-canto.org/1106172/download,XC1106172-260419-093453-Kohlmeise-LC125Hz.wav,Parus major
1105710,47.123,16.4243,2026-04-05,4,Austria,B,"call, song",1:23,https://xeno-canto.org/1105710/download,XC1105710-260405-093332-Kohlmeise.wav,Corvus corax|Phylloscopus collybita
1105482,47.9984,10.9503,2026-04-18,4,Germany,B,call,0:06,https://xeno-canto.org/1105482/download,"XC1105482-KOHLMEISE-i.-Garten,-Dreiklangruf--13_35--VOC_260418-7375.wav",Passer domesticus
1105326,44.6861,5.9501,2026-05-03,5,France,B,song,0:42,https://xeno-canto.org/1105326/download,XC1105326-MesCharb_Devoluy_gite_105-1_2026-05-03.wav,
1104743,48.8573,12.7455,2026-04-28,4,Germany,B,call,0:27,https://xeno-canto.org/1104743/download,XC1104743-Kohlmeise_Ruf_20260428.wav,Fringilla coelebs
1103440,49.0644,12.2977,2026-04-27,4,Germany,B,"alarm call, call",0:53,https://xeno-canto.org/1103440/download,XC1103440-Kohlmeise_Ruf_Chase_20260427.wav,Erithacus rubecula
1103431,49.0648,12.2978,2026-04-27,4,Germany,B,call,0:38,https://xeno-canto.org/1103431/download,XC1103431-Kohlmeise_Ruf_20260427_1.wav,Erithacus rubecula
1103430,49.0641,12.2977,2026-04-27,4,Germany,B,call,0:36,https://xeno-canto.org/1103430/download,XC1103430-Kohlmeise_Ruf_20260427.wav,Fringilla coelebs|Phylloscopus collybita
1101671,51.9892,4.4694,2026-04-20,4,Netherlands,B,song,0:45,https://xeno-canto.org/1101671/download,XC1101671-250420_4712-Koolmees.mp3,Cyanistes caeruleus|Columba palumbus|Prunella modularis
1101021,43.6362,1.5399,2026-04-18,4,France,B,song,0:48,https://xeno-canto.org/1101021/download,XC1101021-260418_005_Tr1.wav,Sylvia atricapilla|Turdus merula
1100412,42.7168,2.1621,2026-04-06,4,France,B,call,0:34,https://xeno-canto.org/1100412/download,XC1100412-260406_0457b.wav,
1097384,50.9598,12.6942,2025-06-03,6,Germany,B,song,0:13,https://xeno-canto.org/1097384/download,XC1097384-DEV_004_20250603_115629clip.wav,
1097106,50.9569,12.6956,2025-06-04,6,Germany,B,song,0:20,https://xeno-canto.org/1097106/download,XC1097106-DEV_001_20250604_073605clip.wav,
1096413,43.6207,3.8725,2026-04-10,4,France,B,"call, song, subsong",0:38,https://xeno-canto.org/1096413/download,XC1096413-2026.04.10-20h03-Charbonnière-subsong.mp3,Phoenicurus phoenicurus
1096204,43.6337,1.5425,2026-04-10,4,France,B,"alarm call, call",3:05,https://xeno-canto.org/1096204/download,XC1096204-CM-003.wav,
1095936,46.6626,-1.4526,2026-04-09,4,France,B,song,0:32,https://xeno-canto.org/1095936/download,XC1095936-Parus-major-09042026.wav,
1095927,42.7298,2.1539,2026-04-06,4,France,B,song,2:35,https://xeno-canto.org/1095927/download,XC1095927-SCENE012_09h25b.wav,
1092918,49.0361,12.8181,2026-04-01,4,Germany,B,call,1:27,https://xeno-canto.org/1092918/download,XC1092918-Kohlmeise_Ruf_20260401XC.wav,Fringilla coelebs|Corvus corone
1091254,50.3672,3.8482,2026-03-20,3,Belgium,B,call,0:13,https://xeno-canto.org/1091254/download,XC1091254-Mesange-charbonniere-260317-1000-1CB_39_Colfontaine_OUGANDA-006.mp3,
1091252,50.3672,3.8482,2026-03-20,3,Belgium,B,call,0:16,https://xeno-canto.org/1091252/download,XC1091252-Mesagang-charbonniere-260317-1000-1CMB_39_Colfontaine_OUGANDA-003.mp3,Phylloscopus collybita
1090762,47.8825,-2.1998,2026-03-23,3,France,B,song,0:31,https://xeno-canto.org/1090762/download,XC1090762-PARMAJ_260323_5947_Monteneuf56_ENS.mp3,Fringilla coelebs|Erithacus rubecula
1090319,49.4954,17.7883,2026-03-15,3,Czech Republic,B,song,0:33,https://xeno-canto.org/1090319/download,XC1090319-2026-03-15-parus-major.wav,Phylloscopus collybita
1089785,48.7456,2.2778,2026-03-20,3,France,B,song,0:37,https://xeno-canto.org/1089785/download,XC1089785-2026-03-19_16_44_Parus_major_Verrieres_le_Buisson_France.wav,Erithacus rubecula
1088917,50.2217,17.0791,2026-03-07,3,Czech Republic,B,"aberrant, song",0:56,https://xeno-canto.org/1088917/download,XC1088917-2026-03-07-parus-major-(2).wav,Turdus viscivorus
1088915,50.2186,17.0761,2026-03-07,3,Czech Republic,B,alarm call,0:39,https://xeno-canto.org/1088915/download,XC1088915-2026-03-07-parus-major.wav,Fringilla coelebs
1088544,47.6911,9.1835,2026-03-13,3,Germany,B,"aberrant, song",0:55,https://xeno-canto.org/1088544/download,XC1088544-20260313_044800.wav,Erithacus rubecula
1087376,44.6217,4.6102,2026-03-08,3,France,B,song,0:53,https://xeno-canto.org/1087376/download,XC1087376-MixPre-1032_Parus_major_YB.wav,Sylvia atricapilla|Erithacus rubecula
1087011,45.8486,8.9476,2026-03-08,3,Switzerland,B,song,0:37,https://xeno-canto.org/1087011/download,XC1087011-260308_Cinciallegra.wav,
1085790,43.6337,1.5425,2026-03-07,3,France,B,call,1:43,https://xeno-canto.org/1085790/download,XC1085790-CM-012.mp3,Corvus corone|Parus major|Erithacus rubecula|Pica pica|Anthus pratensis
1085776,43.6337,1.5425,2026-03-07,3,France,B,song,1:02,https://xeno-canto.org/1085776/download,XC1085776-CM-006.mp3,Sitta europaea|Parus major|Erithacus rubecula|Phylloscopus collybita|Sturnus vulgaris
1085775,43.6337,1.5425,2026-03-07,3,France,B,song,1:59,https://xeno-canto.org/1085775/download,XC1085775-CM-005.mp3,Cyanistes caeruleus|Parus major|Erithacus rubecula|Dendrocopos major|Garrulus glandarius|Troglodytes troglodytes|Chloris chloris
1085771,43.6337,1.5425,2026-03-07,3,France,B,song,0:37,https://xeno-canto.org/1085771/download,XC1085771-CM-002.mp3,Parus major|Dendrocopos major|Phylloscopus collybita|Sturnus vulgaris
1084524,50.9483,13.402,2022-03-20,3,Germany,B,song,0:18,https://xeno-canto.org/1084524/download,XC1084524-20220320_175800Tclip.WAV.wav,
1076081,52.6408,13.2956,2025-06-22,6,Germany,B,"alarm call, begging call",0:52,https://xeno-canto.org/1076081/download,XC1076081-250622_1183_Great-Tit_nestlings-begging.wav,
1076080,52.6475,13.2939,2025-06-10,6,Germany,B,call,0:25,https://xeno-canto.org/1076080/download,XC1076080-250610_1116_Great-Tit_2-male-call-types.wav,
1076079,52.6408,13.2956,2025-05-24,5,Germany,B,begging call,0:52,https://xeno-canto.org/1076079/download,XC1076079-250524_1050_Great-Tit_begging.wav,
1076078,52.6408,13.2956,2025-05-24,5,Germany,B,begging call,0:15,https://xeno-canto.org/1076078/download,XC1076078-250524_1025_Great-Tit_begging.wav,
1076074,52.6475,13.2939,2025-03-08,3,Germany,B,"alarm call, call",0:17,https://xeno-canto.org/1076074/download,XC1076074-250308_0163_Great-Tit_excitement-calls-male.wav,Fringilla coelebs|Sitta europaea|Dendrocopos major
1076073,52.6475,13.2939,2025-03-08,3,Germany,B,song,0:23,https://xeno-canto.org/1076073/download,XC1076073-250308_0154_Great-Tit_fast-two-note-song.wav,Fringilla coelebs|Sitta europaea|Dendrocopos major
1075278,52.4673,13.3174,2025-04-06,4,Germany,B,aberrant,0:39,https://xeno-canto.org/1075278/download,XC1075278-Kohlmeise-Aberration.mp3,
1073093,48.1604,16.352,2025-03-11,3,Austria,B,"call, song",1:06,https://xeno-canto.org/1073093/download,XC1073093-GRTI_wienerberg_11.3.25.wav,
1047697,47.9848,10.96,2025-03-21,3,Germany,B,call,0:42,https://xeno-canto.org/1047697/download,"XC1047697-KOHLMEISE,-Ruf---09_19--Thaining,-Wald--VOC_250321-6256.wav",Turdus viscivorus|Turdus philomelos
1044076,51.3454,12.3588,2025-05-20,5,Germany,B,song,0:56,https://xeno-canto.org/1044076/download,XC1044076-Greattit_20250520.mp3,Turdus merula
1043813,51.3303,12.3948,2025-03-10,3,Germany,B,uncertain,0:14,https://xeno-canto.org/1043813/download,XC1043813-Greattit_20250310.mp3,
1040944,52.9122,10.2937,2025-04-01,4,Germany,B,"call, song",0:22,https://xeno-canto.org/1040944/download,XC1040944-250401_0455---1103-Kohlmeise-Trauener-Weg-Inneres-Tor.mp3,
1028744,46.7699,5.5207,2025-05-19,5,France,B,begging call,1:04,https://xeno-canto.org/1028744/download,XC1028744-(XC)-cri-Mésange-charbonnière-j_Arlay_09h02.mp3,Sylvia atricapilla|Homo sapiens|Passer domesticus
1022357,43.6337,1.5425,2025-06-01,6,France,B,call,0:08,https://xeno-canto.org/1022357/download,XC1022357-250524_0656a.mp3,
1007924,46.3727,5.9741,2025-06-19,6,France,B,song,0:57,https://xeno-canto.org/1007924/download,XC1007924-charbo-21h15-19juin.wav,
1006435,52.5043,13.4262,2025-06-10,6,Germany,B,"call, song",1:21,https://xeno-canto.org/1006435/download,XC1006435-20250610_LSP5_0389_07_15_25.wav,
1002199,49.3549,0.5087,2025-05-09,5,France,B,song,0:54,https://xeno-canto.org/1002199/download,XC1002199-PARMAJ_250509_5326_PontAudemer_PS12.mp3,Turdus merula|Troglodytes troglodytes|Passer domesticus
1002132,46.7856,1.2153,2025-05-21,5,France,B,song,1:01,https://xeno-canto.org/1002132/download,XC1002132-PARMAJ_250521_5383_36_Brenne.mp3,Fringilla coelebs|Sylvia atricapilla|Phylloscopus collybita|Homo sapiens|Passer domesticus
1002028,49.3144,0.6526,2025-05-08,5,France,B,song,0:06,https://xeno-canto.org/1002028/download,XC1002028-PARMAJ_250508_5289_Appeville27_Foret.mp3,Emberiza cirlus|Phylloscopus collybita
1001965,47.8623,2.0383,2025-05-26,5,France,B,"alarm call, call",0:25,https://xeno-canto.org/1001965/download,XC1001965-PARMAJ_adulte_inquiétude_250526_Bou.mp3,Erithacus rubecula
1001594,47.2975,-1.5695,2025-05-25,5,France,B,call,0:20,https://xeno-canto.org/1001594/download,XC1001594-Great-Tit-male-la-hautiere-may-25-1446-DR0000_2501.wav,Fringilla coelebs|Sylvia atricapilla|Turdus merula
999132,54.0701,13.4648,2025-03-17,3,Germany,B,"alarm call, call, song",0:45,https://xeno-canto.org/999132/download,XC999132-Kohlmeise_C_hgw_eldena_17032025.wav,Cyanistes caeruleus|Fringilla coelebs|Coccothraustes coccothraustes|Sitta europaea|Erithacus rubecula
995547,46.9588,-1.3389,2025-05-03,5,France,B,call,0:08,https://xeno-canto.org/995547/download,XC995547-PARMAJ_250503_5226_Montaigu85_Grenouiller.mp3,
994503,48.9512,2.4064,2025-04-19,4,France,B,song,4:00,https://xeno-canto.org/994503/download,XC994503-BIRDSong_Mesanges-Charbonniere-Bord-Etang-01-Parc-George-Valbon_GC_Printemps2025_PARABOLE.wav,
994454,52.0059,4.3911,2025-04-29,4,Netherlands,B,song,0:54,https://xeno-canto.org/994454/download,XC994454-2504290555-Koolmees.mp3,Anser anser|Sylvia atricapilla|Turdus merula|Troglodytes troglodytes
994049,48.4256,-4.5992,2025-03-30,3,France,B,"call, song",0:42,https://xeno-canto.org/994049/download,XC994049-Parus-major_20250330_Lac-de-Tycolo-Saint-Renan-29FR.wav,Fringilla coelebs|Sylvia atricapilla|Phylloscopus collybita
992432,45.6891,4.1978,2024-04-18,4,France,B,song,1:48,https://xeno-canto.org/992432/download,XC992432-PARMAJ_250418_4961_EcopoleForez42_0653.mp3,Anser anser|Columba palumbus|Sylvia atricapilla|Gallus gallus|Corvus corone|Chroicocephalus ridibundus|Phylloscopus collybita
992431,45.6891,4.1978,2024-04-18,4,France,B,song,2:16,https://xeno-canto.org/992431/download,XC992431-PARMAJ_250418_4961_EcopoleForez42_0648.mp3,Cyanistes caeruleus|Anser anser|Columba palumbus|Sylvia atricapilla|Gallus gallus|Parus major|Erithacus rubecula|Chroicocephalus ridibundus
992430,45.6891,4.1978,2024-04-18,4,France,B,song,1:03,https://xeno-canto.org/992430/download,XC992430-PARMAJ_250418_4961_EcopoleForez42_0646.mp3,Columba palumbus|Sylvia atricapilla|Gallus gallus|Chroicocephalus ridibundus|Gallinula chloropus
991253,45.611,4.0422,2025-04-14,4,France,B,song,1:41,https://xeno-canto.org/991253/download,XC991253-PARMAJ_250414_4924_Montbrison42B.mp3,
991252,45.611,4.0422,2025-04-14,4,France,B,song,1:34,https://xeno-canto.org/991252/download,XC991252-PARMAJ_250414_4924_Montbrison42A.mp3,
991247,45.6125,4.0896,2025-04-14,4,France,B,song,1:12,https://xeno-canto.org/991247/download,XC991247-PARMAJ_250414_4927_Savigneux42.mp3,
989601,46.7523,1.2274,2025-04-10,4,France,B,"aberrant, song, single-note song",0:10,https://xeno-canto.org/989601/download,XC989601-Mésange-charbonnière-chant-sur-une-seule-note.wav,
989439,45.8397,1.2226,2025-04-12,4,France,B,song,0:01,https://xeno-canto.org/989439/download,XC989439-lim-1.mp3,
989014,43.6337,1.5425,2025-04-09,4,France,B,song,4:00,https://xeno-canto.org/989014/download,XC989014-250408_0467c.mp3,Cyanistes caeruleus|Parus major|Erithacus rubecula|Aegithalos caudatus|Certhia brachydactyla|Dendrocopos major|Phylloscopus collybita
989009,43.6337,1.5425,2025-04-09,4,France,B,song,0:37,https://xeno-canto.org/989009/download,XC989009-250408_0467b.mp3,Cyanistes caeruleus|Regulus ignicapilla|Sylvia atricapilla|Dryocopus martius|Phylloscopus collybita
985819,53.0228,5.917,2025-04-04,4,Netherlands,B,song,0:17,https://xeno-canto.org/985819/download,XC985819-koolmees-2.wav,
985298,49.3321,0.5446,2025-03-25,3,France,B,song,3:59,https://xeno-canto.org/985298/download,XC985298-PARMAJ_250326_4837_Monteney27.mp3,Turdus merula|Sitta europaea|Corvus corone|Parus major|Erithacus rubecula|Certhia brachydactyla|Troglodytes troglodytes|Picus viridis
984046,45.8515,8.9522,2025-03-30,3,Switzerland,B,song,0:44,https://xeno-canto.org/984046/download,XC984046-DR-100_0225.wav,
982849,47.8931,1.9992,2025-03-25,3,France,B,call,0:20,https://xeno-canto.org/982849/download,XC982849-PARMAJ_cris_couple_250325_Patures.mp3,Phylloscopus collybita
981378,44.0626,1.9506,2025-03-14,3,France,B,call,0:39,https://xeno-canto.org/981378/download,XC981378-CM-001.mp3,Cyanistes caeruleus|Turdus merula|Corvus corone|Parus major
981369,52.1853,4.3939,2025-03-16,3,Netherlands,B,call,0:02,https://xeno-canto.org/981369/download,XC981369-Koolmees.wav,
980882,50.9839,2.8655,2025-03-16,3,Belgium,B,song,0:19,https://xeno-canto.org/980882/download,XC980882-250316_BEL_Parus-major_Blankaart.wav,Phylloscopus collybita
979315,47.1677,15.3199,2025-03-09,3,Austria,B,"aberrant, song",0:11,https://xeno-canto.org/979315/download,XC979315-Kohlmeise_Stübing_0325.mp3,
978836,50.7785,4.907,2025-03-02,3,Belgium,B,call,0:34,https://xeno-canto.org/978836/download,XC978836-250302_BEL_Parus-major_Hoegaarden.wav,
978669,42.2521,8.8093,2025-03-05,3,France,B,song,0:29,https://xeno-canto.org/978669/download,XC978669-757-koolmees.mp3,
977838,43.4136,1.162,2025-03-04,3,France,B,call,0:07,https://xeno-canto.org/977838/download,XC977838-PARMAJ_250304_4739_Poucharramet31.mp3,
958008,48.2102,9.7563,2024-03-24,3,Germany,B,call,1:19,https://xeno-canto.org/958008/download,XC958008-Kohlmeise_2024-03-24_07-11_Schemmerhofen_Gedüngtes-Ried_Audiomoth.wav,Anthus spinoletta
956943,49.4302,0.7883,2022-04-15,4,France,B,song,1:54,https://xeno-canto.org/956943/download,XC956943-PARMAJ_220415_0064_Brotonne27.mp3,Fringilla coelebs|Corvus corone|Erithacus rubecula
955282,48.9576,9.4757,2024-03-25,3,Germany,B,song,0:48,https://xeno-canto.org/955282/download,XC955282-Kohlmeise_2024-03-25_06-03_Backnang_Steinbach-2_Audiomoth.wav,Turdus viscivorus|Phylloscopus collybita
946921,47.9973,10.963,2016-03-20,3,Germany,B,dawn song,1:46,https://xeno-canto.org/946921/download,"XC946921-KOHLMEISE,-Gesang-6_46--Egelsee-VOC_160320-3793.wav",Sitta europaea|Corvus corone|Chloris chloris
943265,50.3813,3.2442,2024-03-26,3,France,B,uncertain,0:04,https://xeno-canto.org/943265/download,XC943265-Mésange-charbonnière-rieulay_1.mp3,
940243,46.2773,-0.308,2023-03-12,3,France,B,call,0:19,https://xeno-canto.org/940243/download,XC940243-20230312_12h39_D500_DSC_4172_great_tit.wav,Pica pica
933805,48.9576,9.4757,2024-03-15,3,Germany,B,song,2:21,https://xeno-canto.org/933805/download,XC933805-Kohlmeise_2024-03-15_07-39_Backnang_Steinbach-3_Audiomoth.wav,Erithacus rubecula
933804,48.9576,9.4757,2024-03-15,3,Germany,B,song,1:49,https://xeno-canto.org/933804/download,XC933804-Kohlmeise_2024-03-15_07-37_Backnang_Steinbach-3_Audiomoth.wav,Turdus philomelos|Erithacus rubecula|Phylloscopus collybita
933803,48.9576,9.4757,2024-03-15,3,Germany,B,song,0:59,https://xeno-canto.org/933803/download,XC933803-Kohlmeise_2024-03-15_07-35_Backnang_Steinbach-3_Audiomoth.wav,Turdus philomelos|Erithacus rubecula
931234,44.0632,1.9509,2024-05-06,5,France,B,call,0:22,https://xeno-canto.org/931234/download,XC931234-240502_0156a.mp3,Phoenicurus ochruros|Turdus philomelos|Luscinia megarhynchos|Parus major|Erithacus rubecula|Streptopelia decaocto
931233,44.0632,1.9509,2024-05-05,5,France,B,"call, display call",1:19,https://xeno-canto.org/931233/download,XC931233-240502_0148A.mp3,Cyanistes caeruleus|Sylvia atricapilla|Luscinia megarhynchos
924650,48.8263,9.0883,2024-06-09,6,Germany,B,call,0:23,https://xeno-canto.org/924650/download,XC924650-Kohlmeise_2024-06-09_06-14_Stuttgart-Weilimdorf_Lindenbach.wav,Acrocephalus palustris
923783,50.1665,8.6684,2017-04-03,4,Germany,B,song,1:47,https://xeno-canto.org/923783/download,XC923783-20170403_LS3_0413_05_51_28.wav,
923782,50.1665,8.6684,2017-04-03,4,Germany,B,song,1:54,https://xeno-canto.org/923782/download,XC923782-20170403_LS3_0413_06_21_41.wav,
922040,50.1665,8.6684,2015-05-16,5,Germany,B,song,7:03,https://xeno-canto.org/922040/download,XC922040-20150516_H5-1_05_13_01.wav,Corvus corone
922039,50.1665,8.6684,2015-03-03,3,Germany,B,call,0:54,https://xeno-canto.org/922039/download,XC922039-20150303_ZH5-1_02_08_07_31.wav,
922037,50.1665,8.6684,2015-03-03,3,Germany,B,call,0:47,https://xeno-canto.org/922037/download,XC922037-20150303_ZH5-1_02_07_59_44.wav,
918078,44.0632,1.9509,2024-04-17,4,France,B,call,0:10,https://xeno-canto.org/918078/download,XC918078-240415_0028b.wav,Columba palumbus|Sylvia atricapilla
913706,46.603,0.1674,2024-04-09,4,France,B,call,0:53,https://xeno-canto.org/913706/download,XC913706-240409-MP-2438-10h05-id-mésange-charbonnière.mp3,Fringilla coelebs|Cuculus canorus|Turdus philomelos|Turdus merula
912624,46.5917,0.1988,2024-03-22,3,France,B,"call, wingbeats",0:38,https://xeno-canto.org/912624/download,XC912624-240322-MP-2419-11h19-id-mesange-charbonnière.mp3,Fringilla coelebs|Dendrocopos major
912622,46.5917,0.1988,2024-03-22,3,France,B,song,1:40,https://xeno-canto.org/912622/download,XC912622-240322-MP-2418-11h08-Voillé-BD-mésange-charbonnière.mp3,Fringilla coelebs|Sitta europaea
911731,44.0632,1.9509,2024-05-18,5,France,B,begging call,0:45,https://xeno-canto.org/911731/download,XC911731-240514_0239a.mp3,Phoenicurus ochruros|Emberiza cirlus|Sylvia atricapilla|Corvus corone|Luscinia megarhynchos|Troglodytes troglodytes|Apus apus
911720,44.0632,1.9509,2024-05-08,5,France,B,begging call,4:35,https://xeno-canto.org/911720/download,XC911720-240502_0170a.mp3,Oriolus oriolus|Parus major|Coloeus monedula|Streptopelia decaocto|Apus apus|Passer domesticus
910530,44.1041,1.9111,2024-05-25,5,France,B,alarm call,0:27,https://xeno-canto.org/910530/download,XC910530-CM-002C.mp3,Cuculus canorus|Turdus merula|Gryllus campestris|Phylloscopus collybita
910529,44.1041,1.9111,2024-05-25,5,France,B,alarm call,3:10,https://xeno-canto.org/910529/download,XC910529-CM-001C.mp3,Columba palumbus|Turdus merula|Parus major|Erithacus rubecula|Phylloscopus collybita|Omocestus rufipes
909374,47.8915,2.0253,2024-06-01,6,France,B,"begging call, call",0:29,https://xeno-canto.org/909374/download,XC909374-PARMAJ_pulli_240601_Chécy.mp3,
907119,44.0626,1.9506,2024-04-07,4,France,B,song,0:28,https://xeno-canto.org/907119/download,XC907119-240402_0656.mp3,Phoenicurus ochruros|Carduelis carduelis
905524,49.3549,0.5087,2023-05-23,5,France,B,song,3:53,https://xeno-canto.org/905524/download,XC905524-PARMAJ_240523_4397_PontAudemer27_PS12.mp3,Columba palumbus|Fringilla coelebs|Turdus merula|Erithacus rubecula|Troglodytes troglodytes
905338,49.3308,0.5064,2024-05-22,5,France,B,"alarm call, call",0:14,https://xeno-canto.org/905338/download,XC905338-PARMAJ_240522_4377_CCPAVR_Tourville27_PS16.mp3,Turdus philomelos
905337,49.3308,0.5064,2024-05-22,5,France,B,"alarm call, call",1:09,https://xeno-canto.org/905337/download,XC905337-PARMAJ_240522_4376_CCPAVR_Tourville27_PS16.mp3,Turdus philomelos
905309,49.3158,0.6165,2024-05-20,5,France,B,"alarm call, begging call",1:44,https://xeno-canto.org/905309/download,XC905309-PARMAJ_240520_4358_CondeRisle27_PS20.mp3,Columba palumbus|Sylvia borin|Troglodytes troglodytes|Streptopelia decaocto
905307,49.3158,0.6165,2024-05-20,5,France,B,"alarm call, begging call",0:17,https://xeno-canto.org/905307/download,XC905307-PARMAJ_240520_4357_CondeRisle27_PS20.mp3,Corvus corone
905031,49.2482,0.6838,2024-05-15,5,France,B,song,0:40,https://xeno-canto.org/905031/download,XC905031-PARMAJ_240515_4245_CCPAVR_FreneuseRisle27.mp3,Columba palumbus|Fringilla coelebs|Corvus corone|Sylvia borin|Troglodytes troglodytes|Phylloscopus collybita
904989,49.2409,0.7016,2024-05-16,5,France,B,song,1:45,https://xeno-canto.org/904989/download,XC904989-PARMAJ_240516_4294_CCPAVR_PontAuthou_camping_Marronniers.mp3,Columba palumbus|Fringilla coelebs|Turdus philomelos|Turdus merula|Corvus corone|Dendrocopos major|Troglodytes troglodytes|Streptopelia decaocto|Apus apus
904987,49.2409,0.7016,2024-05-16,5,France,B,song,1:01,https://xeno-canto.org/904987/download,XC904987-PARMAJ_240516_4293_CCPAVR_PontAuthou_camping_Marronniers.mp3,Columba palumbus|Fringilla coelebs|Turdus merula|Dendrocopos major|Troglodytes troglodytes
904953,47.2931,-1.539,2024-05-06,5,France,B,song,0:28,https://xeno-canto.org/904953/download,XC904953-PARMAJ_240506_4153_ChapErdre44_Grimaudiere.mp3,Columba palumbus|Sylvia atricapilla|Turdus merula|Erithacus rubecula|Columba oenas|Sturnus vulgaris
904938,43.238,1.1499,2024-05-04,5,France,B,song,3:39,https://xeno-canto.org/904938/download,XC904938-PARMAJ_240504_4147_StJulienGaronne31_Paradis.mp3,Columba palumbus|Turdus philomelos|Sylvia atricapilla|Corvus corone|Luscinia megarhynchos|Phylloscopus collybita|Streptopelia decaocto|Upupa epops|Passer domesticus
903432,42.9944,9.4427,2024-04-30,4,France,B,"aberrant, call",0:36,https://xeno-canto.org/903432/download,XC903432-Mésange-charbonnière-cri-aberrant.wav,
902961,47.3191,-2.2474,2024-04-30,4,France,B,song,0:40,https://xeno-canto.org/902961/download,XC902961-Mésangecharbonnière_30042024_brièretrignac-19h30-.wav,Fringilla coelebs|Turdus philomelos|Turdus merula|Fulica atra|Coloeus monedula|Phylloscopus collybita
902756,49.3443,0.5429,2024-05-10,5,France,B,song,0:55,https://xeno-canto.org/902756/download,XC902756-PARMAJ_240510_4167_PontAudemer27_Thales.mp3,Turdus merula|Certhia brachydactyla|Troglodytes troglodytes
899669,46.2095,-0.9417,2024-04-30,4,France,B,call,0:14,https://xeno-canto.org/899669/download,XC899669-240429_0708c.mp3,
899668,46.2095,-0.9417,2024-04-30,4,France,B,song,1:10,https://xeno-canto.org/899668/download,XC899668-240429_0708b.mp3,
899659,46.2095,-0.9417,2024-04-29,4,France,B,song,4:28,https://xeno-canto.org/899659/download,XC899659-240429_0705a.mp3,Columba palumbus|Buteo buteo|Turdus philomelos|Turdus merula|Milvus migrans|Corvus corone|Parus major|Erithacus rubecula|Troglodytes troglodytes|Alcedo atthis
899464,46.2095,-0.9417,2024-04-30,4,France,B,song,1:08,https://xeno-canto.org/899464/download,XC899464-CM-008.mp3,
898980,49.3443,0.5429,2024-04-20,4,France,B,song,0:58,https://xeno-canto.org/898980/download,XC898980-PARMAJ_240420_4085_PontAudemer27_Thales.mp3,Cyanistes caeruleus|Turdus philomelos|Turdus merula|Prunella modularis|Corvus corone|Troglodytes troglodytes|Phylloscopus collybita|Passer domesticus
898975,49.3312,0.5446,2024-04-18,4,France,B,song,0:51,https://xeno-canto.org/898975/download,XC898975-PARMAJ_240418_4079_PontAudemer27_Monteney.mp3,Sylvia atricapilla|Turdus merula|Phoenicurus phoenicurus
898058,46.2065,-0.9514,2024-04-23,4,France,B,song,4:05,https://xeno-canto.org/898058/download,XC898058-CM-001A.mp3,Cyanistes caeruleus|Phoenicurus ochruros|Columba palumbus|Turdus merula|Luscinia megarhynchos|Carduelis carduelis|Garrulus glandarius|Streptopelia decaocto|Sturnus vulgaris
897551,44.8035,0.8718,2024-04-21,4,France,B,"aberrant, song",0:18,https://xeno-canto.org/897551/download,XC897551-Mes-Charbo-chant-atypique-210424-Bessede.mp3,Phylloscopus bonelli
896752,43.6262,1.3119,2024-04-17,4,France,B,song,1:37,https://xeno-canto.org/896752/download,XC896752-CM-003.mp3,
894412,52.5043,13.4262,2024-04-08,4,Germany,B,call,0:22,https://xeno-canto.org/894412/download,XC894412-20240408_LSP5_0088_06_34_53.wav,Passer domesticus
894271,46.0252,-0.9816,2024-04-07,4,France,B,"aberrant, call, imitation",1:15,https://xeno-canto.org/894271/download,XC894271-CM-021.wav,
894261,46.0252,-0.9816,2024-04-07,4,France,B,"song, display song",0:50,https://xeno-canto.org/894261/download,XC894261-CM-011.wav,
892721,47.6986,-2.1854,2024-03-30,3,France,B,song,0:39,https://xeno-canto.org/892721/download,XC892721-PARMAJ_240330_3993_PEILLAC56_Garlaie.mp3,Fringilla coelebs|Erithacus rubecula|Phylloscopus collybita
892687,47.6979,-2.1806,2024-03-31,3,France,B,song,0:58,https://xeno-canto.org/892687/download,XC892687-PARMAJ_240331_4010_PEILLAC56_Garlaie.mp3,Columba palumbus|Sylvia atricapilla|Turdus merula|Certhia brachydactyla|Troglodytes troglodytes|Phylloscopus collybita
892685,47.6992,-2.1856,2024-03-31,3,France,B,song,0:55,https://xeno-canto.org/892685/download,XC892685-PARMAJ_240331_4004_PEILLAC56_Garlaie.mp3,Cyanistes caeruleus|Columba palumbus|Fringilla coelebs|Certhia brachydactyla|Phylloscopus collybita
892681,47.6988,-2.1862,2024-03-31,3,France,B,song,2:07,https://xeno-canto.org/892681/download,XC892681-PARMAJ_240331_4002_PEILLAC56_Garlaie.mp3,Cyanistes caeruleus|Cuculus canorus|Turdus merula|Parus major|Erithacus rubecula|Troglodytes troglodytes|Phasianus colchicus
892636,47.6979,-2.1806,2024-04-01,4,France,B,song,0:19,https://xeno-canto.org/892636/download,XC892636-PARMAJ_240401_4036_PEILLAC56_Garlaie.mp3,Columba palumbus|Turdus philomelos|Phylloscopus collybita
891891,48.7411,2.7606,2024-03-31,3,France,B,song,4:03,https://xeno-canto.org/891891/download,XC891891-XC-Mesange-Charboniere.wav,
884515,45.2199,0.429,2024-03-22,3,France,B,song,1:29,https://xeno-canto.org/884515/download,XC884515-PARMAJ_240322_3967_StPardouxDrone24.mp3,Cyanistes caeruleus|Columba palumbus|Streptopelia decaocto
884004,44.0624,1.9482,2024-03-23,3,France,B,song,0:40,https://xeno-canto.org/884004/download,XC884004-CM-007.mp3,
883369,50.7756,3.0142,2024-03-20,3,Belgium,B,call,0:40,https://xeno-canto.org/883369/download,XC883369-MESANGE-CHARBONNIERE_M_Cris-proche-nichoir-et-F-présente_JARDIN_20240320-15H30_Z.wav,
883339,51.9892,4.4694,2024-03-20,3,Netherlands,B,"dawn song, song",0:41,https://xeno-canto.org/883339/download,XC883339-240320_4915-Koolmees.mp3,Corvus corone|Pica pica
883063,48.6327,9.254,2024-03-05,3,Germany,B,call,0:47,https://xeno-canto.org/883063/download,XC883063-Kohlmeise_2024-03-05_09-45_Aichtal_Transekt_RÜB.wav,
883062,48.6327,9.254,2024-03-05,3,Germany,B,song,2:58,https://xeno-canto.org/883062/download,XC883062-Kohlmeise_2024-03-05_09-29_Aichtal_Transekt_RÜB.wav,Turdus merula|Pica pica|Troglodytes troglodytes
881937,44.0599,1.9522,2024-03-15,3,France,B,song,0:36,https://xeno-canto.org/881937/download,XC881937-CM-007.mp3,
881936,44.0599,1.9522,2024-03-15,3,France,B,song,1:22,https://xeno-canto.org/881936/download,XC881936-CM-005.mp3,
881706,46.8775,-2.0926,2023-04-22,4,France,B,song,0:04,https://xeno-canto.org/881706/download,XC881706-PARMAJ_230422_2978_DAVIAUD85_lim25_chant_special.mp3,
881418,51.6998,14.1113,2024-03-13,3,Germany,B,song,2:21,https://xeno-canto.org/881418/download,XC881418-Kohlmeise.wav,Certhia brachydactyla|Picus viridis
881388,49.1065,-0.3934,2024-03-06,3,France,B,call,0:12,https://xeno-canto.org/881388/download,XC881388-03-06-2024_17h42_mésange-charbonnière.wav,
881387,49.1065,-0.3934,2024-03-06,3,France,B,call,0:08,https://xeno-canto.org/881387/download,XC881387-03-06-2024_17h41_mésange-charbonnière.wav,
881341,48.5779,-0.062,2024-03-07,3,France,B,song,0:17,https://xeno-canto.org/881341/download,XC881341-03-07-2024_8h59_mésange-charbonnière.wav,
880828,50.4703,3.7077,2021-03-12,3,Belgium,B,song,0:21,https://xeno-canto.org/880828/download,XC880828-Mésange-charbonnière-210312_1228_1SA-Pommeroeul.mp3,
880685,44.0599,1.9522,2024-03-10,3,France,B,"call, imitation",1:37,https://xeno-canto.org/880685/download,XC880685-CM-034.mp3,
880597,47.2216,9.7063,2024-03-09,3,Austria,B,call,0:59,https://xeno-canto.org/880597/download,XC880597-XC-2024-03-09-(662)-TEIL-2a-Km-20x-Düns-Weg-nach-Satteins-hp-1000-6db.wav,Turdus merula|Aegithalos caudatus
870729,50.4357,5.7941,2023-04-13,4,Belgium,B,song,0:03,https://xeno-canto.org/870729/download,XC870729-Mesange-charbonniere-230413-1945-1SA-Spa-MixPre-4273.mp3,
865022,44.1736,1.6818,2022-04-16,4,France,B,song,0:32,https://xeno-canto.org/865022/download,XC865022-mesange-charbonniere-16-04-2022-06h45-servanac.mp3,
857759,48.0081,-2.2261,2023-04-15,4,France,B,song,0:44,https://xeno-canto.org/857759/download,XC857759-PARMAJ_230415_2603_PAIMPONT35_SBP.mp3,Buteo buteo|Turdus philomelos|Phylloscopus collybita
857261,51.2155,4.467,2019-04-20,4,Belgium,B,call,0:20,https://xeno-canto.org/857261/download,XC857261-Koolmeesrivhofdeurne_200419_NHPF.mp3,Cyanistes caeruleus|Coloeus monedula|Erithacus rubecula|Troglodytes troglodytes|Phylloscopus collybita
857257,51.1866,4.5181,2021-04-18,4,Belgium,B,call,0:09,https://xeno-canto.org/857257/download,XC857257-Koolmeespietingbaanwommelgem_180421_NHPF.mp3,
855469,46.6044,0.18,2023-06-01,6,France,B,"call, song",0:52,https://xeno-canto.org/855469/download,XC855469-230601-MP-1910-8h53-Vouillé-mésange-charbonnière.mp3,Columba palumbus|Dendrocoptes medius
845844,50.2839,5.9146,2023-05-11,5,Belgium,B,"call, song",0:53,https://xeno-canto.org/845844/download,"XC845844-11-05-23-(mésange-charbonnière,-chant-+-cri,-haie-de-Bellin).wav",
830605,46.5882,0.2044,2023-04-05,4,France,B,call,0:45,https://xeno-canto.org/830605/download,XC830605-230405-MP-1765-12h-Vouillé-mésange-charbonnière.mp3,
830563,46.5926,0.2079,2011-03-26,3,France,B,song,0:41,https://xeno-canto.org/830563/download,XC830563-C32-26-mars-11-Vouillé-Més-charb.mp3,Turdus viscivorus|Phylloscopus collybita
821900,52.0251,6.0399,2023-05-29,5,Netherlands,B,"aberrant, song",1:04,https://xeno-canto.org/821900/download,"XC821900-Koolmees,-rare-zang,-Koepel-de-Kaap,-290523,-0551-uur.wav",Fringilla coelebs|Erithacus rubecula|Certhia brachydactyla|Dendrocopos major|Troglodytes troglodytes
820769,50.4701,3.7121,2023-05-27,5,Belgium,B,song,0:20,https://xeno-canto.org/820769/download,XC820769-Mesange-charbonniere-230523_1900_1SA_Pommeroeul_Maison-patrice_MixPre-4533.mp3,
820768,50.468,3.6741,2023-04-29,4,Belgium,B,song,0:36,https://xeno-canto.org/820768/download,XC820768-Mesange-charbonniere-230429_1800_1SA_Marais-d-Harchies_MixPre-4370.mp3,
815294,52.243,5.187,2012-03-26,3,Netherlands,B,song,0:33,https://xeno-canto.org/815294/download,XC815294-NL333-2.wav,
811564,52.1425,5.1913,1983-05-05,5,Netherlands,B,song,1:32,https://xeno-canto.org/811564/download,XC811564-parmaj01.mp3,
805658,48.6367,9.2571,2023-04-05,4,Germany,B,song,0:12,https://xeno-canto.org/805658/download,XC805658-Kohlmeise_2023-04-05_Aichtal-Groetzingen_Weiherbach_R05_0045.wav,Sturnus vulgaris
805512,42.8806,2.1026,2023-04-10,4,France,B,"alarm call, display",0:49,https://xeno-canto.org/805512/download,XC805512-230410_004a.mp3,
805295,42.8943,1.1807,2023-04-30,4,France,B,call,0:01,https://xeno-canto.org/805295/download,XC805295-bird-id.mp3,
801698,52.3631,4.5624,2023-05-14,5,Netherlands,B,call,0:02,https://xeno-canto.org/801698/download,XC801698-birdnet_mobile_6367712855_recording_35.wav,
801514,42.8954,1.7949,2023-05-14,5,France,B,song,1:10,https://xeno-canto.org/801514/download,XC801514-571820021-charbo.mp3,Turdus merula|Phylloscopus collybita
801512,42.8954,1.7949,2023-05-14,5,France,B,song,1:08,https://xeno-canto.org/801512/download,XC801512-571817661-Charbo.mp3,Turdus merula|Troglodytes troglodytes
801348,51.9783,4.4035,2023-05-15,5,Netherlands,B,song,0:21,https://xeno-canto.org/801348/download,XC801348-230515_5378-Koolmees-Ackerdijkse-Plassen.mp3,Acrocephalus schoenobaenus|Sylvia atricapilla|Troglodytes troglodytes
801211,43.178,0.3973,2023-05-12,5,France,B,call,0:53,https://xeno-canto.org/801211/download,XC801211-PARMAJ_230512_3387_Barran65.mp3,Sylvia atricapilla|Erithacus rubecula|Phylloscopus collybita|Picus viridis
801209,43.178,0.3973,2023-05-06,5,France,B,song,0:42,https://xeno-canto.org/801209/download,XC801209-PARMAJ_230504_3329_Barran65.mp3,Turdus merula|Corvus corone|Erithacus rubecula|Troglodytes troglodytes|Phylloscopus collybita
801201,43.178,0.3973,2023-05-06,5,France,B,song,1:00,https://xeno-canto.org/801201/download,XC801201-PARMAJ_230506_3331_Barran65.mp3,Cuculus canorus|Sylvia atricapilla|Troglodytes troglodytes
800810,48.3566,10.7894,2023-05-01,5,Germany,B,"alarm call, call, song",11:34,https://xeno-canto.org/800810/download,XC800810-0zbir010523_OR!_001_3!ä_02jj!!!_mp3-(1).mp3,Fringilla coelebs|Turdus merula|Corvus corone
800571,42.9902,9.4479,2023-05-06,5,France,B,song,1:06,https://xeno-canto.org/800571/download,XC800571-Mésange-charbonnière-chant-++.wav,
800227,42.965,9.4512,2023-05-03,5,France,B,"call, whistle",0:09,https://xeno-canto.org/800227/download,XC800227-Mésange-charbonnière-cris-sifflés-façon-pouillot.wav,
799528,50.0174,8.6427,2023-05-07,5,Germany,B,"call, wing sound",0:07,https://xeno-canto.org/799528/download,XC799528-xc-wa016301-000000.mp3,
798960,52.6222,13.3655,2023-04-24,4,Germany,B,call,0:26,https://xeno-canto.org/798960/download,XC798960-20220924_0635_great-tit_song_Lübarser-Wiesen.mp3,Alauda arvensis|Luscinia megarhynchos|Erithacus rubecula
798051,51.1403,4.9922,2022-03-21,3,Belgium,B,song,0:09,https://xeno-canto.org/798051/download,XC798051-Koolmees-20220321-1605-1a.mp3,Columba palumbus|Fringilla coelebs|Branta canadensis|Sturnus vulgaris|Passer domesticus
798045,51.1403,4.9922,2022-03-04,3,Belgium,B,call,0:11,https://xeno-canto.org/798045/download,XC798045-Koolmees-20220304-0930-1a.mp3,Sylvia atricapilla|Branta canadensis|Erithacus rubecula|Troglodytes troglodytes
797954,46.2385,-1.4841,2023-05-01,5,France,B,song,0:38,https://xeno-canto.org/797954/download,XC797954-Audio-édité-1.mp3,Cyanistes caeruleus|Fringilla coelebs|Oriolus oriolus|Streptopelia decaocto|Serinus serinus
797614,43.6448,1.3155,2023-05-01,5,France,B,song,0:52,https://xeno-canto.org/797614/download,XC797614-PARMAJ_230501_3263_Cornebarrieu31_quat.mp3,Corvus corone|Luscinia megarhynchos
796011,52.3803,14.5014,2023-04-26,4,Germany,B,song,0:11,https://xeno-canto.org/796011/download,XC796011-KOhlm2023-04-26-09_56.wav,Passer domesticus
795921,48.6417,-4.4059,2023-04-02,4,France,B,song,0:14,https://xeno-canto.org/795921/download,XC795921-Mésange_charbonnière_Parus_major_song.wav,
795775,43.3996,3.6759,2023-04-20,4,France,B,"subsong, call like Common Chiffchaff",0:58,https://xeno-canto.org/795775/download,XC795775-Mésange-charbonière-cri-qui-ressemble-au-véloce.wav,
794467,48.2394,-2.3934,2023-04-19,4,France,B,"call, call remind Long-tailed Tit",0:15,https://xeno-canto.org/794467/download,XC794467-Mésange_charbonnière_Parus_major_calls_Merillac.wav,Fringilla coelebs|Corvus corone|Troglodytes troglodytes
793976,42.8703,2.0573,2023-04-10,4,France,B,song,1:37,https://xeno-canto.org/793976/download,XC793976-T69.mp3,Fringilla coelebs|Turdus philomelos|Turdus merula|Garrulus glandarius|Phylloscopus collybita
793973,42.8703,2.0573,2023-04-10,4,France,B,song,2:04,https://xeno-canto.org/793973/download,XC793973-T68.mp3,Columba palumbus|Turdus philomelos|Dendrocopos major|Troglodytes troglodytes|Phylloscopus collybita
793552,42.8772,2.0787,2023-04-09,4,France,B,call,1:03,https://xeno-canto.org/793552/download,XC793552-T58.mp3,Regulus ignicapilla|Sylvia atricapilla|Turdus merula|Periparus ater
793158,48.0955,11.5005,2023-04-10,4,Germany,B,song,0:04,https://xeno-canto.org/793158/download,XC793158-Kohlmeise--Ambacher-Straße--München.mp3,
792834,48.9062,16.5926,2022-04-19,4,Czech Republic,B,song,0:26,https://xeno-canto.org/792834/download,"XC792834-Tit,-Great-(Nové-Mlyny)-19.4.22-SF.mp3",Fringilla coelebs|Sylvia atricapilla|Turdus merula|Phasianus colchicus
790993,44.053,1.7728,2023-03-18,3,France,B,"call, song",4:49,https://xeno-canto.org/790993/download,XC790993-230318_0150_10h35g.mp3,Cyanistes caeruleus|Sitta europaea|Corvus corax|Parus major|Erithacus rubecula|Certhia brachydactyla|Dendrocopos major|Troglodytes troglodytes|Accipiter nisus
790978,44.053,1.7728,2023-03-18,3,France,B,"aberrant, song",1:33,https://xeno-canto.org/790978/download,XC790978-230318_0150_10h35d.mp3,Cyanistes caeruleus|Parus major|Erithacus rubecula
790460,42.5619,3.039,2022-03-19,3,France,B,song,0:53,https://xeno-canto.org/790460/download,XC790460-PARMAJ_220319_1461_Tamariguier66.mp3,Turdus merula
790335,46.7985,1.3043,2022-04-06,4,France,B,song,0:35,https://xeno-canto.org/790335/download,XC790335-PARMAJ_220406_1495_Bellebouche36.mp3,Phoenicurus ochruros|Fringilla coelebs|Turdus merula|Sitta europaea|Passer domesticus
788919,52.5563,4.6585,2022-05-10,5,Netherlands,B,"begging call, call",1:02,https://xeno-canto.org/788919/download,XC788919-2022_mei_10_koolmees_2050hrs_Bakkum_GOKeijl.mp3,Turdus merula
788242,44.0599,1.9522,2023-03-13,3,France,B,song,3:11,https://xeno-canto.org/788242/download,XC788242-0313_123052b.mp3,Cyanistes caeruleus|Regulus ignicapilla|Columba palumbus|Parus major|Coloeus monedula|Troglodytes troglodytes
787365,44.046,1.7685,2023-03-18,3,France,B,song,2:48,https://xeno-canto.org/787365/download,XC787365-S03054_1.mp3,Sitta europaea|Erithacus rubecula
787358,44.046,1.7685,2023-03-18,3,France,B,song,1:45,https://xeno-canto.org/787358/download,XC787358-S03053_1.mp3,Cyanistes caeruleus|Parus major|Erithacus rubecula|Picus viridis
787269,43.5848,-1.3987,2023-03-20,3,France,B,song,0:26,https://xeno-canto.org/787269/download,XC787269-STE-008-Charbonnière.mp3,
787230,44.0599,1.9522,2023-03-13,3,France,B,song,0:31,https://xeno-canto.org/787230/download,XC787230-0313_090804f.mp3,Columba palumbus|Certhia brachydactyla|Troglodytes troglodytes|Phylloscopus collybita
787101,44.0632,1.9509,2023-03-19,3,France,B,song,0:35,https://xeno-canto.org/787101/download,XC787101-S03062_1.mp3,Turdus philomelos|Coloeus monedula|Carduelis carduelis|Garrulus glandarius|Streptopelia decaocto|Columba livia
786939,51.1589,3.447,2023-03-18,3,Belgium,B,call,0:15,https://xeno-canto.org/786939/download,XC786939-koolmees_roepend_drongengoed.mp3,
786465,44.0599,1.9522,2022-03-12,3,France,B,song,2:09,https://xeno-canto.org/786465/download,XC786465-S03011_1.mp3,
786167,44.0632,1.9509,2023-03-15,3,France,B,song,0:23,https://xeno-canto.org/786167/download,XC786167-B07h41m47s15mar2023yb.mp3,Sylvia atricapilla|Chloris chloris
785344,51.15,3.4633,2023-03-11,3,Belgium,B,song,0:07,https://xeno-canto.org/785344/download,XC785344-koolmees_drongengoed_3B.mp3,
785342,51.1474,3.4556,2023-03-11,3,Belgium,B,"call, song",0:12,https://xeno-canto.org/785342/download,XC785342-koolmees_drongengoed_2A.mp3,
784686,44.5308,6.2577,2023-03-08,3,France,B,song,0:20,https://xeno-canto.org/784686/download,XC784686-Mésange-charbonnière-mâle-Chaussins-8-mars-2023-type-rapide.mp3,
784685,44.5294,6.2602,2023-03-08,3,France,B,song,0:22,https://xeno-canto.org/784685/download,XC784685-Mésange-charbonnière-mâle-Chaussins-8-mars-2023-type-lent.mp3,
784401,50.5642,6.1692,2023-03-06,3,Belgium,B,song,0:38,https://xeno-canto.org/784401/download,"XC784401-06-03-2023-(mésange-charbonnière,-chant,-fagne-de-Brackvenn).wav",
784262,43.0333,0.3163,2023-03-06,3,France,B,song,0:48,https://xeno-canto.org/784262/download,XC784262-PARMAJ_POEPAL_230306_2451_Esparros65.mp3,Corvus corone|Poecile palustris
784260,43.0333,0.3163,2023-03-06,3,France,B,song,0:43,https://xeno-canto.org/784260/download,XC784260-PARMAJ_230306_2456_Esparros65_BUTBUT.mp3,Fringilla coelebs|Buteo buteo|Corvus corone|Garrulus glandarius|Sturnus vulgaris
784259,43.4267,-0.4591,2023-03-06,3,France,B,song,1:05,https://xeno-canto.org/784259/download,XC784259-STE-000-M.mp3,
784258,43.0333,0.3163,2023-03-06,3,France,B,song,0:34,https://xeno-canto.org/784258/download,XC784258-PARMAJ_230306_2455_Esparros65_CHLCHL.mp3,Corvus corone|Garrulus glandarius|Chloris chloris
784257,43.0333,0.3163,2023-03-06,3,France,B,song,1:01,https://xeno-canto.org/784257/download,XC784257-PARMAJ_230306_2454_Esparros65.mp3,Corvus corone
784256,43.0333,0.3163,2023-03-06,3,France,B,song,0:32,https://xeno-canto.org/784256/download,XC784256-PARMAJ_230306_2449_Esparros65.mp3,Turdus merula|Corvus corone
784255,43.0333,0.3163,2023-03-06,3,France,B,song,1:03,https://xeno-canto.org/784255/download,XC784255-PARMAJ_230306_2448_Esparros65.mp3,Turdus merula|Corvus corone|Picus viridis
784247,43.0326,0.2922,2023-03-06,3,France,B,song,0:29,https://xeno-canto.org/784247/download,XC784247-PARMAJ_230306_2446_Laborde65.mp3,Corvus corone|Erithacus rubecula|Pica pica
784033,43.2186,0.1177,2023-03-05,3,France,B,song,0:52,https://xeno-canto.org/784033/download,XC784033-PARMAJ_CYACAE_230305_2434_Barthe_Semeac65.mp3,Cyanistes caeruleus|Sitta europaea|Corvus corone|Dendrocopos major
784030,43.2186,0.1177,2023-03-05,3,France,B,song,0:29,https://xeno-canto.org/784030/download,XC784030-PARMAJ_230305_2432_Barthe_Semeac65.mp3,Cyanistes caeruleus|Buteo buteo|Sitta europaea
784029,43.2186,0.1177,2023-03-05,3,France,B,song,0:53,https://xeno-canto.org/784029/download,XC784029-PARMAJ_230305_2428_Barthe_Semeac65.mp3,Sitta europaea
783887,53.1908,6.5475,2023-03-02,3,Netherlands,B,call,0:49,https://xeno-canto.org/783887/download,XC783887-02032023meesVanSwietenlaan.mp3,
777118,48.2085,11.1489,2018-05-06,5,Germany,B,song,0:20,https://xeno-canto.org/777118/download,XC777118-180506_1339-0930-Mammendorf_NNP_Great-Tit.wav,Phylloscopus bonelli
777116,48.2085,11.1489,2018-05-06,5,Germany,B,song,0:45,https://xeno-canto.org/777116/download,XC777116-180506_1335_0730_Mammendorf_P_Great-Tit.wav,Phylloscopus bonelli
776383,48.1678,11.2493,2018-04-13,4,Germany,B,"call, song",1:08,https://xeno-canto.org/776383/download,XC776383-180413_174-1130-FFB-Kloster-trail-Parus-major-SNI.mp3,
775537,47.4737,4.444,2022-03-02,3,France,B,"subsong, ""extravaganza""",0:29,https://xeno-canto.org/775537/download,XC775537-d)Mechar(extravaganza).mp3,
770769,52.0747,4.7632,2021-04-22,4,Netherlands,B,song,1:09,https://xeno-canto.org/770769/download,XC770769-Koolmees-zang---Bodegraven---2021-04-22---0556-copy.mp3,
770767,52.0747,4.7632,2020-05-30,5,Netherlands,B,call,2:35,https://xeno-canto.org/770767/download,XC770767-Koolmees-roep-juveniel---Bodegraven---2020-05-30---0842-copy.mp3,
770764,52.0747,4.7632,2019-05-02,5,Netherlands,B,"call, song",19:11,https://xeno-canto.org/770764/download,XC770764-Koolmees-roep-en-zang---Bodegraven---2019-05-02---0525-copy.mp3,
770763,52.0747,4.7632,2019-05-01,5,Netherlands,B,"call, song",4:26,https://xeno-canto.org/770763/download,XC770763-Koolmees-roep-en-zang---Bodegraven---2019-05-01---0544-copy.mp3,
770608,50.6041,5.6641,2022-04-26,4,Belgium,B,song,0:05,https://xeno-canto.org/770608/download,"XC770608-Mésange-charbonnière,-chant,-maison,-26-04-22.mp3",
770606,50.6041,5.6641,2022-04-26,4,Belgium,B,song,0:06,https://xeno-canto.org/770606/download,"XC770606-Mésange-charbonnière,-chant,-maison,-26-04-22-(3).mp3",
769718,52.0395,4.7501,2020-03-31,3,Netherlands,B,call,0:12,https://xeno-canto.org/769718/download,XC769718-Koolmees-roep---Reeuwijk---2021-03-31---1903-copy.mp3,
761621,48.2085,11.1489,2018-04-22,4,Germany,B,song,0:23,https://xeno-canto.org/761621/download,XC761621-180422_1315-Mammendorf_0615-Parus-major-SNP.wav,
760100,48.1617,11.11,2017-04-02,4,Germany,B,alarm call,0:17,https://xeno-canto.org/760100/download,XC760100-170402_0960-1000-Jesenwang-Moor_Great-Tit-Alarm-Lura-SNSW.mp3,
758204,53.406,5.3875,2022-05-22,5,Netherlands,B,call,0:57,https://xeno-canto.org/758204/download,"XC758204-Koolmees,-call,-Gorzenpaadje,-Terschelling,-220522,-0759-uur.wav",Cuculus canorus|Turdus merula|Streptopelia decaocto|Sterna hirundo|Passer domesticus
757053,52.6408,13.2956,2020-04-18,4,Germany,B,song,0:21,https://xeno-canto.org/757053/download,XC757053-Great-Tit_20200418_121003_prepared.mp3,Cyanistes caeruleus|Erithacus rubecula|Dendrocopos major
757049,52.6475,13.2939,2020-04-18,4,Germany,B,begging call,1:32,https://xeno-canto.org/757049/download,XC757049-Great-Tit_female-begging_20200418_111733_prepared.mp3,
757024,52.6408,13.2956,2020-04-18,4,Germany,B,song,0:22,https://xeno-canto.org/757024/download,XC757024-Great-Tit_20200418_084658_prepared.mp3,Columba palumbus|Turdus merula
755602,51.6421,14.3799,2022-03-09,3,Germany,B,,0:13,https://xeno-canto.org/755602/download,XC755602-ZOOM0065_-6db.wav,
733243,51.9892,4.4694,2022-06-21,6,Netherlands,B,song,0:09,https://xeno-canto.org/733243/download,XC733243-220621_4965 4966 Koolmees.mp3,
730822,48.8722,-1.8297,2022-05-13,5,France,B,song,0:16,https://xeno-canto.org/730822/download,XC730822-Mesangecharbonniere_130522_chauseypont_9h.mp3,
730821,48.8722,-1.8297,2022-05-12,5,France,B,call,0:44,https://xeno-canto.org/730821/download,XC730821-Mesangecharbonniere_120522_chauseyferme_7h.mp3,
727563,48.1267,16.2948,2022-05-29,5,Austria,B,begging call,0:15,https://xeno-canto.org/727563/download,XC727563-Bettelrufe Kohlmeisen.mp3,
726467,49.3844,0.4422,2022-05-16,5,France,B,song,0:19,https://xeno-canto.org/726467/download,XC726467-PARMAJ_220516_2024_Grimbouville27.mp3,Fringilla coelebs
726299,49.9555,14.249,2022-03-06,3,Czech Republic,B,call,0:29,https://xeno-canto.org/726299/download,XC726299-Parus_major_001C.mp3,
725888,51.9892,4.4694,2022-05-21,5,Netherlands,B,begging call,0:35,https://xeno-canto.org/725888/download,XC725888-220521_0773 Koolmees bedelroep.mp3,Turdus merula
725006,51.9892,4.4694,2022-05-18,5,Netherlands,B,begging call,0:28,https://xeno-canto.org/725006/download,XC725006-220518_0003 Koolmees bedelroep.mp3,Turdus merula
724867,51.9892,4.4694,2022-05-16,5,Netherlands,B,"dawn song, song",0:14,https://xeno-canto.org/724867/download,XC724867-220516_9773 Koolmees.mp3,Turdus merula
719659,50.6041,5.6641,2022-04-26,4,Belgium,B,song,0:06,https://xeno-canto.org/719659/download,"XC719659-Mésange charbonnière, chant, maison, 26-04-22 (2).mp3",Corvus corone
717009,51.4261,5.4756,2022-04-18,4,Netherlands,B,song,0:56,https://xeno-canto.org/717009/download,XC717009-2022.04.18_19.06_01.mp3,Dendrocopos major|Troglodytes troglodytes|Gallinula chloropus
716952,51.4269,5.4752,2022-04-18,4,Netherlands,B,song,1:12,https://xeno-canto.org/716952/download,XC716952-Parus major-2022.04.18_11_11.MP3,Erithacus rubecula|Troglodytes troglodytes
716606,48.6312,1.6872,2022-04-19,4,France,B,"call, song, subsong",0:57,https://xeno-canto.org/716606/download,XC716606-charbo.mp3,
715112,52.2183,13.886,2022-04-13,4,Germany,B,call,0:31,https://xeno-canto.org/715112/download,XC715112-kohl0621.mp3,
714096,44.0632,1.9509,2022-04-08,4,France,B,song,2:22,https://xeno-canto.org/714096/download,XC714096-B15h51m23s08apr2022y.mp3,Cyanistes caeruleus|Columba palumbus|Fringilla coelebs|Cuculus canorus|Sylvia atricapilla|Turdus merula|Parus major|Carduelis carduelis|Columba livia
712876,44.0619,1.9524,2022-04-02,4,France,B,alarm call,2:30,https://xeno-canto.org/712876/download,XC712876-T322_1.mp3,Columba palumbus|Fringilla coelebs|Parus major|Carduelis carduelis|Troglodytes troglodytes|Streptopelia decaocto|Phasianus colchicus
712856,44.0619,1.9524,2022-04-02,4,France,B,song,0:59,https://xeno-canto.org/712856/download,XC712856-T312_1.mp3,Cyanistes caeruleus|Sylvia atricapilla|Parus major
712851,44.0619,1.9524,2022-04-02,4,France,B,call,0:37,https://xeno-canto.org/712851/download,XC712851-T308_1.mp3,Sylvia atricapilla|Turdus merula
712847,44.0619,1.9524,2022-04-02,4,France,B,uncertain,3:05,https://xeno-canto.org/712847/download,XC712847-T305_1.mp3,Fringilla coelebs|Sylvia atricapilla|Turdus merula|Parus major
712760,44.0619,1.9524,2022-04-02,4,France,B,song,3:33,https://xeno-canto.org/712760/download,XC712760-T304_1.mp3,Columba palumbus|Fringilla coelebs|Sylvia atricapilla|Turdus merula|Corvus corone|Parus major|Erithacus rubecula|Troglodytes troglodytes
712704,44.0632,1.9509,2022-04-02,4,France,B,song,2:23,https://xeno-canto.org/712704/download,XC712704-T298_1.mp3,Cyanistes caeruleus|Motacilla flava|Sylvia atricapilla|Coloeus monedula|Picus viridis
712687,51.9892,4.4694,2022-04-02,4,Netherlands,B,subsong,1:43,https://xeno-canto.org/712687/download,XC712687-220402_5812 Koolmees.mp3,Phylloscopus collybita
712399,48.6715,2.0578,2021-06-30,6,France,B,"begging call, call",2:06,https://xeno-canto.org/712399/download,XC712399-MESANGE CHARBONIERE juv t 0h51m00 210630_0577Vextr.mp3,Cyanistes caeruleus|Columba palumbus|Fringilla coelebs|Turdus merula|Certhia brachydactyla|Troglodytes troglodytes|Phylloscopus collybita
710312,51.9892,4.4694,2022-03-22,3,Netherlands,B,"dawn song, song",0:49,https://xeno-canto.org/710312/download,XC710312-220322_4671 Koolmees.mp3,
710261,42.6634,2.4999,2022-03-22,3,France,B,song,0:17,https://xeno-canto.org/710261/download,XC710261-PARMAJ_220322_1467_Marcevol66.mp3,Fringilla coelebs|Serinus serinus
710138,51.9892,4.4694,2022-03-21,3,Netherlands,B,"dawn song, song",0:27,https://xeno-canto.org/710138/download,XC710138-220321_4520 Koolmees.mp3,
709355,42.68,2.6278,2022-03-17,3,France,B,song,0:11,https://xeno-canto.org/709355/download,XC709355-PARMAJ_220317_1427_IllesurTet66.mp3,Sitta europaea|Erithacus rubecula
706621,50.4646,3.6827,2022-03-03,3,Belgium,B,call,0:07,https://xeno-canto.org/706621/download,XC706621-Mésange charbonnière 220303_1830_Marais d'Harchies_Digue AB_MixPre-2784.mp3,Chroicocephalus ridibundus
706028,50.7143,2.9045,2022-03-04,3,Belgium,B,song,0:33,https://xeno-canto.org/706028/download,XC706028-XC_MESANGE_CHARBONNIERE_Chant_RNOP_04III2022_12H12.mp3,
696768,47.4845,4.3708,2019-03-26,3,France,B,"subsong, extravaganza",0:51,https://xeno-canto.org/696768/download,XC696768-%22Extravaganza%22.mp3,
685416,50.1542,8.7704,2021-04-14,4,Germany,B,call,0:15,https://xeno-canto.org/685416/download,XC685416-xc-wa010547-000000.mp3,
685404,50.1764,8.6559,2021-03-26,3,Germany,B,call,0:06,https://xeno-canto.org/685404/download,XC685404-xc-wa010445-000001.mp3,
684527,50.1764,8.6559,2021-03-04,3,Germany,B,call,0:10,https://xeno-canto.org/684527/download,XC684527-xc-wa010113-000000.mp3,
682784,46.812,1.2854,2021-03-03,3,France,B,song,0:17,https://xeno-canto.org/682784/download,XC682784-169135-10114654-2434.mp3,
680207,51.4261,5.4756,2020-03-14,3,Netherlands,B,song,0:35,https://xeno-canto.org/680207/download,XC680207-Parus major_2020.03.14_10.27_01.mp3,
679873,51.4279,5.4685,2019-05-19,5,Netherlands,B,song,0:22,https://xeno-canto.org/679873/download,XC679873-2019.04.19_19.04_01.MP3,Prunella modularis
678051,51.5558,9.958,2021-04-11,4,Germany,B,song,0:57,https://xeno-canto.org/678051/download,XC678051-Kohlmeise Gesang.mp3,
668113,52.457,10.1972,2021-06-10,6,Germany,B,song,0:30,https://xeno-canto.org/668113/download,XC668113-210610_0070 Kohlmeise BVA 2.mp3,Columba palumbus|Turdus merula
667205,47.2914,2.4274,2020-03-19,3,France,B,"song, bruits d'eau",2:22,https://xeno-canto.org/667205/download,XC667205-200319-134831-xc.mp3,Fringilla coelebs
665980,42.4378,8.9433,2021-06-25,6,France,B,song,0:38,https://xeno-canto.org/665980/download,XC665980-2. Song - 25.06.2021 Corsica.mp3,
661019,42.7912,2.1855,2021-05-22,5,France,B,call,0:47,https://xeno-canto.org/661019/download,XC661019-210522_001a.mp3,Turdus philomelos|Turdus merula|Lophophanes cristatus|Erithacus rubecula|Garrulus glandarius|Phylloscopus collybita
658005,51.9892,4.4694,2021-06-20,6,Netherlands,B,begging call,0:22,https://xeno-canto.org/658005/download,XC658005-210620_4506 Koolmees juv.mp3,Pica pica
657525,42.8906,2.0953,2021-05-16,5,France,B,"alarm call, call",1:06,https://xeno-canto.org/657525/download,XC657525-DCR_0012c.mp3,
657524,42.8906,2.0953,2021-05-16,5,France,B,"alarm call, call",0:39,https://xeno-canto.org/657524/download,XC657524-DCR_0012b.mp3,
653769,51.7275,5.636,2021-05-30,5,Netherlands,B,song,0:24,https://xeno-canto.org/653769/download,XC653769-Koolmees.mp3,Fringilla coelebs|Sylvia atricapilla|Turdus merula|Carduelis carduelis
652951,51.9526,4.9912,2021-05-30,5,Netherlands,B,call,0:43,https://xeno-canto.org/652951/download,XC652951-Koolmees 20210530-01a.mp3,
652304,53.1095,13.0469,2021-05-24,5,Germany,B,"alarm call, call",0:49,https://xeno-canto.org/652304/download,XC652304-Parus_major_B_ML_HP1000Hz12dB_210524_0308.mp3,Fringilla coelebs|Sylvia atricapilla|Turdus merula|Phylloscopus collybita
650253,50.4675,3.6771,2021-05-20,5,Belgium,B,,0:33,https://xeno-canto.org/650253/download,XC650253-Mesange_charbonniere_2021-05-20_07-14-10.mp3,Columba palumbus|Fringilla coelebs
650107,44.6377,1.6884,2021-04-18,4,France,B,song,23:13,https://xeno-canto.org/650107/download,XC650107-210418_02a.mp3,Cyanistes caeruleus|Columba palumbus|Fringilla coelebs|Capreolus capreolus|Cuculus canorus|Turdus philomelos|Sylvia atricapilla|Turdus merula|Corvus corone|Parus major|Erithacus rubecula|Linaria cannabina
649524,54.0372,13.4249,2021-05-15,5,Germany,B,song,0:31,https://xeno-canto.org/649524/download,XC649524-Parus_major_B_ML_HP1000Hz24dB_210515_0252.mp3,Cyanistes caeruleus|Fringilla coelebs|Sylvia atricapilla|Turdus merula
648223,43.1775,0.3971,2021-05-12,5,France,B,song,0:04,https://xeno-canto.org/648223/download,XC648223-PARMAJ_LEILUT_20210512_090345_Barran65.mp3,Picus viridis
647067,42.7356,2.2693,2021-05-09,5,France,B,song,0:50,https://xeno-canto.org/647067/download,XC647067-B10h37m53s09may2021.mp3,Turdus viscivorus|Sylvia atricapilla|Garrulus glandarius|Phylloscopus collybita
646903,44.8629,-0.6055,2021-03-17,3,France,B,uncertain,0:05,https://xeno-canto.org/646903/download,XC646903-Mésange bleue 2021 03 17 06h08 Blanquefort.mp3,
646317,50.7542,4.5672,2021-05-08,5,Belgium,B,call,0:25,https://xeno-canto.org/646317/download,XC646317-koolmees.mp3,
645962,52.2826,4.9271,2021-05-06,5,Netherlands,B,alarm call,2:35,https://xeno-canto.org/645962/download,XC645962-koolmees 2 ex tegen ringmus die in gat van hun nestkast hangt Geijsel 20210506 210506_2642.mp3,Charadrius dubius
644752,44.1065,1.8736,2021-05-02,5,France,B,alarm call,0:51,https://xeno-canto.org/644752/download,XC644752-B11h35m29s02may2021.mp3,Turdus philomelos|Sylvia atricapilla|Gryllus campestris|Certhia brachydactyla|Anthus trivialis
644726,44.1089,1.8708,2021-05-02,5,France,B,song,1:07,https://xeno-canto.org/644726/download,XC644726-B09h55m15s02may2021.mp3,Cyanistes caeruleus|Fringilla coelebs|Cuculus canorus|Sylvia atricapilla|Luscinia megarhynchos|Dendrocopos major|Phylloscopus collybita|Picus viridis
644286,45.9044,3.5297,2021-04-30,4,France,B,call,0:42,https://xeno-canto.org/644286/download,XC644286-PARMAJ-Chastel-202104301920.mp3,Fringilla coelebs
643720,50.508,3.3601,2021-04-23,4,Belgium,B,song,0:50,https://xeno-canto.org/643720/download,XC643720-Mesange_charbonniere_2021-04-23_09-01-33.mp3,Turdus merula|Streptopelia decaocto
643556,51.0579,4.393,2021-04-28,4,Belgium,B,song,0:37,https://xeno-canto.org/643556/download,XC643556-LS_57669 Koolmees song B.mp3,
643466,46.5637,5.9068,2021-04-25,4,France,B,"call, song, odd song",0:11,https://xeno-canto.org/643466/download,XC643466-Mesange charbonniere cri-chant delirant.mp3,
642001,46.5547,5.9112,2021-04-23,4,France,B,"subsong, ""extravaganza""",0:53,https://xeno-canto.org/642001/download,XC642001-Mesange charbonniere extravaganza.mp3,
641400,42.7416,0.5828,2021-03-28,3,France,B,call,0:31,https://xeno-canto.org/641400/download,XC641400-B08h17m34s28mar2021.mp3,Turdus philomelos|Turdus merula|Periparus ater
641386,52.3086,9.422,2021-04-20,4,Germany,B,call,0:44,https://xeno-canto.org/641386/download,XC641386-210420_1936.mp3,Sitta europaea|Dendrocopos major
640678,51.0763,7.0154,2021-04-19,4,Germany,B,song,1:03,https://xeno-canto.org/640678/download,"XC640678-210419_3146 1833 Sumpfmeise. D, NW,LEV, Imbach. Stephan Risch.mp3",Turdus merula|Passer domesticus
640181,43.3491,-0.3764,2021-04-18,4,France,B,song,1:14,https://xeno-canto.org/640181/download,XC640181-130 - STE-002 Charbonnière détail.mp3,
639786,43.3542,-0.3364,2021-04-12,4,France,B,song,1:53,https://xeno-canto.org/639786/download,XC639786-126 - STE-004 détail Charbonnière bon pour XC.mp3,
637907,44.0639,1.9476,2021-04-10,4,France,B,song,1:01,https://xeno-canto.org/637907/download,XC637907-B19h01m21s10apr2021.mp3,Phoenicurus ochruros|Turdus philomelos|Parus major|Picus viridis|Linaria cannabina
637745,49.5833,0.7028,2021-03-29,3,France,B,song,0:25,https://xeno-canto.org/637745/download,XC637745-Bois_Himont_chant_Mesange_charbonniere_29mar2021.MP3,
637439,46.5273,5.9503,2021-04-05,4,France,B,"song, very raspy song",0:38,https://xeno-canto.org/637439/download,XC637439-Mesange charbonniere chant tres rapeux ++ et mesange noire alarme.mp3,Periparus ater
636709,47.6621,-0.0497,2021-04-07,4,France,B,,0:11,https://xeno-canto.org/636709/download,XC636709-Sans titre2.mp3,
636447,44.1,1.819,2021-04-04,4,France,B,song,1:00,https://xeno-canto.org/636447/download,XC636447-210404_02b.mp3,Columba palumbus|Turdus philomelos|Turdus merula|Erithacus rubecula|Troglodytes troglodytes
636436,44.1,1.819,2021-04-04,4,France,B,song,2:09,https://xeno-canto.org/636436/download,XC636436-210404_02a.mp3,Turdus philomelos|Turdus merula|Parus major
636197,52.3872,13.7132,2021-04-04,4,Germany,B,call,0:37,https://xeno-canto.org/636197/download,XC636197-DM673951_K rufen sehen_cutE_rau0.mp3,
636170,50.7756,3.0142,2021-03-29,3,Belgium,B,"song, bruit de fond",0:34,https://xeno-canto.org/636170/download,XC636170-MESANGE_CHARBONNIERE_M_Chant_Jardin_29III2021.mp3,
636002,54.099,13.3057,2021-04-04,4,Germany,B,call,1:22,https://xeno-canto.org/636002/download,XC636002-Parus_major_B_ML_HP1000Hz24dB_210404_0213.mp3,
635994,50.6708,3.3555,2021-04-02,4,Belgium,B,song,1:02,https://xeno-canto.org/635994/download,XC635994-Leaucourt_2021-04-02_006.mp3,Fulica atra
635617,50.3433,5.1493,2021-04-04,4,Belgium,B,song,0:40,https://xeno-canto.org/635617/download,XC635617-Parus_major_20210404_Hamois_corr.mp3,
635446,51.9892,4.4694,2021-04-03,4,Netherlands,B,call,0:14,https://xeno-canto.org/635446/download,XC635446-210403_5943 Koolmees.mp3,Streptopelia decaocto
635434,51.9892,4.4694,2021-04-03,4,Netherlands,B,song,0:03,https://xeno-canto.org/635434/download,XC635434-210403_5823 Koolmees.mp3,
635136,51.9892,4.4694,2021-04-02,4,Netherlands,B,call,0:18,https://xeno-canto.org/635136/download,XC635136-210402_5512 Koolmees.mp3,Turdus merula
634998,52.0149,5.0379,2021-04-02,4,Netherlands,B,song,1:31,https://xeno-canto.org/634998/download,XC634998-Koolmees 20210402-01a.mp3,
634877,44.0626,1.9506,2021-04-01,4,France,B,song,1:29,https://xeno-canto.org/634877/download,XC634877-B18h39m00s01apr2021.mp3,Cyanistes caeruleus|Turdus merula|Parus major|Coloeus monedula|Carduelis carduelis|Chloris chloris
634513,49.4254,8.6657,2021-03-28,3,Germany,B,"call, conflict",0:50,https://xeno-canto.org/634513/download,XC634513-Parus major_2021.03.28_09.21_01.mp3,Cyanistes caeruleus|Phylloscopus collybita
634391,50.9851,5.3184,2021-03-30,3,Belgium,B,"call, song",0:13,https://xeno-canto.org/634391/download,XC634391-LS_57328 Koolmees call B.mp3,
632303,43.3697,-0.3453,2021-03-26,3,France,B,song,0:50,https://xeno-canto.org/632303/download,XC632303-66 - STE-000 détail charbonnière.mp3,Sitta europaea
632109,48.7589,2.4047,2021-03-26,3,France,B,song,0:50,https://xeno-canto.org/632109/download,XC632109-20210326_073015_Messange_charboniere_noFilter.mp3,
631989,54.1232,13.3117,2021-03-25,3,Germany,B,song,1:12,https://xeno-canto.org/631989/download,XC631989-Parus_major_A_ML-210325_0142.mp3,Fringilla coelebs
631748,51.1405,4.9916,2021-03-08,3,Belgium,B,call,0:03,https://xeno-canto.org/631748/download,XC631748-Koolmees 20210308 1840 2a.mp3,Branta canadensis
631747,51.1405,4.9916,2021-03-08,3,Belgium,B,call,0:06,https://xeno-canto.org/631747/download,XC631747-Koolmees 20210308 1840 1a.mp3,Branta canadensis
631745,51.1405,4.9916,2021-03-08,3,Belgium,B,call,0:19,https://xeno-canto.org/631745/download,XC631745-Koolmees 20210308 1835 2a.mp3,Streptopelia decaocto
631518,51.2608,5.4234,2021-03-24,3,Belgium,B,song,0:33,https://xeno-canto.org/631518/download,XC631518-LS_57285 Koolmees song B.mp3,
631491,49.4218,8.6781,2021-03-24,3,Germany,B,"song, two types",8:22,https://xeno-canto.org/631491/download,XC631491-2021.03.24_06.13_01.mp3,Psittacula krameri
631173,49.4207,8.6789,2021-03-23,3,Germany,B,song,0:30,https://xeno-canto.org/631173/download,XC631173-2021.03.23_14.25_01.MP3,
630568,52.1865,5.2474,2021-03-21,3,Netherlands,B,call,1:21,https://xeno-canto.org/630568/download,XC630568-Koolmees 20210321-01a.mp3,
630554,50.4596,3.6824,2021-03-07,3,Belgium,B,alarm call,0:07,https://xeno-canto.org/630554/download,XC630554-Mesange_charbonniere_2021-03-07_01.mp3,Garrulus glandarius
630332,50.7516,4.5756,2021-03-20,3,Belgium,B,song,0:33,https://xeno-canto.org/630332/download,XC630332-koolmees_zang_200321_Tombeek.mp3,Cyanistes caeruleus|Phylloscopus collybita
630331,50.7516,4.5756,2021-03-20,3,Belgium,B,call,0:37,https://xeno-canto.org/630331/download,XC630331-koolmees_pie-toe_200321_tombeek.mp3,Cyanistes caeruleus|Sitta europaea|Poecile palustris
630120,45.7479,5.4478,2021-03-19,3,France,B,song,0:18,https://xeno-canto.org/630120/download,XC630120-210319_0643_Mésange charbonnière_mâle chanteur_Mépieu (38).mp3,
629261,46.37,0.2978,2021-03-15,3,France,B,alarm call,0:45,https://xeno-canto.org/629261/download,XC629261-210315_003.mp3,
628464,50.4703,3.7077,2021-03-12,3,Belgium,B,song,0:56,https://xeno-canto.org/628464/download,XC628464-Mésange charbonnière_1200_210312_1SB_Ecluse de pommeroeul_Iphone.mp3,
627280,49.0699,1.6524,2021-03-07,3,France,B,"alarm call, call, trsyllabic",0:30,https://xeno-canto.org/627280/download,XC627280-Mesange charbonniere sifflement trisyllablique ++.mp3,
627279,49.0699,1.6524,2021-03-07,3,France,B,"alarm call, call, chatter, whistles",0:35,https://xeno-canto.org/627279/download,XC627279-Mesange charbonniere divers chatters et sifflements 2.mp3,
627274,49.0699,1.6524,2021-03-07,3,France,B,"alarm call, call, chatter",0:51,https://xeno-canto.org/627274/download,XC627274-Mesange charbonniere chatters divers +.mp3,
627210,50.7542,4.5672,2021-03-07,3,Belgium,B,call,0:23,https://xeno-canto.org/627210/download,XC627210-koolmees3_070321_tombeek.mp3,
627209,50.7542,4.5672,2021-03-07,3,Belgium,B,"alarm call, call",1:09,https://xeno-canto.org/627209/download,XC627209-koolmees2_070321_Tombeek.mp3,
627207,50.7542,4.5672,2021-03-07,3,Belgium,B,"alarm call, call",1:09,https://xeno-canto.org/627207/download,XC627207-koolmees_070321_Tombeek.mp3,
627028,44.6219,4.6102,2021-03-06,3,France,B,alarm call,1:08,https://xeno-canto.org/627028/download,XC627028-MixPre-476_Parus major_YB.mp3,
627022,44.6215,4.6099,2021-03-06,3,France,B,alarm call,0:50,https://xeno-canto.org/627022/download,XC627022-MixPre-472_Parus major_YB.mp3,
627020,44.6215,4.6099,2021-03-06,3,France,B,alarm call,1:18,https://xeno-canto.org/627020/download,XC627020-MixPre-471_Parus major_YB.mp3,
626265,51.074,2.829,2021-03-02,3,Belgium,B,call,0:29,https://xeno-canto.org/626265/download,XC626265-LS_57191 Koolmees call B.mp3,
626264,51.074,2.829,2021-03-02,3,Belgium,B,song,0:24,https://xeno-canto.org/626264/download,XC626264-LS_57189 Koolmees song B.mp3,
612262,52.4225,10.2233,2019-03-09,3,Germany,B,"call, song, unusual call/ song",0:36,https://xeno-canto.org/612262/download,XC612262-2019 Kohlmeise Seewiesen.mp3,Fringilla coelebs
602234,46.5763,0.3224,2020-03-23,3,France,B,song,1:44,https://xeno-canto.org/602234/download,XC602234-200323_1706 maison mésange charbonnière.mp3,
602231,46.5763,0.3224,2020-03-21,3,France,B,song,0:27,https://xeno-canto.org/602231/download,XC602231-200321_1700 maison mésange charbonnière.mp3,Columba palumbus|Sylvia atricapilla
595666,52.3304,10.2387,2011-05-10,5,Germany,B,"duet, song",2:13,https://xeno-canto.org/595666/download,"XC595666-KOHLMEISEN, Rhythmen, 10.05.2011  Peine, Fontanestraße  16_38   LS101124-126  Peine.mp3",Turdus merula|Chloris chloris|Apus apus
574186,50.4643,3.6824,2020-06-02,6,Belgium,B,call,0:12,https://xeno-canto.org/574186/download,XC574186-Mésange charbonnière 200602_1000_0CA_Marais d'Harchies_Digue AB_Mixpre 681.mp3,
571729,52.3458,4.8095,2020-03-25,3,Netherlands,B,call,1:00,https://xeno-canto.org/571729/download,XC571729-20200325-0450_60sec_koolmees_220kbps.mp3,
570906,43.7255,4.7094,2020-06-21,6,France,B,call,0:11,https://xeno-canto.org/570906/download,XC570906-charboniere_fontvieille.mp3,
568111,52.585,13.1769,2019-04-29,4,Germany,B,call,0:29,https://xeno-canto.org/568111/download,"XC568111-190429_0482 1449 Kohlmeise. D, B, Spandauer Forst. Stephan Risch.mp3",
567723,52.585,13.1769,2019-04-08,4,Germany,B,song,0:33,https://xeno-canto.org/567723/download,"XC567723-190408_0430 1749 Kohlmeise. Berlin, Spandauer Forst. Stephan Risch.mp3",
566797,54.0593,9.8462,2020-06-08,6,Germany,B,song,0:52,https://xeno-canto.org/566797/download,XC566797-2020-06-09_Kohlmeise.mp3,
563850,43.0168,2.9423,2020-05-22,5,France,B,song,1:50,https://xeno-canto.org/563850/download,XC563850-0522_125229.mp3,Curruca melanocephala|Turdus merula|Luscinia megarhynchos
563845,43.0168,2.9423,2020-05-22,5,France,B,song,1:46,https://xeno-canto.org/563845/download,XC563845-0522_124939.mp3,Curruca hortensis|Turdus merula|Luscinia megarhynchos
563570,43.8189,4.4736,2020-05-27,5,France,B,song,0:41,https://xeno-canto.org/563570/download,XC563570-200527-112836_Parus major_YB.mp3,
561505,52.1856,4.5163,2020-05-21,5,Netherlands,B,"alarm call, song",0:41,https://xeno-canto.org/561505/download,XC561505-Great Tit Leiden 200521-130601.wav,
560614,52.0149,5.0378,2020-05-22,5,Netherlands,B,call,3:27,https://xeno-canto.org/560614/download,XC560614-Koolmees 20200522-02b.mp3,
559752,44.1464,1.8777,2020-05-19,5,France,B,alarm call,0:27,https://xeno-canto.org/559752/download,XC559752-200519_003c.mp3,Hippolais polyglotta
559308,44.0626,1.9506,2020-04-02,4,France,B,"call, song",1:14,https://xeno-canto.org/559308/download,XC559308-200404_04.mp3,Sylvia atricapilla|Turdus merula|Pica pica|Troglodytes troglodytes|Phylloscopus collybita
558133,44.0606,1.9514,2020-03-28,3,France,B,call,0:46,https://xeno-canto.org/558133/download,XC558133-200328_12.mp3,Turdus philomelos|Sylvia atricapilla|Turdus merula|Troglodytes troglodytes
556939,48.8205,2.1781,2020-05-06,5,France,B,"call, call like treecreepern chatter",3:23,https://xeno-canto.org/556939/download,XC556939-Mesange charbonniere type grimpereau et chatter.mp3,
556935,48.8205,2.1781,2020-05-06,5,France,B,begging call,0:30,https://xeno-canto.org/556935/download,XC556935-Mesange charbonniere quemandage +.mp3,
556108,50.9273,4.0879,2020-05-09,5,Belgium,B,song,0:07,https://xeno-canto.org/556108/download,XC556108-200509_koolmees.mp3,Corvus corone
556005,42.5115,9.4492,2020-05-10,5,France,B,song,0:35,https://xeno-canto.org/556005/download,XC556005-PARMAJ.mp3,
555764,51.9839,5.3368,2020-04-01,4,Netherlands,B,"call, song",0:40,https://xeno-canto.org/555764/download,XC555764-200401_1182_GreatTit_6h05.mp3,
555220,49.1599,5.3844,2019-03-28,3,France,B,song,0:11,https://xeno-canto.org/555220/download,XC555220-Mésange_charboniere190328_0030.MP3,
555032,51.1975,4.9346,2020-05-07,5,Belgium,B,song,0:15,https://xeno-canto.org/555032/download,XC555032-Koolmees 2020-05-07 0945a.mp3,Sylvia atricapilla|Phylloscopus collybita
553890,46.5375,0.1994,2020-05-03,5,France,B,call,0:47,https://xeno-canto.org/553890/download,XC553890-200503-174731.mp3,
553827,51.1405,4.9916,2020-05-03,5,Belgium,B,song,0:37,https://xeno-canto.org/553827/download,XC553827-Koolmees 2020-05-03 1840a.mp3,Turdus merula|Erithacus rubecula
553634,51.1405,4.9916,2020-04-26,4,Belgium,B,song,0:05,https://xeno-canto.org/553634/download,XC553634-Koolmees 2020-04-26 1615 1a.mp3,
553340,43.178,0.3973,2020-04-10,4,France,B,song,0:28,https://xeno-canto.org/553340/download,XC553340-PARMAJ_200410_5655_Barran65.mp3,Sylvia atricapilla|Corvus corone|Phylloscopus collybita
553204,48.8205,2.1781,2020-05-02,5,France,B,"begging call, hatchling or nestling, nestbox",0:14,https://xeno-canto.org/553204/download,XC553204-Mesange charbonniere quemandage +.mp3,
553122,52.0149,5.0378,2020-05-02,5,Netherlands,B,call,0:05,https://xeno-canto.org/553122/download,XC553122-Koolmees 20200502-03a roep.mp3,
553119,52.0149,5.0378,2020-05-02,5,Netherlands,B,call,0:03,https://xeno-canto.org/553119/download,XC553119-Koolmees 20200502-02a roep.mp3,
552023,51.1405,4.9916,2020-04-29,4,Belgium,B,call,0:12,https://xeno-canto.org/552023/download,XC552023-Koolmees 2020-04-29 3a.mp3,Prunella modularis|Erithacus rubecula
551785,49.1221,-1.1102,2020-04-28,4,France,B,song,0:13,https://xeno-canto.org/551785/download,XC551785-28-04-2020.mp3,
551735,51.1404,4.992,2020-04-28,4,Belgium,B,song,0:05,https://xeno-canto.org/551735/download,XC551735-Koolmees 2020-04-28 1015 2a.mp3,Prunella modularis
551381,51.1404,4.992,2020-04-27,4,Belgium,B,song,0:16,https://xeno-canto.org/551381/download,XC551381-Koolmees 2020-04-27 1540a.mp3,Sylvia atricapilla
550884,48.8205,2.1781,2020-04-26,4,France,B,begging call,0:21,https://xeno-canto.org/550884/download,XC550884-Mesange charbonniere quemandage +.mp3,
550883,48.8205,2.1781,2020-04-26,4,France,B,"begging call, adults feeding youngs, rattle",0:02,https://xeno-canto.org/550883/download,XC550883-Mesange charbonniere chatter au nid.mp3,
550881,48.8205,2.1781,2020-04-26,4,France,B,"begging call, adults feeding youngs, rattle",0:02,https://xeno-canto.org/550881/download,XC550881-Mesange charbonniere chatter au nid 2.mp3,
550880,48.8205,2.1781,2020-04-26,4,France,B,"begging call, call, flight call, adults feeding youngs",1:13:07,https://xeno-canto.org/550880/download,XC550880-Mesange charbonniere quemandages longs.mp3,
550661,44.1479,1.8772,2020-04-25,4,France,B,song,0:37,https://xeno-canto.org/550661/download,XC550661-200425_003a.mp3,Sylvia atricapilla|Turdus merula|Phylloscopus collybita|Curruca iberiae
548759,51.9363,5.9001,2020-03-26,3,Netherlands,B,"call, wingbeats",0:18,https://xeno-canto.org/548759/download,"XC548759-Koolmees, flight call and distant song, 260320, 0512 uur.mp3",
548758,51.9363,5.9001,2020-03-23,3,Netherlands,B,"song, subsong",0:37,https://xeno-canto.org/548758/download,"XC548758-Koolmees, agressieve zang, 230320, 0536 uur.mp3",
548482,50.7542,4.5672,2020-03-31,3,Belgium,B,song,0:10,https://xeno-canto.org/548482/download,XC548482-koolmees_310320_Tombeek.mp3,
547405,51.1404,4.9914,2020-04-16,4,Belgium,B,song,1:13,https://xeno-canto.org/547405/download,XC547405-Vink-Koolmees 2020-04-16 1430 2a.mp3,Fringilla coelebs|Sylvia atricapilla|Phylloscopus collybita
546911,49.0443,6.3564,2020-04-12,4,France,B,alarm call,0:14,https://xeno-canto.org/546911/download,XC546911-Mésange charbonnière_200412_0094.mp3,Alauda arvensis
546910,49.0464,6.3533,2020-04-12,4,France,B,song,0:30,https://xeno-canto.org/546910/download,XC546910-Mésange charbonnière_200412_0079.mp3,Alauda arvensis
546828,51.0177,4.516,2020-04-16,4,Belgium,B,call,0:24,https://xeno-canto.org/546828/download,XC546828-LS_55279 Koolmees raar roepje man B.mp3,
546497,44.0637,1.9519,2020-03-21,3,France,B,song,0:35,https://xeno-canto.org/546497/download,XC546497-200321_18.mp3,Phoenicurus ochruros|Sylvia atricapilla|Turdus merula|Coloeus monedula|Serinus serinus|Columba livia|Passer domesticus
546489,44.0628,1.9504,2020-03-21,3,France,B,song,1:08,https://xeno-canto.org/546489/download,XC546489-200321_16.mp3,Columba palumbus|Emberiza cirlus|Sylvia atricapilla|Turdus merula|Coloeus monedula|Erithacus rubecula|Serinus serinus
546196,44.0626,1.9511,2020-03-21,3,France,B,song,0:44,https://xeno-canto.org/546196/download,XC546196-200321_01.mp3,Carduelis carduelis|Passer domesticus
546193,44.1464,1.8777,2020-03-18,3,France,B,alarm call,0:50,https://xeno-canto.org/546193/download,XC546193-200318_04.mp3,Columba palumbus|Fringilla coelebs|Emberiza cirlus|Turdus merula|Corvus corone|Erithacus rubecula
546192,44.1464,1.8777,2020-03-18,3,France,B,alarm call,2:09,https://xeno-canto.org/546192/download,XC546192-200318_03.mp3,Columba palumbus|Emberiza cirlus|Turdus philomelos|Sylvia atricapilla|Erithacus rubecula|Aegithalos caudatus
546190,44.1464,1.8777,2020-03-18,3,France,B,alarm call,1:07,https://xeno-canto.org/546190/download,XC546190-200318_01.mp3,Cyanistes caeruleus|Emberiza cirlus|Sylvia atricapilla|Turdus merula|Erithacus rubecula|Phylloscopus collybita
545849,46.5761,0.3222,2020-04-03,4,France,B,song,13:07,https://xeno-canto.org/545849/download,XC545849-200403_1776 maison mésange charbonnière.mp3,Cyanistes caeruleus|Turdus merula
545641,51.1404,4.9915,2020-04-04,4,Belgium,B,subsong,0:45,https://xeno-canto.org/545641/download,XC545641-Koolmees 2020-04-04 1500 2a.mp3,Chloris chloris
545640,51.1404,4.9915,2020-04-04,4,Belgium,B,subsong,0:17,https://xeno-canto.org/545640/download,XC545640-Koolmees 2020-04-04 1500 1a.mp3,Phylloscopus collybita|Chloris chloris
545639,51.1404,4.9915,2020-04-04,4,Belgium,B,subsong,0:21,https://xeno-canto.org/545639/download,XC545639-Koolmees 2020-04-04 3a.mp3,Turdus philomelos|Sylvia atricapilla|Phylloscopus collybita
545636,51.1404,4.9915,2020-04-04,4,Belgium,B,subsong,0:39,https://xeno-canto.org/545636/download,XC545636-Koolmees 2020-04-04 2a.mp3,Sylvia atricapilla|Turdus merula|Alopochen aegyptiaca|Mareca strepera|Phylloscopus collybita
545635,51.1404,4.9915,2020-04-04,4,Belgium,B,subsong,0:58,https://xeno-canto.org/545635/download,XC545635-Koolmees 2020-04-04 1a.mp3,Sylvia atricapilla|Mareca strepera|Phylloscopus collybita
545634,51.1404,4.9915,2020-04-04,4,Belgium,B,subsong,0:58,https://xeno-canto.org/545634/download,XC545634-Koolmees 2020-04-04 1a.mp3,Sylvia atricapilla|Mareca strepera|Phylloscopus collybita
545633,51.1404,4.9914,2020-04-07,4,Belgium,B,song,0:21,https://xeno-canto.org/545633/download,XC545633-Koolmees 2020-04-07 1720a.mp3,Troglodytes troglodytes|Phylloscopus collybita|Passer domesticus
545629,51.1404,4.9915,2020-04-07,4,Belgium,B,call,0:19,https://xeno-canto.org/545629/download,XC545629-Koolmees 2020-04-07 2010a.mp3,Turdus merula|Branta canadensis|Coloeus monedula|Erithacus rubecula|Troglodytes troglodytes
543791,52.0149,5.0378,2020-04-10,4,Netherlands,B,song,1:20,https://xeno-canto.org/543791/download,XC543791-Koolmees 20200410-01d.mp3,
543790,52.0149,5.0378,2020-04-10,4,Netherlands,B,song,0:51,https://xeno-canto.org/543790/download,XC543790-Koolmees 20200410-01c.mp3,
543788,52.0149,5.0378,2020-04-10,4,Netherlands,B,song,1:49,https://xeno-canto.org/543788/download,XC543788-Koolmees 20200410-01a.mp3,
542689,46.5878,0.2042,2020-03-12,3,France,B,call,1:19,https://xeno-canto.org/542689/download,XC542689-200312_1670 Vouillé P 84 mésange charbonnière.mp3,Turdus merula|Phylloscopus collybita
542181,44.0626,1.951,2020-04-05,4,France,B,song,1:28,https://xeno-canto.org/542181/download,XC542181-200405_012a.mp3,Phoenicurus ochruros|Sylvia atricapilla|Turdus merula|Corvus corone|Coloeus monedula|Carduelis carduelis|Delichon urbicum
541981,45.8271,1.293,2020-04-02,4,France,B,song,0:19,https://xeno-canto.org/541981/download,XC541981-Mésange charbonnière-020420-064532.mp3,
541864,50.4589,3.1367,2020-04-03,4,France,B,song,0:34,https://xeno-canto.org/541864/download,XC541864-Mésange charbo cri titu ++ 20200331.mp3,
541515,48.8205,2.1781,2020-04-04,4,France,B,"imitation, song, imitation of marsh tit, mimicry/imitation",1:27,https://xeno-canto.org/541515/download,XC541515-Mesange charbo chant type nonnette +.mp3,
541200,46.5966,0.1988,2020-04-03,4,France,B,alarm call,0:49,https://xeno-canto.org/541200/download,XC541200-200403-180331.mp3,
541197,46.5968,0.1993,2020-04-03,4,France,B,alarm call,0:04,https://xeno-canto.org/541197/download,XC541197-200403-172712.mp3,
541151,43.8631,4.7614,2020-04-02,4,France,B,alarm call,0:34,https://xeno-canto.org/541151/download,XC541151-Mesange charbo couple alarme.mp3,
539944,49.6682,-1.4283,2020-03-30,3,France,B,call,0:08,https://xeno-canto.org/539944/download,XC539944-MCharbo02.mp3,
539943,49.6682,-1.4283,2020-03-30,3,France,B,call,0:28,https://xeno-canto.org/539943/download,XC539943-Mcharbo01.mp3,
539189,51.011,4.5995,2020-03-19,3,Belgium,B,song,0:37,https://xeno-canto.org/539189/download,XC539189-LS_55190 Koolmees song B.mp3,
538273,51.4213,5.4732,2020-03-16,3,Netherlands,B,"call, territorial",0:32,https://xeno-canto.org/538273/download,XC538273-Parus major_2020.03.16_07.19_01.mp3,
538268,51.4213,5.4732,2020-03-15,3,Netherlands,B,song,0:33,https://xeno-canto.org/538268/download,XC538268-Parus major_2020.03.15_10.01_01.mp3,
538264,51.4213,5.4732,2020-03-14,3,Netherlands,B,song,0:28,https://xeno-canto.org/538264/download,XC538264-Parus major_2020.03.14_10.25_01.mp3,Chloris chloris
537226,45.769,4.8657,2020-03-22,3,France,B,song,0:37,https://xeno-canto.org/537226/download,XC537226-200322_Charbo+Corn.mp3,Corvus corone
537116,44.0619,1.9524,2020-03-22,3,France,B,song,1:39,https://xeno-canto.org/537116/download,XC537116-200322_004a.mp3,Cyanistes caeruleus|Regulus regulus|Columba palumbus|Fringilla coelebs|Sylvia atricapilla|Turdus merula|Parus major|Serinus serinus|Passer domesticus
536627,50.4302,6.2492,2020-03-17,3,Belgium,B,"call, imitation, song, mimicry/imitation",0:22,https://xeno-canto.org/536627/download,XC536627-Koolmees 17-03-20a.mp3,Fringilla coelebs
536585,48.8205,2.1781,2020-03-21,3,France,B,song,0:08,https://xeno-canto.org/536585/download,XC536585-Mesange charbonniere chant buzze +.mp3,
536563,46.9702,4.6874,2020-03-11,3,France,B,alarm call,0:31,https://xeno-canto.org/536563/download,XC536563-Koolmees 11-03-20a.mp3,Fringilla coelebs|Turdus philomelos
536516,50.8897,13.2915,2020-03-19,3,Germany,B,song,0:13,https://xeno-canto.org/536516/download,XC536516-Parus_Maior_1 (online-audio-converter.com)Woche.mp3,
536057,48.8205,2.1781,2020-03-19,3,France,B,flight call,0:09,https://xeno-canto.org/536057/download,XC536057-Mesange charbonniere cris de vol fins.mp3,
535799,48.8688,2.0913,2018-03-17,3,France,B,call,0:09,https://xeno-canto.org/535799/download,XC535799-2018-03-17 Marly le Roi jardin de Benoit Froelich mesange charboniere cri 4.mp3,
535797,48.8688,2.0913,2018-03-17,3,France,B,call,0:18,https://xeno-canto.org/535797/download,XC535797-2018-03-17 Marly le Roi jardin de Benoit Froelich mesange charboniere cri 3.mp3,
535795,48.8688,2.0913,2018-03-17,3,France,B,call,0:21,https://xeno-canto.org/535795/download,XC535795-2018-03-17 Marly le Roi jardin de Benoit Froelich mesange charboniere cri 2.mp3,
535791,48.8688,2.0913,2018-03-17,3,France,B,"call, chatter",0:23,https://xeno-canto.org/535791/download,XC535791-2018-03-17 Marly le Roi jardin de Benoit Froelich Mesange charboniere chatter call 2.mp3,
534807,50.4667,3.6728,2020-03-15,3,Belgium,B,call,0:22,https://xeno-canto.org/534807/download,XC534807-Mésange charbonnière 2003151CA HHP.mp3,
534414,50.4663,3.6846,2020-03-06,3,Belgium,B,call,0:48,https://xeno-canto.org/534414/download,XC534414-Mésange charbonnière 200306_0CA_HHP.mp3,Larus canus|Podiceps cristatus
534290,51.0763,7.0154,2020-03-13,3,Germany,B,song,1:21,https://xeno-canto.org/534290/download,"XC534290-200313_1859 1702 Kohlmeise. D, NW, LEV. Stephan Risch.mp3",Turdus merula|Pica pica
534011,48.2741,10.8188,2020-03-08,3,Germany,B,"call, song",2:27,https://xeno-canto.org/534011/download,XC534011-kusaKASTAniIN32µ.mp3.bb_35922-10.mp3,Turdus merula|Passer montanus
533704,48.6647,1.8492,2020-03-07,3,France,B,flight call,0:11,https://xeno-canto.org/533704/download,XC533704-Mesange charbonniere un cri de vol arque.mp3,
533323,42.8855,2.8523,2020-03-05,3,France,B,alarm call,0:23,https://xeno-canto.org/533323/download,XC533323-2020030511_0836_Parus major_alarme_nid_TB.mp3,
533211,48.8286,2.4363,2020-03-08,3,France,B,song,0:30,https://xeno-canto.org/533211/download,XC533211-2020030825_1028_Parus major_chant_male_TB.mp3,
533210,48.8286,2.4363,2020-03-08,3,France,B,song,1:00,https://xeno-canto.org/533210/download,XC533210-2020030824_1015_Parus major_chant_couple_TB.mp3,
533198,48.8286,2.4363,2020-03-08,3,France,B,"call, couple",0:47,https://xeno-canto.org/533198/download,XC533198-2020030815_0851_Parus major_cri_couple_TB.mp3,
532227,48.8266,2.414,2020-03-07,3,France,B,song,1:06,https://xeno-canto.org/532227/download,XC532227-2020030712_1038_Parus major_chant_TTB.mp3,
532226,48.8266,2.414,2020-03-07,3,France,B,song,1:13,https://xeno-canto.org/532226/download,XC532226-2020030710_0939_Parus major_chant_TTB.mp3,
528606,51.965,6.7739,2018-04-15,4,Netherlands,B,"call, song",0:11,https://xeno-canto.org/528606/download,XC528606-Great Tit Winterswijk 170415_2668.mp3,
515983,43.0509,0.1466,2017-04-24,4,France,B,call,0:30,https://xeno-canto.org/515983/download,XC515983-PARMAJ_170224_2473_Bagneres65_VallonSalut_cris.mp3,
513001,52.128,6.1365,2019-04-18,4,Netherlands,B,song,0:55,https://xeno-canto.org/513001/download,XC513001-190418_003 Koolmees.mp3,
510999,43.9158,3.771,2019-05-14,5,France,B,song,0:25,https://xeno-canto.org/510999/download,XC510999-PARMAJ_190514_5056_Demoiselles34.mp3,Phylloscopus bonelli
503961,43.6035,1.3786,2018-03-28,3,France,B,song,0:41,https://xeno-canto.org/503961/download,XC503961-PARMAJ_180328_3968_ENVT_bois_nord.mp3,Buteo buteo|Corvus corone|Erithacus rubecula|Phylloscopus collybita
502428,47.3765,-1.3331,2018-04-29,4,France,B,song,0:23,https://xeno-canto.org/502428/download,XC502428-PARMAJ_180429_4218_Cribotiere44.mp3,Luscinia megarhynchos|Streptopelia decaocto|Passer domesticus
502427,47.3765,-1.3331,2018-04-29,4,France,B,song,0:05,https://xeno-canto.org/502427/download,XC502427-PARMAJ_180429_4217_Cribotiere44.mp3,Passer domesticus
502366,47.8974,-3.4336,2017-04-19,4,France,B,song,0:07,https://xeno-canto.org/502366/download,XC502366-PARMAJ_170419_071448_Z42_Tr3.mp3,Sitta europaea|Troglodytes troglodytes
502365,47.8974,-3.4336,2017-04-19,4,France,B,song,0:24,https://xeno-canto.org/502365/download,XC502365-PARMAJ_170419_071414_Z41_Tr3.mp3,Turdus merula|Coloeus monedula|Troglodytes troglodytes|Streptopelia decaocto
485742,47.3474,8.9745,2019-04-29,4,Switzerland,B,song,0:16,https://xeno-canto.org/485742/download,XC485742-ParMaj_20190429_Roten_ZHSG.mp3,Periparus ater
485738,47.3474,8.9745,2019-04-27,4,Switzerland,B,song,0:13,https://xeno-canto.org/485738/download,XC485738-ParMaj_20190427_Roten_ZHSG.mp3,
485736,47.3474,8.9745,2019-04-23,4,Switzerland,B,song,0:12,https://xeno-canto.org/485736/download,XC485736-ParMaj_20190423_Roten_ZHSG.mp3,
483555,51.94,5.9038,2019-06-21,6,Netherlands,B,alarm call,1:20,https://xeno-canto.org/483555/download,"XC483555-Koolmees, alarm, 210619, 0741 uur.mp3",
483259,48.8616,2.2893,2017-04-01,4,France,B,call,0:06,https://xeno-canto.org/483259/download,XC483259-DSC_2731_GRTI_201704011810_mod.mp3,
480825,43.3347,5.4105,2019-06-09,6,France,B,song,0:02,https://xeno-canto.org/480825/download,XC480825-4-Mésange charbo -Rési Marseille-090619.mp3,
479032,51.94,5.9038,2019-05-10,5,Netherlands,B,song,1:01,https://xeno-canto.org/479032/download,"XC479032-Koolmees, zang, 100519, 0454 uur.mp3",
479018,51.94,5.9038,2019-05-05,5,Netherlands,B,alarm call,0:44,https://xeno-canto.org/479018/download,"XC479018-Koolmees, alarm, 050519, 0526 uur.mp3",
478081,48.844,2.3586,2019-05-15,5,France,B,alarm call,0:22,https://xeno-canto.org/478081/download,XC478081-PARMAJ-JAlpin-20190515-1459.mp3,
477469,52.4163,4.5815,1991-03-02,3,Netherlands,B,call,0:24,https://xeno-canto.org/477469/download,XC477469-koolmees roep kennemerduinen 020391.mp3,
476979,50.9139,6.9317,2019-05-25,5,Germany,B,alarm call,9:24,https://xeno-canto.org/476979/download,XC476979-Kohlmeise_Buntspecht_4CH012I.mp3,Turdus merula|Dendrocopos major
475815,50.9652,6.9504,2019-05-21,5,Germany,B,call,1:13,https://xeno-canto.org/475815/download,XC475815-20190521-051303.mp3,Turdus merula
475445,45.9572,4.4878,2019-04-13,4,France,B,call,0:40,https://xeno-canto.org/475445/download,XC475445-Charbonnière-Cris.mp3,
475245,48.8439,2.363,2019-05-18,5,France,B,"begging call, call",1:00,https://xeno-canto.org/475245/download,XC475245-PARMAJ-JdP-20190518-1243.mp3,Corvus corone
474496,43.5426,1.6093,2019-05-14,5,France,B,alarm call,0:02,https://xeno-canto.org/474496/download,XC474496-charbo 7h.mp3,Passer domesticus
473984,51.0763,7.0154,2019-05-12,5,Germany,B,call,0:32,https://xeno-canto.org/473984/download,"XC473984-190512_0636 1944 Kohlmeise. D, LEV, Opladen. Stephan Risch.mp3",Certhia brachydactyla
473880,50.1737,8.7627,2019-05-12,5,Germany,B,call,0:16,https://xeno-canto.org/473880/download,XC473880-xc-wa006244-Parus-major.mp3,
473289,51.4213,5.4732,2019-04-21,4,Netherlands,B,song,0:47,https://xeno-canto.org/473289/download,XC473289-Parus major_song_2019.04.21_09.36_01.mp3,Troglodytes troglodytes
471870,42.965,9.4512,2019-04-13,4,France,B,flight call,0:14,https://xeno-canto.org/471870/download,XC471870-2019-04-13 Maccinagio Mesange charbonniere trilles ping-ping-ping en vol +.mp3,
471629,41.7945,9.2253,2019-04-06,4,France,B,"alarm call, call, interaction calls",0:56,https://xeno-canto.org/471629/download,XC471629-2019-04-07 Aleria - Bavella Mesange charbonniere tit tit to chatter cris d interaction +.mp3,
470428,50.4604,3.6712,2019-04-29,4,Belgium,B,song,3:11,https://xeno-canto.org/470428/download,XC470428-MESANGE CHARBONNIERE HHP QUEUE SLABBINCK XC.mp3,
469834,51.94,5.9038,2019-04-29,4,Netherlands,B,"aberrant, song, subsong, aberrant song",0:53,https://xeno-canto.org/469834/download,"XC469834-Koolmees, afwijkende zang, 290419, 0534 uur.mp3",
469806,52.1391,5.2991,2019-03-29,3,Netherlands,B,"aberrant, imitation, song, aberrant song, mimicry of a nuthatch, mimicry/imitation",0:57,https://xeno-canto.org/469806/download,"XC469806-Koolmees, imitatie boomklever, Stompen, 290319, 0911 uur.MP3",Fringilla coelebs|Sitta europaea|Parus major|Erithacus rubecula|Poecile palustris
467904,50.0208,8.7591,2019-04-21,4,Germany,B,song,0:12,https://xeno-canto.org/467904/download,XC467904-190421_12KMR.mp3,
467785,47.2538,7.4363,2019-04-19,4,Switzerland,B,song,1:20,https://xeno-canto.org/467785/download,XC467785-Kohlmeise_20190419_1722_Gänsbrunnen_599903_233705_song.mp3,
467229,43.5262,-1.5198,2019-04-13,4,France,B,song,1:33,https://xeno-canto.org/467229/download,XC467229-PARMAJ_190413_4615_Izadia64.mp3,Parus major|Picus viridis|Upupa epops|Tachybaptus ruficollis
467206,51.0763,7.0154,2019-04-17,4,Germany,B,song,0:34,https://xeno-canto.org/467206/download,"XC467206-Parus major. D, NW, LEV. 2019-04-17. Stephan Risch 190417_0444 X.mp3",Fringilla coelebs|Certhia brachydactyla
466855,43.2297,0.1189,2019-04-15,4,France,B,song,1:03,https://xeno-canto.org/466855/download,XC466855-PARMAJ_190415_4668_chant_particulier_Semeac65.mp3,Cyanistes caeruleus|Certhia brachydactyla|Troglodytes troglodytes
466625,48.2741,10.8188,2018-06-02,6,Germany,B,begging call,3:04,https://xeno-canto.org/466625/download,XC466625-555451-03'µ mp3.mp3,
466623,48.2741,10.8188,2018-06-02,6,Germany,B,"begging call, call",4:33,https://xeno-canto.org/466623/download,XC466623-555451-02'µ mp3.mp3,
465902,50.0461,8.1914,2019-04-09,4,Germany,B,call,0:33,https://xeno-canto.org/465902/download,XC465902-GREAT TIT -- PARUS MAJOR  0001-c.mp3,
465830,51.4213,5.4732,2018-06-15,6,Netherlands,B,song,0:22,https://xeno-canto.org/465830/download,XC465830-Parus major_2018.06.15_12.13_01.mp3,Cyanistes caeruleus|Turdus merula|Coloeus monedula|Apus apus
465712,52.1251,5.3775,2019-04-07,4,Netherlands,B,song,0:38,https://xeno-canto.org/465712/download,XC465712-463 07042019 17.05 Rusthof koolmees gezien.mp3,
463980,46.3384,6.1402,2019-03-23,3,Switzerland,B,song,0:44,https://xeno-canto.org/463980/download,XC463980-GreatTit_MaraisdelaVersoix_190323_0124_edited.mp3,Erithacus rubecula|Troglodytes troglodytes|Phylloscopus collybita
463872,52.1468,5.3788,2019-03-27,3,Netherlands,B,song,1:05,https://xeno-canto.org/463872/download,XC463872-402 27032019 12.48 baltszang koolmees.mp3,
463637,48.8756,8.9911,2019-03-26,3,Germany,B,"call, imitation, sweeoo call",0:42,https://xeno-canto.org/463637/download,XC463637-190326 Kohlmeise SweeooRuf FH 1122.mp3,
463492,49.4292,8.6563,2019-03-23,3,Germany,B,song,0:36,https://xeno-canto.org/463492/download,XC463492-2019_03_23_07_48_34.mp3,Phoenicurus ochruros|Erithacus rubecula|Carduelis carduelis
462710,50.9925,4.3981,2019-03-22,3,Belgium,B,call,0:25,https://xeno-canto.org/462710/download,XC462710-LS101298 Koolmees call A.mp3,
461991,52.133,5.0489,2019-03-14,3,Netherlands,B,call,0:47,https://xeno-canto.org/461991/download,XC461991-koolmees_aud_zwow4.mp3,
461959,48.9235,9.0955,2019-03-13,3,Germany,B,call,0:44,https://xeno-canto.org/461959/download,XC461959-190313 Kohlmeise Ruf FH 1548.mp3,
446343,49.3981,8.7261,2018-05-13,5,Germany,B,song,0:03,https://xeno-canto.org/446343/download,XC446343-Parus major_song_2018.05.13_12.42_01_Königstuhl.mp3,
440205,52.1331,5.0489,2018-06-09,6,Netherlands,B,begging call,0:09,https://xeno-canto.org/440205/download,XC440205-koolmees_zwow2.mp3,
439558,49.6682,-1.4283,2018-06-04,6,France,B,song,0:34,https://xeno-canto.org/439558/download,XC439558-Parus majorA.mp3,
438741,46.5979,0.1996,2018-06-11,6,France,B,song,2:11,https://xeno-canto.org/438741/download,XC438741-180611_0999 Vouillé P 71 mésange charbonnière.mp3,Fringilla coelebs|Parus major
438244,46.5763,0.3224,2018-05-27,5,France,B,song,0:36,https://xeno-canto.org/438244/download,XC438244-180527_0957 Maison même mésange charbonnière.mp3,
437710,46.5959,0.1676,2018-05-12,5,France,B,song,1:37,https://xeno-canto.org/437710/download,XC437710-180512_0892 Vouillé mésange charbonnière.mp3,Fringilla coelebs|Turdus philomelos|Turdus merula|Corvus corone
437554,46.5956,0.1677,2018-05-06,5,France,B,song,0:17,https://xeno-canto.org/437554/download,XC437554-180506_0866 Vouillé P 44 Mésange charbonnière.mp3,
436371,51.94,5.9038,2018-03-07,3,Netherlands,B,"alarm call, song, subsong",2:11,https://xeno-canto.org/436371/download,"XC436371-Koolmees, sub song,  070318 0745 uur.mp3",
436194,46.3251,-1.3199,2018-04-17,4,France,B,song,0:11,https://xeno-canto.org/436194/download,XC436194-180417_0769 La Faute Mésange charbonnière.mp3,
436190,46.3323,-1.3254,2018-04-16,4,France,B,song,0:09,https://xeno-canto.org/436190/download,XC436190-180416_0741 La Faute Mésange charbonnière.mp3,
422223,51.5856,9.9375,2018-05-17,5,Germany,B,song,0:45,https://xeno-canto.org/422223/download,XC422223-rc 15 Parus major edited.mp3,
420347,45.7392,5.4525,2018-06-09,6,France,B,call,1:12,https://xeno-canto.org/420347/download,XC420347-Mésange charbo.mp3,
420334,49.4258,8.7058,2018-05-11,5,Germany,B,call,0:44,https://xeno-canto.org/420334/download,XC420334-Parus major_call_2018.05.11_17.31_01.mp3,Sylvia atricapilla|Certhia brachydactyla|Phylloscopus collybita
417973,49.3981,8.7261,2018-05-12,5,Germany,B,alarm call,0:38,https://xeno-canto.org/417973/download,XC417973-Parus major.mp3,Columba palumbus|Fringilla coelebs|Turdus merula|Corvus corone|Erithacus rubecula|Troglodytes troglodytes
417968,49.3981,8.7261,2018-05-12,5,Germany,B,song,0:57,https://xeno-canto.org/417968/download,XC417968-Parus major.mp3,Cyanistes caeruleus|Fringilla coelebs|Turdus philomelos|Sylvia atricapilla|Turdus merula
417965,49.3981,8.7261,2018-05-12,5,Germany,B,call,0:26,https://xeno-canto.org/417965/download,XC417965-Parus major.mp3,
417946,49.3981,8.7261,2018-05-31,5,Germany,B,song,0:35,https://xeno-canto.org/417946/download,XC417946-Parus major.mp3,
417076,46.978,7.0432,2018-05-26,5,Switzerland,B,call,0:18,https://xeno-canto.org/417076/download,XC417076-GT2.mp3,
416752,51.9607,6.3685,2018-04-20,4,Netherlands,B,"song, antagonistic song",0:33,https://xeno-canto.org/416752/download,"XC416752-Koolmees, afwijkende zang, Slangenburg, 200418, 0624 uur.mp3",
416516,46.98,7.038,2018-05-23,5,Switzerland,B,call,0:25,https://xeno-canto.org/416516/download,"XC416516-Great Tit, call, .mp3",
414915,46.5054,-0.1183,2018-04-09,4,France,B,song,1:16,https://xeno-canto.org/414915/download,XC414915-PARMAJ_180409_4025_Coutieres79.mp3,Turdus merula|Troglodytes troglodytes
411680,49.0101,9.0375,2018-03-20,3,Germany,B,"call, imitation",0:43,https://xeno-canto.org/411680/download,XC411680-180320KohlmeiseRufFH 1702 Zoom H4n.mp3,
411476,46.9906,6.8675,2018-04-02,4,Switzerland,B,call,0:13,https://xeno-canto.org/411476/download,"XC411476-Great Tit, 02.04., call, NE.mp3",
410884,50.7777,4.3141,2015-04-18,4,Belgium,B,"begging call, call",0:05,https://xeno-canto.org/410884/download,XC410884-Parus major.mp3,
410561,45.9022,5.3973,2018-04-12,4,France,B,call,0:36,https://xeno-canto.org/410561/download,XC410561-2018 04 12-8h-Bois du Mt Falcon-Charbo.mp3,
409779,44.1292,2.2559,2018-04-01,4,France,B,song,0:18,https://xeno-canto.org/409779/download,XC409779-180401-121634_Parus major_YB.mp3,
409758,47.8974,-3.4336,2017-04-29,4,France,B,song,0:31,https://xeno-canto.org/409758/download,XC409758-PARMAJ_170419_Arzano29_Z43_Tr3.mp3,Troglodytes troglodytes
408226,43.9232,2.1567,2018-03-31,3,France,B,song,0:27,https://xeno-canto.org/408226/download,XC408226-180331-104849_Parus major_YB.mp3,
408216,43.5992,1.3839,2018-03-28,3,France,B,song,0:41,https://xeno-canto.org/408216/download,XC408216-PARMAJ_180328_3968_ENVT_bois_nord.mp3,Cyanistes caeruleus|Buteo buteo|Sitta europaea|Corvus corone|Erithacus rubecula|Phylloscopus collybita
408050,48.8696,2.4929,2018-03-30,3,France,B,song,0:24,https://xeno-canto.org/408050/download,XC408050-20180330_0715.mp3,Turdus merula
407137,46.9846,7.2564,2018-03-24,3,Switzerland,B,song,0:49,https://xeno-canto.org/407137/download,"XC407137-Great Tit, 24.03., song1, Niederried, BE.mp3",Sitta europaea|Corvus corone|Poecile palustris
406731,48.2247,11.154,2018-03-21,3,Germany,B,song,0:19,https://xeno-canto.org/406731/download,XC406731-180321_1277 Nanhofen_0830 Great Tit.mp3,
406508,51.94,5.9038,2018-03-05,3,Netherlands,B,song,1:05,https://xeno-canto.org/406508/download,"XC406508-Koolmees, zang, AZ, 050318 0652 uur.mp3",
406495,51.94,5.9038,2018-03-03,3,Netherlands,B,"call, song",0:43,https://xeno-canto.org/406495/download,"XC406495-Koolmees, zang 030318, AZ, 1138 uur.mp3",
405784,47.52,5.1814,2018-03-10,3,France,B,song,0:43,https://xeno-canto.org/405784/download,XC405784-Mésange-charbonnière-extrait_20180310-1250-Til.mp3,
405778,48.8696,2.4929,2018-03-14,3,France,B,song,1:23,https://xeno-canto.org/405778/download,XC405778-20180314_0610.mp3,Turdus merula|Erithacus rubecula
405777,48.8696,2.4929,2018-03-14,3,France,B,song,0:46,https://xeno-canto.org/405777/download,XC405777-20180314_0600.mp3,
405466,52.1141,6.4774,2018-03-11,3,Netherlands,B,call,1:16,https://xeno-canto.org/405466/download,XC405466-koolmees LS102565.mp3,
404448,50.2478,8.9179,2018-03-04,3,Germany,B,"alarm call, call",0:21,https://xeno-canto.org/404448/download,XC404448-180304_03XC.mp3,
403532,49.0047,8.8956,2017-05-22,5,Germany,B,"alarm call, call",0:53,https://xeno-canto.org/403532/download,XC403532-170522KohlmeiseRufAlarmFH1337.mp3,
400994,49.0132,8.8941,2017-04-29,4,Germany,B,alarm call,1:02,https://xeno-canto.org/400994/download,XC400994-170429KohlmeiseMRufFH 1453.mp3,
393917,49.041,8.963,2017-05-12,5,Germany,B,song,0:33,https://xeno-canto.org/393917/download,XC393917-170512KohlmeiseGesangFH 1703.mp3,
389149,48.2247,11.154,2017-04-29,4,Germany,B,song,0:33,https://xeno-canto.org/389149/download,XC389149-170429_0975 1800 Nanhofen_Great tit NNS.mp3,
387516,46.5908,0.2027,2017-05-07,5,France,B,alarm call,2:52,https://xeno-canto.org/387516/download,XC387516-170507_0219 Vouillé P77 Mésange charbonnière.mp3,Fringilla coelebs|Cuculus canorus|Turdus merula|Poecile palustris|Phylloscopus bonelli
386240,46.596,0.1658,2017-04-03,4,France,B,song,1:25,https://xeno-canto.org/386240/download,XC386240-170403_0087 Vouillé Mésange charbonnière.mp3,Turdus viscivorus|Fringilla coelebs|Sitta europaea|Phylloscopus bonelli
385917,44.0877,1.8369,2017-05-14,5,France,B,song,0:34,https://xeno-canto.org/385917/download,XC385917-170514_05.mp3,Columba palumbus|Fringilla coelebs|Erithacus rubecula
385885,43.9324,1.7665,2017-05-13,5,France,B,alarm call,0:28,https://xeno-canto.org/385885/download,XC385885-170513_09.mp3,
384973,43.9968,2.1153,2017-04-01,4,France,B,song,0:26,https://xeno-canto.org/384973/download,XC384973-170401_03.mp3,Sylvia atricapilla|Parus major
384221,44.0409,1.9549,2017-03-26,3,France,B,song,0:56,https://xeno-canto.org/384221/download,XC384221-170326_16.mp3,Parus major|Erithacus rubecula|Phylloscopus collybita
383778,43.981,1.815,2017-03-18,3,France,B,song,0:48,https://xeno-canto.org/383778/download,XC383778-170318_05.mp3,Cyanistes caeruleus|Carduelis carduelis
383509,44.0833,1.8079,2017-03-11,3,France,B,alarm call,0:25,https://xeno-canto.org/383509/download,XC383509-170311_45.mp3,Turdus merula
380263,44.0746,1.8129,2017-03-11,3,France,B,song,1:14,https://xeno-canto.org/380263/download,XC380263-170311_12.mp3,Erithacus rubecula
377217,51.94,5.9038,2017-06-17,6,Netherlands,B,alarm call,0:24,https://xeno-canto.org/377217/download,"XC377217-Koolmees, alarm, AZ, 170617 0547 uur.mp3",
374934,48.3126,10.9312,2017-05-25,5,Germany,B,"call, song",5:00,https://xeno-canto.org/374934/download,XC374934-1614-01_130-01µ mp3.mp3,Fringilla coelebs|Turdus philomelos|Sylvia atricapilla|Troglodytes troglodytes|Phylloscopus collybita
374857,48.3126,10.9312,2017-05-25,5,Germany,B,song,0:34,https://xeno-canto.org/374857/download,XC374857-1614-01_065-07µ mp3.mp3,
374155,47.5029,11.1111,2017-05-18,5,Germany,B,song,0:47,https://xeno-canto.org/374155/download,XC374155-170518_1005 1645 Garmish trail in wood_Great Tit.mp3,
374055,44.8577,1.3486,2017-05-08,5,France,B,song,0:08,https://xeno-canto.org/374055/download,XC374055-170508-121412_Parus major_R.mp3,
373837,46.3051,7.5967,2017-06-03,6,Switzerland,B,call,0:33,https://xeno-canto.org/373837/download,"XC373837-Great Tit, 03.06., call2.mp3",
373836,46.3051,7.5967,2017-06-03,6,Switzerland,B,call,0:36,https://xeno-canto.org/373836/download,"XC373836-Great Tit, , 03.06., call1.mp3",
373628,48.3126,10.9312,2017-05-23,5,Germany,B,call,0:58,https://xeno-canto.org/373628/download,XC373628-3436-01_193-01ku mp3.mp3,Sylvia atricapilla|Turdus merula
373150,53.1151,14.3543,2017-05-20,5,Germany,B,call,0:57,https://xeno-canto.org/373150/download,XC373150-Kohlmeise-Fitisruf-bearbeitet2.mp3,Fringilla coelebs|Lanius collurio|Emberiza citrinella
373145,46.1565,8.7925,2017-05-31,5,Switzerland,B,song,0:03,https://xeno-canto.org/373145/download,XC373145-egra 31517 fiume.mp3,
371421,51.9375,8.8688,2016-05-26,5,Germany,B,song,0:37,https://xeno-canto.org/371421/download,XC371421-Kohlmeise 26. Mai Detmold.mp3,Cyanistes caeruleus|Coccothraustes coccothraustes|Turdus merula|Parus major|Erithacus rubecula|Troglodytes troglodytes
370844,42.9981,6.1942,2017-04-26,4,France,B,song,0:10,https://xeno-canto.org/370844/download,XC370844-mesange charboniere porquerolles.mp3,
369775,48.3705,10.8978,2017-04-23,4,Germany,B,call,0:11,https://xeno-canto.org/369775/download,XC369775-31921-01-02-02tut mp3.mp3,
368058,49.0177,9.0211,2017-05-04,5,Germany,B,"call, imitation, sweeoo call",1:29,https://xeno-canto.org/368058/download,XC368058-170504KohlmeiseMSweeooRufFH 1721.mp3,
367608,51.9713,5.8721,2017-04-18,4,Netherlands,B,"aberrant, song",0:25,https://xeno-canto.org/367608/download,"XC367608-Koolmees, afwijkende rauwe zang, Meinerswijk, 180417 0557 uur.mp3",
367168,49.0131,8.8939,2017-04-30,4,Germany,B,"alarm call, call, imitation, sweeoo call",2:36,https://xeno-canto.org/367168/download,XC367168-170429KohlmeiseMSweeooRufFH 1451.mp3,
366243,43.2969,5.5757,2017-04-25,4,France,B,song,0:21,https://xeno-canto.org/366243/download,XC366243-170425-080504_Parus major.mp3,Cettia cetti
364611,47.7752,9.6467,2017-03-08,3,Germany,B,alarm call,0:37,https://xeno-canto.org/364611/download,XC364611-170308_6542 Kohlmeise interessanter Alarm-Ruf Fenken-A--xeno.mp3,Fringilla coelebs|Turdus philomelos|Turdus merula|Corvus corone
363877,48.3289,10.9351,2017-03-29,3,Germany,B,alarm call,1:08,https://xeno-canto.org/363877/download,XC363877-54150-02_000-02-02tut mp3.mp3,Phylloscopus collybita
363741,49.0094,8.9104,2017-04-09,4,Germany,B,song,2:06,https://xeno-canto.org/363741/download,XC363741-170409KohlmeiseMGesangFH 1717.mp3,
363630,50.576,9.1929,2017-03-18,3,Germany,B,song,0:16,https://xeno-canto.org/363630/download,XC363630-LS_50869_Kohlmeise_Ulrichstein-Ludwigstr-aussergewoehnlicher-gesang.mp3,
363337,47.52,5.1814,2017-04-06,4,France,B,song,0:40,https://xeno-canto.org/363337/download,XC363337-Mésange-charbonnière20170406_0837_Til_01.mp3,
362817,52.3008,13.7513,2017-04-04,4,Germany,B,call,0:16,https://xeno-canto.org/362817/download,XC362817-kohl0805.mp3,Erithacus rubecula|Phylloscopus collybita|Sturnus vulgaris
362621,49.0145,8.8922,2017-04-01,4,Germany,B,call,0:16,https://xeno-canto.org/362621/download,XC362621-170401KohlmeiseRufFH03.mp3,
362593,51.2055,5.0245,2017-03-31,3,Belgium,B,call,0:28,https://xeno-canto.org/362593/download,XC362593-Koolmees 'Call' 2.mp3,
362003,43.6497,3.8712,2017-03-29,3,France,B,"call, a monosyllabic call",0:05,https://xeno-canto.org/362003/download,XC362003-Mesange charbo monosyllabique.mp3,
361569,48.9831,9.0161,2017-03-26,3,Germany,B,alarm call,0:39,https://xeno-canto.org/361569/download,XC361569-170326KohlmeiseMAlarmFH8.mp3,
361175,48.3062,10.9337,2017-03-11,3,Germany,B,alarm call,1:18,https://xeno-canto.org/361175/download,XC361175-428-01_120-01tut mp3.mp3,
361173,48.3062,10.9337,2017-03-11,3,Germany,B,call,4:06,https://xeno-canto.org/361173/download,XC361173-428-01_000-03tut mp3.mp3,
361151,48.3062,10.9337,2017-03-10,3,Germany,B,call,0:44,https://xeno-canto.org/361151/download,XC361151-5340-01_060-02tut mp3.mp3,
360687,48.6744,1.9187,2017-03-19,3,France,B,call,0:03,https://xeno-canto.org/360687/download,XC360687-mesange charboniere tchip.mp3,
360454,48.8855,8.9859,2017-03-19,3,Germany,B,alarm call,0:42,https://xeno-canto.org/360454/download,XC360454-170319KohlmeiseMAlarmFH1.mp3,
359031,52.6372,13.4587,2017-03-12,3,Germany,B,song,1:19,https://xeno-canto.org/359031/download,XC359031-Great Tit_subsong_20170312_093454_prepared.mp3,Anser anser|Carduelis carduelis|Emberiza citrinella
359030,52.6372,13.4587,2017-03-12,3,Germany,B,song,1:23,https://xeno-canto.org/359030/download,XC359030-Great Tit_subsong_20170312_101103_prepared.mp3,Cyanistes caeruleus
358728,52.9792,13.3379,2017-03-11,3,Germany,B,call,0:23,https://xeno-canto.org/358728/download,XC358728-Kohlmeise Ruf.mp3,Columba palumbus|Turdus merula|Sturnus vulgaris
358601,51.0455,5.0008,2017-03-10,3,Belgium,B,song,0:23,https://xeno-canto.org/358601/download,XC358601-Koolmees 'song'.mp3,
358251,43.6245,4.3129,2017-03-08,3,France,B,call,0:24,https://xeno-canto.org/358251/download,XC358251-sp mesange limi.mp3,
358210,48.3062,10.9337,2017-03-05,3,Germany,B,"call, song",3:00,https://xeno-canto.org/358210/download,XC358210-31508-11tut mp3.mp3,Corvus corone
358016,46.9769,7.1444,2017-03-04,3,Switzerland,B,call,0:14,https://xeno-canto.org/358016/download,"XC358016-Great Tit, 04.03., Bellechasse.mp3",
357852,49.0103,9.0333,2017-03-02,3,Germany,B,alarm call,0:25,https://xeno-canto.org/357852/download,XC357852-170302KohlmeiseMAlarmMenschFH1.mp3,
357333,52.3051,13.7534,2017-03-01,3,Germany,B,call,0:07,https://xeno-canto.org/357333/download,XC357333-kohl0835.mp3,Emberiza citrinella
351442,47.6037,7.6657,2015-04-27,4,Germany,B,"alarm call, song",4:41,https://xeno-canto.org/351442/download,"XC351442-KOHLMEISE, Strophentypwechsel   27.04. 2015  Lörrach, Finkenweg  05_53  VOC_150427-2481  stark gekürzt.mp3",Turdus merula|Corvus corone|Parus major|Passer domesticus
351440,47.6037,7.6657,2015-04-27,4,Germany,B,"alarm call, song",13:30,https://xeno-canto.org/351440/download,"XC351440-KOHLMEISE, Strophentypwechsel  27.04.2015  Lörrach, Finkenweg  05_53  VOC_150427-2481   Teil 2  gült. neu.mp3",Turdus merula|Corvus corone|Parus major|Passer domesticus
337766,48.3447,10.9154,2016-04-22,4,Germany,B,song,1:52,https://xeno-canto.org/337766/download,XC337766-5155_060-04hiequen mp3.mp3,Cyanistes caeruleus
337762,48.3447,10.9154,2016-04-22,4,Germany,B,song,16:14,https://xeno-canto.org/337762/download,XC337762-5155_000hiequen mp3(128 kBits).mp3,Cyanistes caeruleus|Turdus merula|Emberiza citrinella|Passer montanus
337758,48.3447,10.9154,2016-04-21,4,Germany,B,call,0:40,https://xeno-canto.org/337758/download,XC337758-5154_000-01hiequen mp3.mp3,
337757,48.3447,10.9154,2016-04-21,4,Germany,B,call,8:12,https://xeno-canto.org/337757/download,XC337757-5153_239-01hiequen mp3.mp3,Turdus merula|Emberiza citrinella|Dendrocopos major
337756,48.3447,10.9154,2016-04-21,4,Germany,B,song,6:12,https://xeno-canto.org/337756/download,XC337756-5153_179-04hiequen mp3.mp3,Cyanistes caeruleus|Fringilla coelebs|Phylloscopus collybita
337755,48.3447,10.9154,2016-04-21,4,Germany,B,song,2:29,https://xeno-canto.org/337755/download,XC337755-5153_179-02hiequen mp3.mp3,Turdus viscivorus|Fringilla coelebs
337753,48.3447,10.9154,2016-04-21,4,Germany,B,song,1:19,https://xeno-canto.org/337753/download,XC337753-5153_119hiequen mp3.mp3,
337751,48.3447,10.9154,2016-04-21,4,Germany,B,"call, song",2:10,https://xeno-canto.org/337751/download,XC337751-5153_000-03hiequen mp3.mp3,
334302,49.0238,8.9921,2016-04-03,4,Germany,B,song,1:21,https://xeno-canto.org/334302/download,"XC334302-160403KohlmeiseGesangFH3edit 49.02751 Nord,   8.98381 Ost, 363 m.mp3",
330964,52.6135,13.2825,2016-06-05,6,Germany,B,"alarm call, begging call",1:30,https://xeno-canto.org/330964/download,XC330964-Great Tit_20160605_083045_prepared.mp3,
330466,48.3447,10.9154,2016-04-21,4,Germany,B,song,1:45,https://xeno-canto.org/330466/download,XC330466-5152_180-04hipan mp3.mp3,Passer montanus
330464,48.3447,10.9154,2016-04-21,4,Germany,B,song,0:44,https://xeno-canto.org/330464/download,XC330464-5152_180-03hipan mp3.mp3,Sylvia atricapilla|Emberiza citrinella|Passer montanus
330462,48.3447,10.9154,2016-04-21,4,Germany,B,song,5:20,https://xeno-canto.org/330462/download,XC330462-5152_180-02hipan mp3.mp3,Turdus merula|Erithacus rubecula
330460,48.3447,10.9154,2016-04-21,4,Germany,B,song,2:00,https://xeno-canto.org/330460/download,XC330460-5152_120-03hipan mp3.mp3,Cyanistes caeruleus|Corvus corone|Passer montanus
330457,48.3447,10.9154,2016-04-21,4,Germany,B,song,1:34,https://xeno-canto.org/330457/download,XC330457-5152_060-03hipan mp3.mp3,Fringilla coelebs|Turdus merula
330389,48.3447,10.9154,2016-04-20,4,Germany,B,"call, ?",0:32,https://xeno-canto.org/330389/download,XC330389-5151_215-01hipan mp3.mp3,
330384,48.3447,10.9154,2016-04-20,4,Germany,B,song,1:34,https://xeno-canto.org/330384/download,XC330384-5150_179-03hipan mp3.mp3,Cyanistes caeruleus|Turdus viscivorus|Sylvia atricapilla
330382,48.3447,10.9154,2016-04-20,4,Germany,B,song,3:33,https://xeno-canto.org/330382/download,XC330382-5150_119-04hipan mp3.mp3,Sylvia atricapilla
330380,48.3447,10.9154,2016-04-20,4,Germany,B,song,0:57,https://xeno-canto.org/330380/download,XC330380-5150_000-06hipan mp3.mp3,
330378,48.3447,10.9154,2016-04-20,4,Germany,B,song,1:15,https://xeno-canto.org/330378/download,XC330378-5150_000-02hipan mp3.mp3,
327773,43.7531,6.8637,2016-05-28,5,France,B,alarm call,0:17,https://xeno-canto.org/327773/download,XC327773-160528_19.mp3,Fringilla coelebs|Sylvia atricapilla|Erithacus rubecula
327767,43.7426,6.8639,2016-05-28,5,France,B,"call, song",0:58,https://xeno-canto.org/327767/download,XC327767-160528_16.mp3,Fringilla coelebs|Pyrrhocorax pyrrhocorax|Erithacus rubecula|Certhia brachydactyla|Phylloscopus bonelli
326334,48.3447,10.9154,2016-04-18,4,Germany,B,call,0:52,https://xeno-canto.org/326334/download,XC326334-5145_107-07audj mp3.mp3,Emberiza citrinella|Passer montanus
326332,48.3447,10.9154,2016-04-18,4,Germany,B,song,3:41,https://xeno-canto.org/326332/download,XC326332-5145_107-04audj mp3.mp3,Turdus merula|Emberiza citrinella
326316,48.3447,10.9154,2016-04-18,4,Germany,B,call,0:42,https://xeno-canto.org/326316/download,XC326316-5144_000-05audj mp3.mp3,Turdus viscivorus|Turdus merula|Emberiza citrinella|Passer montanus|Phylloscopus sibilatrix
324027,52.2106,5.7946,2016-04-18,4,Netherlands,B,call,0:45,https://xeno-canto.org/324027/download,XC324027-SP_Great_Tit_calls_Kikvaartsbosch_NL_2016-04-18.MP3,Ficedula hypoleuca
321448,48.3447,10.9154,2016-04-19,4,Germany,B,song,1:47,https://xeno-canto.org/321448/download,XC321448-5147_119-03hipan mp3.mp3,Sylvia atricapilla|Phylloscopus collybita
321447,48.3447,10.9154,2016-04-19,4,Germany,B,song,1:21,https://xeno-canto.org/321447/download,XC321447-5147_119-02hipan mp3.mp3,Passer montanus|Sturnus vulgaris
321445,48.3447,10.9154,2016-04-19,4,Germany,B,call,1:47,https://xeno-canto.org/321445/download,XC321445-5147_059-01hipan mp3.mp3,Sylvia atricapilla|Erithacus rubecula|Passer montanus
321444,48.3447,10.9154,2016-04-19,4,Germany,B,"call, flight call, song",2:52,https://xeno-canto.org/321444/download,XC321444-5147_000-05hipan mp3.mp3,Dryocopus martius|Troglodytes troglodytes|Passer montanus|Sturnus vulgaris
321442,48.3447,10.9154,2016-04-19,4,Germany,B,song,1:25,https://xeno-canto.org/321442/download,XC321442-5147_000-03hipan mp3.mp3,Sylvia atricapilla|Emberiza citrinella|Phylloscopus collybita|Sturnus vulgaris
321441,48.3447,10.9154,2016-04-19,4,Germany,B,song,3:46,https://xeno-canto.org/321441/download,XC321441-5147_000-04hipan mp3.mp3,Turdus merula|Corvus corone|Phylloscopus collybita|Sturnus vulgaris
321440,48.3447,10.9154,2016-04-19,4,Germany,B,song,2:42,https://xeno-canto.org/321440/download,XC321440-5147_000-01hipan mp3.mp3,
319073,43.6756,6.8557,2016-05-26,5,France,B,song,0:29,https://xeno-canto.org/319073/download,XC319073-160526_01.mp3,Sylvia atricapilla|Turdus merula
318127,48.3447,10.9154,2016-04-19,4,Germany,B,song,1:29,https://xeno-canto.org/318127/download,XC318127-5146_180-05audj mp3.mp3,
318115,48.3447,10.9154,2016-04-19,4,Germany,B,song,0:40,https://xeno-canto.org/318115/download,XC318115-5146_060-02audj mp3.mp3,
318113,48.3447,10.9154,2016-04-19,4,Germany,B,"call, song",5:29,https://xeno-canto.org/318113/download,XC318113-5146_000-02audj mp3.mp3,Cyanistes caeruleus|Turdus philomelos|Turdus merula|Corvus corone|Garrulus glandarius|Passer montanus
316656,44.2532,4.5417,2016-05-12,5,France,B,begging call,0:24,https://xeno-canto.org/316656/download,XC316656-160512_02.mp3,Turdus merula
316655,44.2532,4.5417,2016-05-12,5,France,B,begging call,0:26,https://xeno-canto.org/316655/download,XC316655-160512_01.mp3,Emberiza cirlus|Oriolus oriolus|Turdus merula|Phylloscopus bonelli
316559,43.8959,3.7364,2016-05-10,5,France,B,song,0:45,https://xeno-canto.org/316559/download,XC316559-PARMAJ_160510_34SBDP.mp3,
315874,50.792,4.423,2016-05-10,5,Belgium,B,song,0:48,https://xeno-canto.org/315874/download,XC315874-LS111177_mesange_charbonniere_transf.mp3,
315872,50.792,4.423,2016-05-10,5,Belgium,B,song,1:23,https://xeno-canto.org/315872/download,XC315872-LS111175_mesange_charbonniere_transf.mp3,
315854,53.049,11.429,2016-05-06,5,Germany,B,call,0:10,https://xeno-canto.org/315854/download,XC315854-Pamajr.mp3,
315853,53.049,11.429,2016-05-06,5,Germany,B,call,0:23,https://xeno-canto.org/315853/download,XC315853-Pmajor.mp3,
315852,53.049,11.429,2016-05-06,5,Germany,B,call,1:30,https://xeno-canto.org/315852/download,XC315852-Pmajorr.mp3,
313114,49.1657,6.7738,2016-04-14,4,France,B,song,0:17,https://xeno-canto.org/313114/download,XC313114-PARMAJ_160414_1759.mp3,Phylloscopus collybita
312699,45.04,3.0866,2016-04-14,4,France,B,song,0:20,https://xeno-canto.org/312699/download,XC312699-160414_02.mp3,Erithacus rubecula
312698,45.04,3.0866,2016-04-14,4,France,B,song,0:39,https://xeno-canto.org/312698/download,XC312698-160414_01.mp3,Turdus merula|Erithacus rubecula|Linaria cannabina|Passer domesticus
312660,44.9028,3.1029,2016-04-10,4,France,B,call,0:24,https://xeno-canto.org/312660/download,XC312660-160410_28.mp3,
312628,52.0894,6.5159,2016-04-17,4,Netherlands,B,song,0:02,https://xeno-canto.org/312628/download,XC312628-Koolmess 20170417 LS102105.mp3,
310655,44.2519,3.8608,2016-03-24,3,France,B,alarm call,0:23,https://xeno-canto.org/310655/download,XC310655-160324_03.mp3,Cyanistes caeruleus
310654,44.2519,3.8608,2016-03-24,3,France,B,song,4:11,https://xeno-canto.org/310654/download,XC310654-160324_02.mp3,Cyanistes caeruleus|Turdus merula|Sitta europaea|Corvus corax|Parus major
310649,45.0137,3.4464,2016-03-23,3,France,B,song,0:28,https://xeno-canto.org/310649/download,XC310649-160323_02.mp3,Parus major|Erithacus rubecula|Poecile palustris
309124,46.9906,6.8675,2016-03-10,3,Switzerland,B,call,0:13,https://xeno-canto.org/309124/download,"XC309124-Great Tit, 10.03., call, male, NE.mp3",
308554,51.94,5.9038,2016-03-17,3,Netherlands,B,"call, song, antagonistic song",0:14,https://xeno-canto.org/308554/download,"XC308554-Koolmees, stress roepje, 0730 170316.mp3",
307908,44.3494,-1.067,2016-03-21,3,France,B,"call, song",1:22,https://xeno-canto.org/307908/download,XC307908-514 - Great Tit.mp3,Emberiza cirlus|Garrulus glandarius
284519,47.9962,10.9625,2012-03-18,3,Germany,B,"call, imitation, song, imitation",0:44,https://xeno-canto.org/284519/download,"XC284519-KOHLMEISE, Imitation Tannenmeise!  18.3.12  Egelsee  7_40_12-7_41_12  LS101895.mp3",Turdus pilaris|Fringilla coelebs|Turdus philomelos|Turdus merula|Emberiza citrinella|Anas platyrhynchos
281649,50.954,3.719,2008-05-28,5,Belgium,B,"call, call juvenile",0:29,https://xeno-canto.org/281649/download,XC281649-414 97 Koolmees 97 Roep juveniel.mp3,
281648,51.246,4.297,2011-04-17,4,Belgium,B,call,0:19,https://xeno-canto.org/281648/download,XC281648-414 96 Koolmees 96 wiet roep.mp3,
281647,51.364,3.347,2011-04-10,4,Belgium,B,call,0:24,https://xeno-canto.org/281647/download,XC281647-414 95 Koolmees 95 Roep.mp3,
281646,50.977,3.711,2007-04-09,4,Belgium,B,begging call,1:05,https://xeno-canto.org/281646/download,XC281646-414 94 Koolmees 94 Bedelroep.mp3,
281643,50.949,3.719,2007-04-22,4,Belgium,B,alarm call,0:21,https://xeno-canto.org/281643/download,XC281643-414 91 Koolmees 91 Alarm roep.mp3,
281642,51.371252,4.612641,2009-03-14,3,Belgium,B,song,0:22,https://xeno-canto.org/281642/download,XC281642-414 8 Koolmees 8 Zang.mp3,
281641,50.949,3.719,2011-04-02,4,Belgium,B,song,0:11,https://xeno-canto.org/281641/download,XC281641-414 7 Koolmees 7 Zang.mp3,
253618,44.9672,5.1739,2015-06-21,6,France,B,"alarm call, begging call, call",0:26,https://xeno-canto.org/253618/download,XC253618-150621_02.mp3,Columba palumbus|Sylvia atricapilla|Turdus merula|Phylloscopus bonelli
253287,44.9791,5.1645,2015-06-18,6,France,B,"begging call, call",0:28,https://xeno-canto.org/253287/download,XC253287-150618_08.mp3,Turdus merula
247555,46.9338,7.4967,2015-06-02,6,Switzerland,B,call,0:10,https://xeno-canto.org/247555/download,"XC247555-Great Tit, juv.mp3",
247553,46.9338,7.4967,2015-06-02,6,Switzerland,B,alarm call,0:11,https://xeno-canto.org/247553/download,XC247553-Great Tit.mp3,
246759,46.5007,0.2641,2015-04-20,4,France,B,song,1:26,https://xeno-canto.org/246759/download,XC246759-G24_XC.mp3,
246316,49.0146,8.9016,2015-05-22,5,Germany,B,call,0:22,https://xeno-canto.org/246316/download,XC246316-150522KohlmeisemMRufNPStrombergFH3ed.mp3,
245752,47.7752,9.6467,2015-03-24,3,Germany,B,call,0:20,https://xeno-canto.org/245752/download,XC245752-150324_1803 Kohlmeise Fenken Rufe interessantXENO.mp3,
243871,46.8468,15.7486,2015-05-08,5,Austria,B,song,0:48,https://xeno-canto.org/243871/download,XC243871-150508KohlmeiseGesangJagerbergÖsterr.mp3,
243627,52.6514,13.4729,2007-03-03,3,Germany,B,call,0:22,https://xeno-canto.org/243627/download,XC243627-kohlmeise call.mp3,
240121,47.501,9.668,2015-03-21,3,Austria,B,call,0:57,https://xeno-canto.org/240121/download,XC240121-Kohlmeise interess call Sd 2015 03 21 Xeno.mp3,
239720,44.3597,-1.1472,2015-04-24,4,France,B,song,0:52,https://xeno-canto.org/239720/download,XC239720-423 - Parus major.mp3,Luscinia megarhynchos
236968,44.4087,-1.1749,2015-04-22,4,France,B,song,0:55,https://xeno-canto.org/236968/download,XC236968-400 - Parus major.mp3,Fringilla coelebs
236602,43.2847,5.3724,2015-04-19,4,France,B,song,0:22,https://xeno-canto.org/236602/download,XC236602-150419_03.mp3,Parus major|Pica pica
236601,43.2847,5.3724,2015-04-19,4,France,B,song,0:44,https://xeno-canto.org/236601/download,XC236601-150419_02.mp3,Curruca melanocephala|Parus major
235214,43.9253,7.4826,2015-04-06,4,France,B,song,1:22,https://xeno-canto.org/235214/download,XC235214-150406_23.mp3,
235172,47.338,7.8406,2015-04-03,4,Switzerland,B,call,0:50,https://xeno-canto.org/235172/download,XC235172-parmaj.mp3,
234555,43.2969,5.5757,2015-04-06,4,France,B,song,0:26,https://xeno-canto.org/234555/download,XC234555-150406-112440_parmaj.mp3,Passer domesticus
233509,43.2835,5.3711,2015-03-29,3,France,B,song,0:59,https://xeno-canto.org/233509/download,XC233509-150329_01.mp3,Pica pica|Larus michahellis
225389,49.0356,8.9537,2015-03-16,3,Germany,B,call,0:41,https://xeno-canto.org/225389/download,XC225389-150316KohlmeiseRufFH2edit.mp3,
217588,48.3447,10.9154,2012-03-12,3,Germany,B,alarm call,1:02,https://xeno-canto.org/217588/download,XC217588-0427ul-renw mp3.mp3,
217579,48.3447,10.9154,2012-03-12,3,Germany,B,song,0:04,https://xeno-canto.org/217579/download,XC217579-0416ul-renw mp3.mp3,
217472,49.0206,9.0183,2015-03-14,3,Germany,B,"song, countersong",1:30,https://xeno-canto.org/217472/download,XC217472-150314KohlmeiseKontergesang0474FH2ed.mp3,
217471,49.02,9.0169,2015-03-14,3,Germany,B,call,0:26,https://xeno-canto.org/217471/download,XC217471-150314KohllmeiseMRufFH1edit.mp3,
217469,49.0314,8.9814,2015-03-13,3,Germany,B,call,0:29,https://xeno-canto.org/217469/download,XC217469-150313KohlmeiseMRufFH2edit.mp3,
217468,49.0335,8.9785,2015-03-13,3,Germany,B,call,0:31,https://xeno-canto.org/217468/download,XC217468-150313KohlmeiseMNahkontaktrufFH1edit.mp3,
217418,49.0058,9.0351,2015-03-11,3,Germany,B,call,0:18,https://xeno-canto.org/217418/download,XC217418-150311KohlmeiseMRufFH1edit.mp3,
216369,49.0113,8.9029,2015-03-08,3,Germany,B,call,0:57,https://xeno-canto.org/216369/download,XC216369-150308KohlmeiseMRuf022FH7edit.mp3,
216367,49.0114,8.9031,2015-03-08,3,Germany,B,call,0:12,https://xeno-canto.org/216367/download,XC216367-150308KohlmeiseMRufInspFH5edit.mp3,
216203,49.0336,9.0635,2015-03-06,3,Germany,B,call,0:32,https://xeno-canto.org/216203/download,XC216203-150306KohlmeiseRufFH4edit.mp3,
198422,50.8149,4.6407,2014-05-25,5,Belgium,B,song,0:10,https://xeno-canto.org/198422/download,XC198422-MVI_0617 2014-05-25.mp3,
195196,51.6812,5.926,2014-03-14,3,Netherlands,B,song,0:30,https://xeno-canto.org/195196/download,XC195196-Koolmees roep Beugen - de Vilt 14.03.2014.mp3,
193403,51.1841,4.6488,2010-05-15,5,Belgium,B,call,0:26,https://xeno-canto.org/193403/download,XC193403-B2A_Koolmees2_SDW.mp3,
181235,48.3126,10.9312,2014-05-31,5,Germany,B,"call, song",6:28,https://xeno-canto.org/181235/download,XC181235-LS_30252 x mp3.mp3,
180025,46.5301,6.3058,2014-05-18,5,Switzerland,B,song,0:18,https://xeno-canto.org/180025/download,XC180025-Parmaj_Gimel_20140518_060616_edited.mp3,Turdus philomelos|Sylvia atricapilla|Turdus merula
178353,48.3062,10.9337,2014-05-15,5,Germany,B,song,0:59,https://xeno-canto.org/178353/download,XC178353-LS_30235x mp3.mp3,
177867,48.2981,10.9178,2014-05-10,5,Germany,B,song,3:09,https://xeno-canto.org/177867/download,XC177867-LS_30225x mp3.mp3,
176124,52.124,4.338,2014-04-23,4,Netherlands,B,song,3:00,https://xeno-canto.org/176124/download,XC176124-Km_Zeed_140423-08_xc.mp3,Cyanistes caeruleus|Fringilla coelebs|Turdus philomelos|Turdus merula|Parus major|Erithacus rubecula|Troglodytes troglodytes|Phylloscopus collybita
174500,49.0261,9.0018,2014-04-14,4,Germany,B,call,0:50,https://xeno-canto.org/174500/download,XC174500-140414KohlmeiseRufFH1edit.mp3,
172565,46.98,7.038,2014-04-05,4,Switzerland,B,call,0:30,https://xeno-canto.org/172565/download,XC172565-Great Tit.mp3,Erithacus rubecula|Phylloscopus collybita
172170,52.125,4.34,2014-04-01,4,Netherlands,B,"call, song",1:39,https://xeno-canto.org/172170/download,XC172170-Koolmees_GbosKlmeij_140401-07_xc.mp3,Fringilla coelebs|Buteo buteo|Fringilla montifringilla|Erithacus rubecula|Dendrocopos major|Garrulus glandarius|Troglodytes troglodytes|Phylloscopus collybita
171608,49.0203,9.0382,2014-03-26,3,Germany,B,call,0:49,https://xeno-canto.org/171608/download,XC171608-140326KohlmeiseRufeFH1.mp3,
171463,48.3447,10.9154,2014-03-28,3,Germany,B,"song, (glassy bell)",0:22,https://xeno-canto.org/171463/download,XC171463-LS_30121x mp3.mp3,
171462,48.3447,10.9154,2014-03-28,3,Germany,B,"song, (glassy bell)",3:38,https://xeno-canto.org/171462/download,XC171462-LS_30120-2x mp3.mp3,Turdus philomelos|Dryocopus martius|Parus major|Phylloscopus collybita
170654,46.1743,5.9503,2014-03-20,3,France,B,"call, song",0:22,https://xeno-canto.org/170654/download,XC170654-Parmaj_BoisdeBan_20140320_104622_edited.mp3,Fringilla coelebs
170425,44.5699,-1.2262,2014-03-19,3,France,B,song,0:48,https://xeno-canto.org/170425/download,XC170425-305 - Great Tit.mp3,Fringilla coelebs|Lophophanes cristatus
170174,46.9883,7.0515,2014-03-18,3,Switzerland,B,song,0:11,https://xeno-canto.org/170174/download,XC170174-Great Tit.mp3,Fringilla coelebs|Phylloscopus collybita
169962,47.6376,9.5662,2014-03-15,3,Germany,B,"alarm call, call",0:56,https://xeno-canto.org/169962/download,XC169962-Km 2014 03 15 TTWald A0040315xeno.mp3,
169599,49.0326,8.9949,2014-03-10,3,Germany,B,call,0:20,https://xeno-canto.org/169599/download,XC169599-140310KohlmeiseFH1.mp3,
169309,46.9883,7.0515,2014-03-09,3,Switzerland,B,song,0:18,https://xeno-canto.org/169309/download,XC169309-Great Tit.mp3,
169306,49.0104,9.0345,2014-03-08,3,Germany,B,call,0:32,https://xeno-canto.org/169306/download,XC169306-140308KohlmeiseRufFH1.mp3,
156084,46.5914,0.2196,2013-05-04,5,France,B,song,0:22,https://xeno-canto.org/156084/download,XC156084-E33 4 mai Vouillé Mésange charbonnière.mp3,
149174,53.0402,6.6519,2013-04-15,4,Netherlands,B,call,0:29,https://xeno-canto.org/149174/download,XC149174-GreatTit15April2013DieverzandDrentheNetherlands.mp3,
142808,51.0362,4.0066,2007-03-16,3,Belgium,B,"call, song",0:39,https://xeno-canto.org/142808/download,XC142808-Great Tit (Koolmees) kasteelpark Uitbergen 16.03.2007 a.mp3,
142426,51.0383,3.9184,2013-06-02,6,Belgium,B,"call, song",0:27,https://xeno-canto.org/142426/download,XC142426-Great Tit (Koolmees) tuin 2.6.2013.mp3,
142080,51.0383,3.9184,2013-04-21,4,Belgium,B,"call, song",0:44,https://xeno-canto.org/142080/download,XC142080-Great Tit (Koolmees) molenmeers 21.4.13 lang.mp3,
139788,46.2268,5.9515,2013-06-21,6,France,B,alarm call,0:28,https://xeno-canto.org/139788/download,XC139788-Parmaj_Fenieres_20130621_090618_edited.mp3,Turdus philomelos|Sitta europaea
139542,52.0775,4.3249,2013-06-21,6,Netherlands,B,"song, song samples",0:32,https://xeno-canto.org/139542/download,XC139542-Km_Zog_130621-0102_Samples.mp3,
139354,52.0775,4.3249,2013-06-21,6,Netherlands,B,"begging call, call",0:43,https://xeno-canto.org/139354/download,XC139354-Km-Beg_Zog_130621-03b_xc.mp3,
138200,43.0605,-0.4588,2013-06-12,6,France,B,"song, turdus merula",0:42,https://xeno-canto.org/138200/download,XC138200-STE-001 12 juin 13 col de marie blanque mésange charb merle.mp3,
138198,43.0495,3.0518,2013-06-06,6,France,B,song,0:33,https://xeno-canto.org/138198/download,XC138198-STE-010 mésange charbonnière 2.mp3,
138180,46.8072,1.2197,2013-06-11,6,France,B,song,0:27,https://xeno-canto.org/138180/download,XC138180-2013061113_1535_Parus major_chant_M_F DEROUSSEN.mp3,
138015,48.3447,10.9154,2013-06-11,6,Germany,B,song,1:38,https://xeno-canto.org/138015/download,XC138015-3819HNRH mp3.mp3,
135179,44.645,-1.0337,2013-05-27,5,France,B,call,0:16,https://xeno-canto.org/135179/download,XC135179-170-Great Tit Juv.mp3,Luscinia megarhynchos
134883,48.3447,10.9154,2013-05-25,5,Germany,B,song,1:37,https://xeno-canto.org/134883/download,XC134883-3767HNREhH mp3.mp3,
134344,42.784,0.036,2013-05-17,5,France,B,"call, song",1:30,https://xeno-canto.org/134344/download,XC134344-parcha.mp3,
134309,42.4731,9.1681,2001-03-23,3,France,B,song,1:02,https://xeno-canto.org/134309/download,XC134309-2001032313_Parus major_Corse_F DEROUSSEN.mp3,
134210,47.151,7.254,2013-04-24,4,Switzerland,B,song,0:29,https://xeno-canto.org/134210/download,XC134210-Great Tit (5).mp3,Coccothraustes coccothraustes|Sylvia atricapilla|Ficedula hypoleuca
133965,47.8227,6.6076,2013-05-16,5,France,B,song,0:49,https://xeno-canto.org/133965/download,XC133965-2013051611_0610_Parus major_chant_F DEROUSSEN.mp3,
132578,44.3597,-1.1472,2013-05-05,5,France,B,"call, running water near the trail",0:18,https://xeno-canto.org/132578/download,XC132578-151 - Great Tit.mp3,Parus major
132426,46.331,6.428,2013-05-05,5,France,B,song,0:43,https://xeno-canto.org/132426/download,XC132426-PARMAJ20130505Jouvernex-Renaudier-000002.mp3,Corvus corone
131731,48.3447,10.9154,2013-04-28,4,Germany,B,song,1:37,https://xeno-canto.org/131731/download,XC131731-3488HVREhHH mp3.mp3,
131706,44.5919,5.5699,2013-04-27,4,France,B,song,1:12,https://xeno-canto.org/131706/download,XC131706-2013042704_0859_Parus major_mono_F DEROUSSEN.mp3,
131591,48.3447,10.9154,2013-04-26,4,Germany,B,song,0:34,https://xeno-canto.org/131591/download,XC131591-3448HVREhH mp3.mp3,
131590,48.3447,10.9154,2013-04-26,4,Germany,B,"call, song",0:09,https://xeno-canto.org/131590/download,XC131590-3445HVREhH mp3.mp3,
131260,46.3995,6.7051,2013-04-23,4,France,B,song,0:30,https://xeno-canto.org/131260/download,XC131260-PARMAJ20130423-ThollonUcel-Renaudier-000006.mp3,Phylloscopus collybita
131258,46.3995,6.7051,2013-04-23,4,France,B,alarm call,0:39,https://xeno-canto.org/131258/download,XC131258-PARMAJ20130423-ThollonUcel-Renaudier-000004.mp3,Sylvia atricapilla|Sitta europaea
131217,44.3494,-1.067,2013-04-20,4,France,B,song,0:52,https://xeno-canto.org/131217/download,XC131217-98 - Mesange charbonniere.mp3,Carduelis carduelis|Streptopelia decaocto
131114,44.3494,-1.067,2013-04-21,4,France,B,song,0:21,https://xeno-canto.org/131114/download,XC131114-96 - Great Tit.mp3,
130957,54.1792,9.1388,2013-04-20,4,Germany,B,call,0:09,https://xeno-canto.org/130957/download,XC130957-KohlmeiseRuesMoorSE20-34-13_10-59.mp3,Phylloscopus trochilus
130269,54.191,9.106,2013-04-17,4,Germany,B,song,0:22,https://xeno-canto.org/130269/download,XC130269-KohlmBerl61-17-4-13_18-52.mp3,Fringilla coelebs
129371,54.1522,9.2256,2013-04-13,4,Germany,B,song,0:34,https://xeno-canto.org/129371/download,XC129371-KohlmeiseRWHuette13-4-13_15-11.mp3,
129350,44.3494,-1.067,2013-04-13,4,France,B,song,0:12,https://xeno-canto.org/129350/download,XC129350-Great Tit - call2.mp3,Passer domesticus
129332,46.331,6.428,2013-04-13,4,France,B,alarm call,0:29,https://xeno-canto.org/129332/download,XC129332-PARMAJ20130413-Jouvernex-Renaudier-000007.mp3,
129331,46.331,6.428,2013-04-13,4,France,B,alarm call,0:29,https://xeno-canto.org/129331/download,XC129331-PARMAJ20130413-Jouvernex-Renaudier-000005.mp3,Turdus philomelos|Troglodytes troglodytes
129330,46.331,6.428,2013-04-13,4,France,B,song,0:15,https://xeno-canto.org/129330/download,XC129330-PARMAJ20130413-Jouvernex-Renaudier-000001.mp3,Turdus merula
129184,54.1476,9.2143,2013-04-11,4,Germany,B,song,2:42,https://xeno-canto.org/129184/download,XC129184-KohlmeiseKahlbüth11-4-13_14-45.mp3,Poecile palustris
129183,54.1476,9.2143,2013-04-11,4,Germany,B,song,0:20,https://xeno-canto.org/129183/download,XC129183-KohlmeiseHBWaldS11-4-13_15-03.mp3,Fringilla coelebs|Sitta europaea|Erithacus rubecula
129182,54.1522,9.2256,2013-04-11,4,Germany,B,song,1:01,https://xeno-canto.org/129182/download,XC129182-KohlmeiseRWSchranke11-4-13_6-30.mp3,Turdus philomelos|Sitta europaea
129137,52.114,4.332,2013-04-10,4,Netherlands,B,"call, antagonistic, fighting screams",1:51,https://xeno-canto.org/129137/download,XC129137-Km-fight_Waalsd_130410-05xc.mp3,Prunella modularis|Corvus corone|Parus major|Pica pica|Picus viridis
128702,53.0049,4.7821,2013-04-06,4,Netherlands,B,"call, song, sub-song",2:04,https://xeno-canto.org/128702/download,XC128702-Koolmees_20130406_03_roep_subsong_rus.mp3,
128699,49.4162,8.1756,2013-03-28,3,Germany,B,"call, song",0:17,https://xeno-canto.org/128699/download,XC128699-2013_03_28_Kohlmeise-Invasion_Deidesheim_09Uhr44_T1029.mp3,
127755,43.7321,7.063,2013-03-30,3,France,B,song,0:23,https://xeno-canto.org/127755/download,XC127755-Talgoxe_01.mp3,Phylloscopus collybita
127074,48.3064,10.9328,2013-03-22,3,Germany,B,song,0:35,https://xeno-canto.org/127074/download,XC127074-3264RE mp3.mp3,
127070,48.3064,10.9328,2013-03-20,3,Germany,B,call,0:15,https://xeno-canto.org/127070/download,XC127070-3238-4RE mp3.mp3,
124161,54.1939,9.2592,2013-03-09,3,Germany,B,call,0:15,https://xeno-canto.org/124161/download,XC124161-KohlmKreisfWelmbTeich9-3-13_11-18.mp3,
123626,52.0775,4.3249,2013-03-04,3,Netherlands,B,call,0:27,https://xeno-canto.org/123626/download,XC123626-KmRus_Zog_130304-01b.mp3,
123584,52.0775,4.3249,2013-03-03,3,Netherlands,B,call,0:13,https://xeno-canto.org/123584/download,XC123584-Km_Zog_130303-03.mp3,Fulica atra|Anas platyrhynchos
123513,54.2911,9.0732,2013-03-02,3,Germany,B,call,0:19,https://xeno-canto.org/123513/download,XC123513-KohlmeiseMoetjenSE2-3-13_~10-00.mp3,
123503,52.3247,6.7908,2013-03-03,3,Netherlands,B,call,0:30,https://xeno-canto.org/123503/download,XC123503-koolmees.mp3,Fringilla coelebs
123172,52.0775,4.3249,2013-03-01,3,Netherlands,B,call,0:21,https://xeno-canto.org/123172/download,XC123172-Km_Zog_130301-01xc.mp3,Fulica atra|Larus argentatus
117164,52.127,4.323,2011-04-14,4,Netherlands,B,call,1:44,https://xeno-canto.org/117164/download,XC117164-Km_Mberg_110414-20xc.mp3,Cyanistes caeruleus|Fringilla coelebs|Phylloscopus trochilus|Larus argentatus|Corvus corone|Parus major|Anthus trivialis|Phoenicurus phoenicurus
101540,45.242,5.752,2010-04-29,4,France,B,call,0:46,https://xeno-canto.org/101540/download,"235 Parus major, Vence-Corenc (France) 29-04-10.mp3",
101347,48.3212,10.9414,2012-05-17,5,Germany,B,??,0:41,https://xeno-canto.org/101347/download,2028yyy mp3.mp3,
101022,48.3045,10.9389,2011-06-04,6,Germany,B,song,1:12,https://xeno-canto.org/101022/download,535re mp3.mp3,Fringilla coelebs|Troglodytes troglodytes
99986,48.3228,10.9406,2012-04-29,4,Germany,B,song,0:50,https://xeno-canto.org/99986/download,1906 mp3.mp3,
99984,48.3228,10.9406,2012-04-29,4,Germany,B,alarm at the nest,0:35,https://xeno-canto.org/99984/download,1891 mp3.mp3,
98686,48.3045,10.9389,2012-04-10,4,Germany,B,song,1:16,https://xeno-canto.org/98686/download,DM551838.mp3,
98655,52.1309,4.3289,2012-04-11,4,Netherlands,B,call,0:42,https://xeno-canto.org/98655/download,Km_Gzw_120411-10xc.mp3,Anser anser|Buteo buteo|Phylloscopus trochilus|Sylvia atricapilla|Phylloscopus collybita
98638,46.254,5.996,2012-03-23,3,France,B,call,0:04,https://xeno-canto.org/98638/download,mesange charbonniere.mp3,
98296,52.1178,4.3398,2012-03-31,3,Netherlands,B,"aberrant, song, aberrant song",0:42,https://xeno-canto.org/98296/download,Km_Orijs_120331-05xc.mp3,Cyanistes caeruleus|Erithacus rubecula
98273,52.0775,4.3249,2012-03-31,3,Netherlands,B,song,2:34,https://xeno-canto.org/98273/download,Km_ZOS_120331-01B.mp3,Cyanistes caeruleus|Turdus merula|Fulica atra|Anas platyrhynchos
98272,52.0775,4.3249,2012-03-31,3,Netherlands,B,song,2:54,https://xeno-canto.org/98272/download,Km_ZOS_120331-01A.mp3,Cyanistes caeruleus|Turdus merula|Fulica atra|Anas platyrhynchos
97298,47.1639,7.2089,2012-03-24,3,Switzerland,B,call,0:13,https://xeno-canto.org/97298/download,Great Tit (2).mp3,
97297,47.164,7.209,2012-03-24,3,Switzerland,B,song,0:23,https://xeno-canto.org/97297/download,Great Tit.mp3,Turdus philomelos|Corvus corone
96981,49.568,8.518,2012-03-10,3,Germany,B,call,0:23,https://xeno-canto.org/96981/download,2012_03_10_Parus_major_ViernhHeide_9Uhr13.mp3,Fringilla coelebs
96980,49.568,8.519,2012-03-10,3,Germany,B,call,0:24,https://xeno-canto.org/96980/download,2012_03_10_Parus_major_ViernhHeide_8Uhr52.mp3,Columba palumbus|Fringilla coelebs|Turdus philomelos
96822,54.123,9.203,2012-03-15,3,Germany,B,song,0:24,https://xeno-canto.org/96822/download,KohlmeiseRWWaldrandweg15-3-12_17-41.mp3,Turdus philomelos|Periparus ater
96699,54.152,9.225,2012-03-13,3,Germany,B,call,0:31,https://xeno-canto.org/96699/download,KohlmeiseRWHuette13-3-12_17-00.mp3,
90568,52.125049750536,4.3401124477714,2011-05-30,5,Netherlands,B,call,0:37,https://xeno-canto.org/90568/download,Km_KmeijGb_110530-40xc.mp3,Fringilla coelebs|Cuculus canorus|Oriolus oriolus|Turdus merula|Phylloscopus collybita
89780,52.0901,4.2889,2011-03-20,3,Netherlands,B,call,0:48,https://xeno-canto.org/89780/download,Km_Zorgvl_11032_08aXC.mp3,Cyanistes caeruleus|Coloeus monedula|Columba oenas|Phylloscopus collybita
80642,50.835,4.372,2011-05-17,5,Belgium,B,"call, call (young asking for food + 1 adult)",1:26,https://xeno-canto.org/80642/download,greattit1.mp3,
78967,45.2426,5.7512,2011-05-28,5,France,B,alarm call,0:36,https://xeno-canto.org/78967/download,"90 Parus major, Vence (France) 28-05-11.mp3",
78966,45.2426,5.7512,2010-04-24,4,France,B,song,0:18,https://xeno-canto.org/78966/download,"89 Parus major, Vence, (France) 24-04--10.mp3",
78964,45.3039,5.5239,2003-05-03,5,France,B,song,0:42,https://xeno-canto.org/78964/download,"87 Parus major, les Thivolieres, Vourey (France) 05-03-03.mp3",Ardea cinerea
78963,45.3039,5.5239,2001-03-24,3,France,B,call,0:16,https://xeno-canto.org/78963/download,"86 Parus major, les Thivolieres, Vourey (France) 24-03-01.mp3",
78163,43.0913,2.007,2011-05-12,5,France,B,call,0:25,https://xeno-canto.org/78163/download,GreatTit8.mp3,Turdus merula
78162,43.022,1.9678,2011-05-10,5,France,B,song,0:58,https://xeno-canto.org/78162/download,GreatTit7.mp3,
78161,43.022,1.9678,2011-05-10,5,France,B,alarm call,0:23,https://xeno-canto.org/78161/download,GreatTit6.mp3,Luscinia megarhynchos|Motacilla cinerea
76556,52.1125856630171,4.30704975093249,2011-04-25,4,Netherlands,B,call,0:40,https://xeno-canto.org/76556/download,Koolmees_zang_2_types_Meijendel_25042011_1400.mp3,Sylvia atricapilla|Phylloscopus collybita
74816,54.135,9.217,2011-04-01,4,Germany,B,song,0:18,https://xeno-canto.org/74816/download,KohlmViehSW1-4-11_9-28.mp3,
74084,54.1498,9.2039,2011-03-22,3,Germany,B,call,0:19,https://xeno-canto.org/74084/download,KohlmDannholt22-3-11_16-41.mp3,Turdus philomelos
73012,54.1498,9.2039,2011-03-17,3,Germany,B,call,0:25,https://xeno-canto.org/73012/download,KohlmHBWald17-3-11_17-48.mp3,
72854,54.146,9.218,2011-03-11,3,Germany,B,call,0:31,https://xeno-canto.org/72854/download,Kohlmeise2HBWald11-3-11_17-40.mp3,
72795,51.5562,5.2687,2011-03-05,3,Netherlands,B,song,0:59,https://xeno-canto.org/72795/download,110305_02_koolmees_geelders.mp3,Fringilla coelebs|Spinus spinus
72579,52.665,13.451,2011-03-01,3,Germany,B,song,1:00,https://xeno-canto.org/72579/download,110301 parmaj G 01.mp3,Emberiza citrinella
56233,42.95,-0.045,2010-06-17,6,France,B,alarm call,0:13,https://xeno-canto.org/56233/download,PARMAJ_alarm_100617_Ortiac.mp3,
55007,43.0913,2.007,2008-05-17,5,France,B,song,0:14,https://xeno-canto.org/55007/download,GreatTit5.mp3,
55006,43.0913,2.007,2008-05-17,5,France,B,call,0:37,https://xeno-canto.org/55006/download,GreatTit4.mp3,
55005,43.0913,2.007,2008-05-17,5,France,B,song,0:08,https://xeno-canto.org/55005/download,GreatTit3.mp3,Parus major
55004,43.0913,2.007,2008-05-17,5,France,B,song,0:09,https://xeno-canto.org/55004/download,GreatTit2.mp3,
48258,49.201,10.583,2010-04-21,4,Germany,B,"alarm call, song",0:34,https://xeno-canto.org/48258/download,KohlmeiseSchlossSommersdorf21042010-13Uhr.mp3,Chloris chloris|Passer domesticus
48103,52.035,4.339,2010-04-25,4,Netherlands,B,begging calls?,0:35,https://xeno-canto.org/48103/download,Koolmees_juvbegging_Elsenburgerbos_250410.mp3,Sylvia atricapilla|Certhia brachydactyla
47356,52.1595,4.3595,2010-04-16,4,Netherlands,B,song,0:13,https://xeno-canto.org/47356/download,Great Tit_song_Meijendel_NL_2010-04-16_Sander_Pieterse.mp3,Phylloscopus trochilus|Phoenicurus phoenicurus
46532,52.1195629983435,4.30924988002516,2010-04-11,4,Netherlands,B,song,0:22,https://xeno-canto.org/46532/download,GreatTit_Meijendel_110410.mp3,
45809,49.5498,8.5448,2010-03-21,3,Germany,B,song,0:26,https://xeno-canto.org/45809/download,Kohlmeise-Viernheimer-Heide-s-21-03-2010.mp3,Fringilla coelebs|Turdus philomelos|Erithacus rubecula
44963,52.8176,6.4326,2009-03-24,3,Netherlands,B,song,0:27,https://xeno-canto.org/44963/download,GreatTit24March2009DwingelderveldNetherlands.mp3,
44962,52.8176,6.4326,2009-03-17,3,Netherlands,B,call,0:13,https://xeno-canto.org/44962/download,GreatTit17March2009DwingelderveldNetherlands.mp3,
44961,52.8176,6.4326,2009-03-11,3,Netherlands,B,song,0:21,https://xeno-canto.org/44961/download,GreatTit11March2009DwingelderveldNetherlands2.mp3,
44960,52.8176,6.4326,2009-03-11,3,Netherlands,B,call,0:22,https://xeno-canto.org/44960/download,GreatTit11March2009DwingelderveldNetherlands.mp3,
35584,52.3312,4.5648,2009-03-16,3,Netherlands,B,call,0:53,https://xeno-canto.org/35584/download,BLUEROBIN_Koolmees_Panneland_Vogelenzang_ArnoldMeijer_160309_LS100512.mp3,Aegithalos caudatus
35054,52.8176,6.4326,2009-03-27,3,Netherlands,B,"song, abberant song",0:21,https://xeno-canto.org/35054/download,GreatTit27March2009LheebroekerzandHolland.mp3,
33361,52.5481,4.6178,2009-04-23,4,Netherlands,B,"call, song, song or calls",0:26,https://xeno-canto.org/33361/download,Parus major 23409 0625.mp3,Luscinia megarhynchos
31643,52.8176,6.4326,2009-03-16,3,Netherlands,B,"call, song",0:29,https://xeno-canto.org/31643/download,GreatTit16March2009DwingelderveldHolland.mp3,
31634,52.8359,6.4453,2009-03-16,3,Netherlands,B,call,0:21,https://xeno-canto.org/31634/download,GreatTit16March2009LheebroekerzandHolland.mp3,
25593,52.1767,5.7789,2002-06-05,6,Netherlands,B,call,0:18,https://xeno-canto.org/25593/download,GtTitKootwijk2.mp3,Fringilla coelebs|Erithacus rubecula|Troglodytes troglodytes
1106773,50.2171,17.082,2026-04-28,4,Czech Republic,C,alarm call,0:23,https://xeno-canto.org/1106773/download,XC1106773-2026-04-28-parus-major-(2).wav,Fringilla coelebs
1106772,50.2171,17.082,2026-04-28,4,Czech Republic,C,alarm call,0:23,https://xeno-canto.org/1106772/download,XC1106772-2026-04-28-parus-major.wav,Fringilla coelebs
1105813,43.6337,1.5425,2026-04-25,4,France,C,song,2:14,https://xeno-canto.org/1105813/download,XC1105813-260419_0883c.wav,
1105246,43.6207,3.8725,2026-05-03,5,France,C,"begging call, call",0:26,https://xeno-canto.org/1105246/download,XC1105246-2026.05.03-08h04-Charbonnières-begging-call.mp3,
1104964,43.6337,1.5425,2026-04-22,4,France,C,song,1:42,https://xeno-canto.org/1104964/download,XC1104964-260419_0849a.wav,
1104449,43.6337,1.5425,2026-04-20,4,France,C,song,2:22,https://xeno-canto.org/1104449/download,XC1104449-260419_0827a.wav,
1104447,43.6337,1.5425,2026-04-20,4,France,C,song,0:38,https://xeno-canto.org/1104447/download,XC1104447-260419_0826a.wav,
1103270,52.4939,13.4288,2026-04-22,4,Germany,C,"begging call, call",0:25,https://xeno-canto.org/1103270/download,XC1103270-20260422_LSP5_0612_06_32_07.wav,
1103104,51.9892,4.4694,2026-04-25,4,Netherlands,C,song,0:55,https://xeno-canto.org/1103104/download,XC1103104-250425_5165-Koolmees.mp3,
1102373,50.843,4.3643,2026-04-20,4,Belgium,C,song,0:10,https://xeno-canto.org/1102373/download,XC1102373-cinciallegra.mp3,
1101544,50.2218,17.0921,2026-04-09,4,Czech Republic,C,alarm call,0:31,https://xeno-canto.org/1101544/download,XC1101544-2026-04-09-parus-major.wav,Fringilla coelebs
1101324,50.2454,17.0756,2026-04-05,4,Czech Republic,C,"alarm call, call",0:23,https://xeno-canto.org/1101324/download,XC1101324-2026-04-05-parus-major-(3).wav,Phylloscopus collybita|Periparus ater
1101316,50.2454,17.0756,2026-04-05,4,Czech Republic,C,"alarm call, call",0:20,https://xeno-canto.org/1101316/download,XC1101316-2026-04-05-parus-major-(2).wav,Periparus ater
1100416,42.7168,2.1621,2026-04-06,4,France,C,song,2:34,https://xeno-canto.org/1100416/download,XC1100416-260406_0458b.wav,
1095920,42.7298,2.1539,2026-04-05,4,France,C,song,1:20,https://xeno-canto.org/1095920/download,XC1095920-SCENE006_13h40c.wav,
1095915,42.7298,2.1539,2026-04-05,4,France,C,song,6:30,https://xeno-canto.org/1095915/download,XC1095915-SCENE006_13h40a.wav,Cyanistes caeruleus|Regulus ignicapilla|Fringilla coelebs|Turdus philomelos|Turdus merula|Prunella modularis|Parus major|Lophophanes cristatus|Erithacus rubecula|Phylloscopus collybita
1090418,43.6337,1.5425,2026-03-18,3,France,C,call,1:12,https://xeno-canto.org/1090418/download,XC1090418-260315_0768f.wav,
1090220,44.3714,6.3118,2026-03-08,3,France,C,call,1:15,https://xeno-canto.org/1090220/download,XC1090220-PARMAJ_calls_08032026_Selonnet_8h.wav,
1088920,50.2242,17.0896,2026-03-07,3,Czech Republic,C,"call, song",0:27,https://xeno-canto.org/1088920/download,XC1088920-2026-03-07-parus-major-(3).wav,Fringilla coelebs
1088841,47.8623,2.0383,2026-03-09,3,France,C,song,0:52,https://xeno-canto.org/1088841/download,XC1088841-PARMAJ_chant_260309_Bou.wav,Ichthyaetus melanocephalus|Picus viridis
1088516,48.5626,-1.9112,2026-03-10,3,France,C,song,0:32,https://xeno-canto.org/1088516/download,XC1088516-Mésange-charbonnière-10-mars.mp3,
1085774,43.6337,1.5425,2026-03-07,3,France,C,song,0:55,https://xeno-canto.org/1085774/download,XC1085774-CM-004.mp3,Parus major|Dendrocopos major|Phylloscopus collybita|Sturnus vulgaris
1085772,43.6337,1.5425,2026-03-07,3,France,C,song,1:01,https://xeno-canto.org/1085772/download,XC1085772-CM-003.mp3,Sitta europaea|Parus major|Troglodytes troglodytes|Phylloscopus collybita|Sturnus vulgaris
1076075,52.6453,13.2523,2025-03-29,3,Germany,C,call,0:06,https://xeno-canto.org/1076075/download,XC1076075-250329_0249_Great-Tit_unusual-call.wav,
1024960,47.6375,9.5775,2025-04-14,4,Germany,C,song,1:23,https://xeno-canto.org/1024960/download,XC1024960-Kohlmeise_Tettnang_3_20250414-1709.wav,Turdus merula
1018156,50.1665,8.6684,2013-06-09,6,Germany,C,call,0:29,https://xeno-canto.org/1018156/download,XC1018156-20130609_LS14_0015_10_33_50.wav,
1006438,52.5043,13.4262,2025-06-10,6,Germany,C,call,0:19,https://xeno-canto.org/1006438/download,XC1006438-20250610_LSP5_0389_07_17_22.wav,
998504,43.6207,3.8725,2025-05-15,5,France,C,begging call,0:30,https://xeno-canto.org/998504/download,XC998504-2025.05.15-07h08-Charbonnières-begging.mp3,
995732,43.0834,-0.1279,2025-05-02,5,France,C,song,1:31,https://xeno-canto.org/995732/download,XC995732-250502_0147d.mp3,
991986,43.6319,1.5515,2025-04-21,4,France,C,call,1:00,https://xeno-canto.org/991986/download,XC991986-250422_0501a.mp3,Cyanistes caeruleus|Regulus ignicapilla|Fringilla coelebs|Sylvia atricapilla|Turdus merula|Sitta europaea|Phylloscopus collybita
990738,43.6337,1.5425,2025-04-21,4,France,C,call,2:14,https://xeno-canto.org/990738/download,XC990738-CM-008.mp3,Turdus merula
989960,50.7183,2.91,2025-04-19,4,Belgium,C,song,0:42,https://xeno-canto.org/989960/download,XC989960-a-identifier_RNOP_Observatoire-de-la-vasière_20250419_07H12_P-Z-PB-P.wav,
987916,43.6337,1.5425,2025-04-08,4,France,C,song,0:52,https://xeno-canto.org/987916/download,XC987916-250408_0456c.mp3,Cyanistes caeruleus|Sylvia atricapilla|Dendrocoptes medius|Certhia brachydactyla|Phylloscopus collybita
987541,48.2102,9.7563,2024-04-23,4,Germany,C,song,1:30,https://xeno-canto.org/987541/download,XC987541-Kohlmeise_2024-04-23_06-13_Schemmerhofen_Gedüngtes-Ried_Audiomoth.wav,Anser anser|Fringilla coelebs|Turdus merula|Phylloscopus collybita
987529,43.6272,5.085,2025-04-09,4,France,C,uncertain,3:05,https://xeno-canto.org/987529/download,XC987529-Mésange-charbonnière_250409_06h35_cri-aberrant.wav,Phoenicurus ochruros|Corvus frugilegus|Erithacus rubecula
984065,45.8511,8.9532,2025-03-30,3,Switzerland,C,call,1:01,https://xeno-canto.org/984065/download,XC984065-DR-100_0237.wav,
984063,45.8514,8.9533,2025-03-30,3,Switzerland,C,call,0:36,https://xeno-canto.org/984063/download,XC984063-DR-100_0236.wav,
983083,52.9652,6.1591,2025-03-26,3,Netherlands,C,"aberrant, alarm call",0:15,https://xeno-canto.org/983083/download,XC983083-Gekke-koolmees.mp3,
982091,47.1031,15.416,2025-03-11,3,Austria,C,song,0:11,https://xeno-canto.org/982091/download,XC982091-Kohlmeise_SSZ_GrazAndritz_0325.mp3,Fringilla coelebs|Carduelis carduelis
975340,54.1077,13.4141,2024-03-25,3,Germany,C,"aberrant, song",0:36,https://xeno-canto.org/975340/download,XC975340-Kohlmeise_aberrantS_hgw_25.03.2024.wav,
964861,48.1911,8.1396,2024-05-02,5,Germany,C,song,0:09,https://xeno-canto.org/964861/download,XC964861-Kohlmeise-Thu-May-02-2024-05-40-34-a064_SE_20240529_bIRDNET_All_detections.mp3,
962548,50.8074,6.0637,2021-04-24,4,Germany,C,call,0:04,https://xeno-canto.org/962548/download,XC962548-欧亚大山雀.wav,
957552,48.6327,9.254,2024-03-24,3,Germany,C,song,0:15,https://xeno-canto.org/957552/download,XC957552-Kohlmeise_2024-03-24_07-51_Aichtal_Transekt_RÜB.wav,
924651,48.8263,9.0883,2024-06-09,6,Germany,C,call,1:41,https://xeno-canto.org/924651/download,XC924651-Kohlmeise_2024-06-09_06-19_Stuttgart-Weilimdorf_Lindenbach.wav,
922189,50.1665,8.6684,2016-03-26,3,Germany,C,alarm call,0:30,https://xeno-canto.org/922189/download,XC922189-20160326_ZH5-1_06_05_02.wav,
916228,43.6207,3.8725,2024-06-22,6,France,C,begging call,0:22,https://xeno-canto.org/916228/download,XC916228-2024.06.22-10h39-Mésange-charbonnière-begging-calls.mp3,
911756,44.0632,1.9509,2024-05-25,5,France,C,song,0:31,https://xeno-canto.org/911756/download,XC911756-240524_0288b.wav,Phoenicurus ochruros|Cuculus canorus|Luscinia megarhynchos|Coloeus monedula|Carduelis carduelis|Troglodytes troglodytes|Apus apus
911275,42.4649,1.8829,2024-05-31,5,France,C,song,0:57,https://xeno-canto.org/911275/download,XC911275-CM-002.mp3,Sylvia atricapilla|Certhia brachydactyla|Phylloscopus collybita|Periparus ater|Phylloscopus bonelli
905246,52.0906,5.9651,2024-04-18,4,Netherlands,C,"aberrant, song",1:00,https://xeno-canto.org/905246/download,"XC905246-Koolmees,-aberrant-song,-Loenermark,-180424,-0740-uur.mp3",Turdus viscivorus|Fringilla coelebs|Turdus philomelos|Turdus merula|Garrulus glandarius
899903,50.4707,3.7115,2024-05-01,5,Belgium,C,begging call,0:26,https://xeno-canto.org/899903/download,XC899903-Mesange-charbonniere-240501-1100-1BCA-SNR-30-Jardin-2024-014.mp3,
895692,44.0515,1.9506,2024-04-13,4,France,C,song,0:35,https://xeno-canto.org/895692/download,XC895692-CM-014.mp3,
880664,44.0485,1.947,2024-03-10,3,France,C,alarm call,0:58,https://xeno-canto.org/880664/download,XC880664-CM-018.mp3,
880587,48.373,3.5374,2024-03-09,3,France,C,call,0:09,https://xeno-canto.org/880587/download,XC880587-Mésange-charbonnière-.wav,
877604,50.9948,7.6842,2023-03-01,3,Germany,C,song,0:52,https://xeno-canto.org/877604/download,"XC877604-230301_1554-1409-Kohlmeise.-D,-NW,-GM,-Forest-NW-Eckenhagen.-Stephan-Risch.wav",
861128,47.9981,-3.6907,2023-03-15,3,France,C,song,0:33,https://xeno-canto.org/861128/download,XC861128-Mésange_charbonnière_chant_07h30_forêt_cascadec_scaer_15_03_2023_for_XC.mp3,
846066,43.6207,3.8725,2023-05-20,5,France,C,begging call,0:20,https://xeno-canto.org/846066/download,XC846066-2023.05.20-09h13-Charbonnières-poussins.mp3,
845150,50.7854,5.701,2023-04-19,4,Netherlands,C,,0:02,https://xeno-canto.org/845150/download,XC845150-559823371.wav,
826350,52.6222,13.3655,2023-04-06,4,Germany,C,"alarm call, call",0:31,https://xeno-canto.org/826350/download,XC826350-20230406_0745_Great-Tit_call_Lübarser-Wiesen.mp3,Erithacus rubecula|Phylloscopus collybita
805377,52.5769,12.5703,2023-05-24,5,Germany,C,song,0:10,https://xeno-canto.org/805377/download,"XC805377-230524_1947-1241-Kohlmeise.-D,-BB,-Garlitz.-Weg-zum-Beobachtungsturm.-Stephan-Risch.wav",
799881,48.3566,10.7894,2023-05-01,5,Germany,C,"alarm call, call, song",3:45,https://xeno-canto.org/799881/download,XC799881-0zbir010523_OR!_001_3!ä_01!!!_mp3-(5).mp3,Cyanistes caeruleus|Cuculus canorus|Turdus merula|Corvus corone|Phylloscopus collybita|Passer domesticus
799872,48.3566,10.7894,2023-05-01,5,Germany,C,"call, song",14:25,https://xeno-canto.org/799872/download,XC799872-0zbir010523_OR!_001_3!ä_01!!!_mp3-(2).mp3,Fringilla coelebs|Turdus philomelos|Turdus merula|Phylloscopus collybita
795836,43.3996,3.6759,2023-04-23,4,France,C,"call, interaction calls, subtle calls of a pair",0:35,https://xeno-canto.org/795836/download,XC795836-Mésange-charbonnière-divers-cris-intimes-d-un-couple-+.wav,
793798,48.3566,10.7894,2023-04-16,4,Germany,C,"call, song",8:36,https://xeno-canto.org/793798/download,XC793798-0drBirspeisaa160423_ORI0101_mp3!!0365ä_ö-(13).mp3,Fringilla coelebs|Turdus merula|Spinus spinus|Chloris chloris
793791,48.3566,10.7894,2023-04-16,4,Germany,C,"call, song",4:08,https://xeno-canto.org/793791/download,XC793791-0drBirspeisaa160423_ORI0101_mp3!!0365ä_ö-(6).mp3,Fringilla coelebs|Turdus merula|Spinus spinus
793625,42.8703,2.0573,2023-04-09,4,France,C,"alarm call, call",0:39,https://xeno-canto.org/793625/download,XC793625-T64.mp3,Turdus philomelos
793621,42.8739,2.0676,2023-04-09,4,France,C,call,1:34,https://xeno-canto.org/793621/download,XC793621-T61.mp3,Cyanistes caeruleus|Fringilla coelebs|Turdus merula|Sitta europaea
793160,48.0983,11.5002,2023-04-10,4,Germany,C,song,0:10,https://xeno-canto.org/793160/download,XC793160-Kohlmeise--Würmseeplatz--München.mp3,Turdus merula|Chloris chloris
790608,43.1856,2.3767,2023-04-03,4,France,C,"alarm call, call",0:10,https://xeno-canto.org/790608/download,XC790608-Parus_major_alarm2.wav,
790331,44.0515,1.9506,2023-04-02,4,France,C,"alarm call, call",2:17,https://xeno-canto.org/790331/download,XC790331-T32.mp3,Cyanistes caeruleus|Columba palumbus|Turdus merula|Aegithalos caudatus
790281,49.3321,0.5453,2023-03-31,3,France,C,song,0:24,https://xeno-canto.org/790281/download,XC790281-PARMAJ_ses230331_AM3_Monteney_1215.mp3,
788240,44.0599,1.9522,2023-03-13,3,France,C,song,2:51,https://xeno-canto.org/788240/download,XC788240-0313_123052a.mp3,Parus major|Coloeus monedula|Erithacus rubecula|Carduelis carduelis|Phylloscopus collybita|Poecile palustris
788098,50.355,5.9217,2023-03-24,3,Belgium,C,song,0:33,https://xeno-canto.org/788098/download,"XC788098-24-03-23-(mésange-charbonnière,-chant,-Wanne).wav",
787369,44.046,1.7685,2023-03-18,3,France,C,song,0:48,https://xeno-canto.org/787369/download,XC787369-S03055_1.mp3,Sitta europaea
787342,44.046,1.7685,2023-03-18,3,France,C,song,2:25,https://xeno-canto.org/787342/download,XC787342-S03032_1.mp3,Turdus viscivorus|Turdus philomelos|Erithacus rubecula
787221,44.0599,1.9522,2023-03-13,3,France,C,call,1:17,https://xeno-canto.org/787221/download,XC787221-0313_090804a.mp3,Cyanistes caeruleus|Columba palumbus|Sitta europaea|Lullula arborea|Corvus corone|Parus major|Coloeus monedula|Erithacus rubecula|Certhia brachydactyla|Troglodytes troglodytes
786485,48.3566,10.7894,2023-03-12,3,Germany,C,"aberrant, call",0:24,https://xeno-canto.org/786485/download,XC786485-0zooTrilu!!NewESt!!120323!!m_mp3!!001-(2).mp3,Corvus corone|Passer domesticus
785385,48.3566,10.7894,2023-03-04,3,Germany,C,"call, song",3:04,https://xeno-canto.org/785385/download,XC785385-0NEW!0bir04032023heidrfatkt!ORI002trila03mp3-02.mp3,Fringilla coelebs|Turdus merula|Corvus corone|Spinus spinus
785341,51.1474,3.4556,2023-03-11,3,Belgium,C,subsong,0:16,https://xeno-canto.org/785341/download,XC785341-koolmees_drongengoed.mp3,
785151,44.5394,6.1458,2023-03-09,3,France,C,call,0:38,https://xeno-canto.org/785151/download,XC785151-Mésange-charbonnière-couple-09-mars-2023.mp3,
784983,44.0599,1.9522,2023-03-05,3,France,C,"call, song",4:17,https://xeno-canto.org/784983/download,XC784983-0305_082256g.mp3,Cyanistes caeruleus|Columba palumbus|Turdus iliacus|Turdus philomelos|Turdus merula|Sitta europaea|Coloeus monedula|Erithacus rubecula|Certhia brachydactyla|Carduelis carduelis|Dendrocopos major|Garrulus glandarius|Troglodytes troglodytes|Streptopelia decaocto
784468,44.0599,1.9522,2023-03-04,3,France,C,song,5:55,https://xeno-canto.org/784468/download,XC784468-0304_084318n.mp3,Cyanistes caeruleus|Columba palumbus|Fringilla coelebs|Sitta europaea|Prunella modularis|Lullula arborea|Parus major|Certhia brachydactyla|Dendrocopos major|Garrulus glandarius|Troglodytes troglodytes|Streptopelia decaocto|Poecile palustris|Sturnus vulgaris
784077,44.0538,1.7715,2023-03-05,3,France,C,alarm call,0:47,https://xeno-canto.org/784077/download,XC784077-T96_1.mp3,Parus major
784075,44.046,1.7685,2023-03-05,3,France,C,song,0:38,https://xeno-canto.org/784075/download,XC784075-T95_1.mp3,
784066,44.046,1.7685,2023-03-05,3,France,C,alarm call,0:59,https://xeno-canto.org/784066/download,XC784066-T87_1.mp3,Parus major|Dendrocopos major
784064,44.046,1.7685,2023-03-05,3,France,C,alarm call,0:52,https://xeno-canto.org/784064/download,XC784064-T86_1.mp3,Cyanistes caeruleus|Sitta europaea|Corvus corax
770766,52.0747,4.7632,2020-05-30,5,Netherlands,C,call,1:30,https://xeno-canto.org/770766/download,XC770766-Koolmees-roep-juveniel---Bodegraven---2020-05-30---0815-copy.mp3,
769719,52.0395,4.7501,2020-03-31,3,Netherlands,C,song,0:13,https://xeno-canto.org/769719/download,XC769719-Koolmees-zang---Reeuwijk---2021-03-31---1902-copy.mp3,
758401,50.9424,10.0215,2022-06-01,6,Germany,C,call,0:14,https://xeno-canto.org/758401/download,XC758401-xc-wa013534-000006.mp3,
747136,48.2741,10.8188,2022-03-14,3,Germany,C,song,13:03,https://xeno-canto.org/747136/download,XC747136-zSpiirSpp0004_02!!_mp3 (1).mp3,Cyanistes caeruleus|Fringilla coelebs|Turdus merula|Sitta europaea|Anas platyrhynchos|Sturnus vulgaris
738297,47.4736,4.4438,2022-06-18,6,France,C,begging call,0:37,https://xeno-canto.org/738297/download,XC738297-d)Meschar (poussins) au nichoir.mp3,
735437,53.8341,13.8419,2022-06-09,6,Germany,C,song,0:03,https://xeno-canto.org/735437/download,XC735437-T1Kohlmeise.mp3,
733917,48.2741,10.8188,2022-06-22,6,Germany,C,"alarm call, call",3:02,https://xeno-canto.org/733917/download,XC733917-zclSSaestrM001mp3_03_03ö (4).mp3,Turdus philomelos|Sylvia atricapilla|Turdus merula|Corvus corone|Streptopelia decaocto|Chloris chloris
729679,48.0599,2.2307,2022-05-27,5,France,C,alarm call,0:11,https://xeno-canto.org/729679/download,XC729679-Charbo_0955.mp3,
726960,50.9387,6.9136,2022-05-26,5,Germany,C,song,0:45,https://xeno-canto.org/726960/download,XC726960-Kohlmeise.mp3,
726556,49.0595,3.9507,2022-05-24,5,France,C,"begging call, call",0:19,https://xeno-canto.org/726556/download,XC726556-mes cha juv call epernay 240522.mp3,
722770,51.1434,6.864,2022-04-28,4,Germany,C,song,0:02,https://xeno-canto.org/722770/download,"XC722770-220429_01_Great Tit_Urdenbacher Altrhein und Baumberger Aue, DUS, Germany_28 April 2022.mp3",
722044,47.3149,-1.554,2022-05-04,5,France,C,song,0:17,https://xeno-canto.org/722044/download,XC722044-Mésange charbonniere song le plessis may 4 851_3547.mp3,Cuculus canorus|Erithacus rubecula
720193,47.3091,-1.534,2022-04-27,4,France,C,song,0:13,https://xeno-canto.org/720193/download,XC720193-Mesange charbonniere song la chapelle sur erdre apr 27 1631_3451.mp3,Regulus regulus
714840,48.7484,2.3479,2022-04-10,4,France,C,song,0:03,https://xeno-canto.org/714840/download,XC714840-Paridae_RungisBergerie94_20220410_193732_XC.mp3,
714230,45.8257,-0.649,2022-04-09,4,France,C,call,0:27,https://xeno-canto.org/714230/download,"XC714230-220409_1107_Mésange charbonnière (cri)_Port-d'Envaux, Taillebourg (17).mp3",
714095,44.0632,1.9509,2022-04-08,4,France,C,song,1:04,https://xeno-canto.org/714095/download,XC714095-B12h54m01s08apr2022y.mp3,Fringilla coelebs|Turdus merula|Parus major|Passer domesticus
712274,47.74,16.5021,2022-03-31,3,Austria,C,song,0:14,https://xeno-canto.org/712274/download,XC712274-220331-000.mp3,
710090,47.1773,9.6506,2022-03-20,3,Austria,C,song,0:23,https://xeno-canto.org/710090/download,XC710090-XC 2022-03-20 (039) 14.30h ZOOM H4n u NTG1 Nenzing Gampberg-Beschlingerberg Teil 3 Km u Wbl 10x.mp3,Periparus ater|Certhia familiaris
709549,47.3103,9.5915,2022-03-19,3,Austria,C,"call, imitation, mimicry/imitation",0:09,https://xeno-canto.org/709549/download,XC709549-XC 2022-03-19 (004) 10.30h ZOOM H4n Meiningen Biotop ARA Km Teil 1 10x hp 1200-6db.mp3,
709548,47.3103,9.5915,2022-03-19,3,Austria,C,call,0:13,https://xeno-canto.org/709548/download,XC709548-XC 2022-03-19 (003) 10.25h ZOOM H4n Meiningen Biotop ARA Km Teil 2b 10x hp 1200-6db.mp3,
709547,47.3103,9.5915,2022-03-19,3,Austria,C,song,0:37,https://xeno-canto.org/709547/download,XC709547-XC 2022-03-19 (003) 10.25h ZOOM H4n Meiningen Biotop ARA Km Teil 2a 10x hp 1200-6db.mp3,
708700,46.5598,5.8979,2022-03-08,3,France,C,"call, ""exotic call""",0:48,https://xeno-canto.org/708700/download,XC708700-Mésange charbonnière cri-chant exotique.mp3,
700279,47.474,4.4438,2020-05-13,5,France,C,"begging call, hatchling or nestling",0:33,https://xeno-canto.org/700279/download,XC700279-d)Meschar(petits aux nids).mp3,
691544,50.7756,3.0142,2021-03-29,3,Belgium,C,song,0:34,https://xeno-canto.org/691544/download,XC691544-XC_MESANGE-CHARBONNIERE_Jardin_29III2021.mp3,Coloeus monedula|Sturnus vulgaris
680213,51.4261,5.4756,2020-03-14,3,Netherlands,C,call,0:07,https://xeno-canto.org/680213/download,XC680213-Parus major_2020.03.14_10.08_01.MP3,
680209,51.4261,5.4756,2020-03-14,3,Netherlands,C,song,1:11,https://xeno-canto.org/680209/download,XC680209-Parus major_2020.03.14_10.39_0.mp3,
680208,51.4261,5.4756,2020-03-14,3,Netherlands,C,song,1:11,https://xeno-canto.org/680208/download,XC680208-Parus major_2020.03.14_10.39_0.mp3,
679588,51.4213,5.4732,2018-05-13,5,Netherlands,C,"aberrant, call",0:54,https://xeno-canto.org/679588/download,XC679588-2018.05.13_10.59_01.MP3,
668112,52.457,10.1972,2021-06-15,6,Germany,C,song,0:23,https://xeno-canto.org/668112/download,XC668112-210614_0074 Kohlmeise BVA 2.mp3,
665979,42.4378,8.9433,2021-06-25,6,France,C,alarm call,0:10,https://xeno-canto.org/665979/download,XC665979-1. Alarm call - 25.06.2021 Corsica.mp3,
663278,44.0635,1.9515,2021-04-21,4,France,C,alarm call,0:26,https://xeno-canto.org/663278/download,XC663278-210421_003c.mp3,Turdus merula|Parus major|Coloeus monedula|Passer domesticus
659799,42.6831,2.4802,2021-03-28,3,France,C,song,0:27,https://xeno-canto.org/659799/download,XC659799-PARMAJ_210328_6433_Aboussols66_Gues.mp3,
654502,47.2917,9.5858,2021-06-05,6,Austria,C,begging call,0:32,https://xeno-canto.org/654502/download,XC654502-XC Kohlmeise Meiningen Petzlern 2021-06-05 9.00h (MONO-060) hp 1000-6db 300-24db norm -5db.mp3,
654134,52.457,10.1972,2021-06-01,6,Germany,C,"call, song",1:14,https://xeno-canto.org/654134/download,XC654134-210531_0052 Kohlmeise Beifang NocMig BVA 2.mp3,
653263,47.2114,9.6978,2021-05-30,5,Austria,C,begging call,0:40,https://xeno-canto.org/653263/download,XC653263-XC Kohlmeise und Star Schlins Waldrain Pappel 2021-05-30 10.15 MESZ (MONO-048) hp 1000-6db 300-48db norm -5db.mp3,Sturnus vulgaris
651289,50.4668,3.6836,2021-05-20,5,Belgium,C,song,0:04,https://xeno-canto.org/651289/download,XC651289-Mesange_charbonniere_2021-05-20_07-43-58.mp3,
649781,48.2741,10.8188,2021-05-13,5,Germany,C,song,6:40,https://xeno-canto.org/649781/download,XC649781-attic38271-02mp3 (11).mp3,Sturnus vulgaris|Passer domesticus
649776,48.2741,10.8188,2021-05-13,5,Germany,C,song,1:03,https://xeno-canto.org/649776/download,XC649776-attic38271-02mp3 (5).mp3,Sturnus vulgaris|Passer domesticus
649755,49.3916,8.435,2021-05-19,5,Germany,C,begging call,0:19,https://xeno-canto.org/649755/download,XC649755-Kohlmeise Fütterung 19.5.21 6.48 Uhr.mp3,
648302,51.664,5.5152,2021-05-02,5,Netherlands,C,call,0:21,https://xeno-canto.org/648302/download,XC648302-210501_003_020736_Koolmees.mp3,
648273,51.664,5.5152,2021-05-01,5,Netherlands,C,call,0:21,https://xeno-canto.org/648273/download,XC648273-210430_002_010616_Koolmees.mp3,Phylloscopus collybita
648243,51.664,5.5152,2021-04-30,4,Netherlands,C,song,0:18,https://xeno-canto.org/648243/download,XC648243-210430_002_302002_Koolmees.mp3,
647710,42.9143,3.0548,2021-05-12,5,France,C,"call, high chatter",0:23,https://xeno-canto.org/647710/download,XC647710-Mesange charbonniere H chatter nasal aigu.mp3,
646263,52.1988,5.8445,2021-04-28,4,Netherlands,C,song,0:14,https://xeno-canto.org/646263/download,XC646263-210427_003_280740_Koolmees.mp3,
646232,52.1988,5.8445,2021-04-27,4,Netherlands,C,call,0:21,https://xeno-canto.org/646232/download,XC646232-210427_003_272003_onbekend.mp3,Cyanistes caeruleus|Turdus merula
646040,52.2,5.8409,2021-04-26,4,Netherlands,C,song,0:31,https://xeno-canto.org/646040/download,XC646040-210426_002_262038_Koolmees.mp3,Cyanistes caeruleus|Fringilla coelebs|Turdus merula
645116,51.9892,4.4694,2021-05-03,5,Netherlands,C,"call, duet",0:18,https://xeno-canto.org/645116/download,XC645116-210503_9347 Koolmees.mp3,
642975,48.2741,10.8188,2021-04-22,4,Germany,C,"call, song, , song/call ?",0:36,https://xeno-canto.org/642975/download,XC642975-hom556568mp3-1ö (2).mp3,Fringilla coelebs|Passer domesticus
642477,51.9892,4.4694,2021-04-25,4,Netherlands,C,song,0:11,https://xeno-canto.org/642477/download,XC642477-210425_7826 7827 7828 Koolmees.mp3,Cyanistes caeruleus
640057,48.4897,4.8063,2021-04-18,4,France,C,"call, flight call",2:01,https://xeno-canto.org/640057/download,XC640057-210418_0055_Mésange charbonnière_cris.mp3,Regulus ignicapilla
638083,51.5121,4.4359,2021-03-31,3,Netherlands,C,call,0:50,https://xeno-canto.org/638083/download,XC638083-210331_002_311401_Koomees.mp3,
635974,50.8651,4.3973,2021-04-04,4,Belgium,C,song,0:49,https://xeno-canto.org/635974/download,XC635974-koolmees2.mp3,Psittacula krameri
634622,49.4218,8.6781,2021-03-31,3,Germany,C,song,0:27,https://xeno-canto.org/634622/download,XC634622-2021.03.31_18.54_01 1.MP3,
633879,50.3386,6.3109,2021-03-29,3,Belgium,C,call,1:04,https://xeno-canto.org/633879/download,XC633879-koolmees_290321_mander.mp3,
631490,47.5959,7.66,2021-03-23,3,Germany,C,song,1:54,https://xeno-canto.org/631490/download,XC631490-210323_0503_Kohlmeise.mp3,
631471,52.457,10.1972,2021-03-23,3,Germany,C,song,0:13,https://xeno-canto.org/631471/download,XC631471-210323_0281 Kohlmeise Gesang BVA 2.mp3,
631174,49.4207,8.6789,2021-03-23,3,Germany,C,song,0:54,https://xeno-canto.org/631174/download,XC631174-2021.03.23_14.42_01.MP3,Psittacula krameri
630956,48.7043,-2.9878,2021-03-22,3,France,C,song,0:05,https://xeno-canto.org/630956/download,XC630956-mes cha ch kerlidic1 220321.mp3,
630955,48.7043,-2.9878,2021-03-22,3,France,C,song,0:16,https://xeno-canto.org/630955/download,XC630955-mes cha ch kerlidic 220321.mp3,
630910,49.4207,8.6789,2021-03-22,3,Germany,C,song,0:22,https://xeno-canto.org/630910/download,XC630910-2021.03.22_15.27_02.mp3,
630839,49.4207,8.6789,2021-03-21,3,Germany,C,song,0:57,https://xeno-canto.org/630839/download,XC630839-2021.03.21_12.58_02.mp3,
630734,49.4316,8.7051,2020-03-21,3,Germany,C,song,1:05,https://xeno-canto.org/630734/download,XC630734-2021.03.21_11.07_02.mp3,
627809,48.2741,10.8188,2021-03-08,3,Germany,C,call,0:37,https://xeno-canto.org/627809/download,XC627809-wiliam37768mp3 (6).mp3,Chloris chloris
626512,48.2741,10.8188,2021-03-02,3,Germany,C,song,0:09,https://xeno-canto.org/626512/download,XC626512-stroll37741mp3 (18).mp3,
625696,41.7904,9.2259,2021-03-02,3,France,C,alarm call,0:51,https://xeno-canto.org/625696/download,XC625696-Mésange charbonnière alarme bavella.mp3,
579036,44.7836,2.0811,2020-06-21,6,France,C,"call, imitation, mimicry/imitation",0:37,https://xeno-canto.org/579036/download,XC579036-0621_144755.mp3,
574915,50.4595,3.6962,2020-05-21,5,Belgium,C,call,0:03,https://xeno-canto.org/574915/download,XC574915-Mésange charbonnière 200521_0700_1SA_Marais d'Harchies_Pommeroeul_Mixpre 461.mp3,
571775,51.8223,3.9049,2020-06-14,6,Netherlands,C,call,0:24,https://xeno-canto.org/571775/download,XC571775-200613_002_140524_GH_15_Koolmees.mp3,
568272,50.1305,8.8175,2020-06-12,6,Germany,C,begging call,0:06,https://xeno-canto.org/568272/download,XC568272-KohlmeiseBetteln.mp3,
562002,48.7043,-2.9879,2020-05-25,5,France,C,call,0:07,https://xeno-canto.org/562002/download,XC562002-mes cha2.mp3,
561723,48.7181,1.8306,2020-05-24,5,France,C,"song, subsong, extravaganza",0:17,https://xeno-canto.org/561723/download,XC561723-Mesange charbonniere extravaganza.mp3,
560580,52.0149,5.0378,2020-05-22,5,Netherlands,C,call,0:40,https://xeno-canto.org/560580/download,XC560580-Koolmees 20200521-01a.mp3,
559743,44.1464,1.8777,2020-05-19,5,France,C,begging call,0:18,https://xeno-canto.org/559743/download,XC559743-200519_003b.mp3,Turdus merula|Lullula arborea|Hippolais polyglotta
556934,48.8205,2.1781,2020-05-06,5,France,C,begging call,0:59,https://xeno-canto.org/556934/download,XC556934-Mesange charbonniere quemandage + voix commence a muer.mp3,
556932,48.8205,2.1781,2020-05-06,5,France,C,begging call,0:58,https://xeno-canto.org/556932/download,XC556932-Mesange charbonniere quemandage + voix commence a muer 2.mp3,
554244,50.4587,3.6857,2020-05-04,5,Belgium,C,song,0:06,https://xeno-canto.org/554244/download,XC554244-Mésange charbonnière 200504_1700_1SA_Marais d'Harchies_Bois Macau.mp3,
552016,51.5935,4.4318,2020-04-29,4,Netherlands,C,"call, subsong",0:20,https://xeno-canto.org/552016/download,XC552016-200429_0242.MP3,Sylvia atricapilla|Phylloscopus collybita
551801,49.1221,-1.1102,2020-04-28,4,France,C,alarm call,0:15,https://xeno-canto.org/551801/download,XC551801-28-04-2020 alarm.mp3,
549661,45.7681,4.8632,2020-04-24,4,France,C,"aberrant, song",2:55,https://xeno-canto.org/549661/download,XC549661-Charbonnière atypique.mp3,
549130,51.5121,4.4359,2020-04-19,4,Netherlands,C,call,0:20,https://xeno-canto.org/549130/download,XC549130-200418_003_190835_koolmees.mp3,
549123,51.5121,4.4359,2020-04-19,4,Netherlands,C,call,0:22,https://xeno-canto.org/549123/download,XC549123-200418_003_190627_koolmees.mp3,
549122,51.5121,4.4359,2020-04-19,4,Netherlands,C,call,0:20,https://xeno-canto.org/549122/download,XC549122-200418_003_190624_koolmees.mp3,
549120,51.5121,4.4359,2020-04-19,4,Netherlands,C,call,0:14,https://xeno-canto.org/549120/download,XC549120-200418_003_190618_koolmees.mp3,
549119,51.5121,4.4359,2020-04-19,4,Netherlands,C,call,0:10,https://xeno-canto.org/549119/download,XC549119-200418_003_190614_koolmees.mp3,
548678,47.7284,8.538,2020-04-19,4,Switzerland,C,alarm call,0:13,https://xeno-canto.org/548678/download,XC548678-Parus major alarm call 200419.MP3,Phoenicurus ochruros|Sylvia atricapilla|Turdus merula|Chloris chloris
545113,51.512,7.0952,2020-04-13,4,Germany,C,song,0:08,https://xeno-canto.org/545113/download,XC545113-hof_02.mp3,
543199,43.6108,3.8767,2020-04-05,4,France,C,song,0:12,https://xeno-canto.org/543199/download,XC543199-mesange_charboniere.mp3,Phoenicurus ochruros|Erithacus rubecula
539879,51.5121,4.4359,2020-03-14,3,Netherlands,C,song,0:31,https://xeno-canto.org/539879/download,XC539879-200314_002_plus0u44_onbekend.mp3,
539657,47.9984,10.9503,2020-03-15,3,Germany,C,song,1:02,https://xeno-canto.org/539657/download,"XC539657-KOHLMEISEN, Morgenkonzert  15.03.2020  Kirchstr.23  6_03  VOC_200315-0259  gek.mp3",Phoenicurus ochruros|Chloris chloris
538934,46.4883,0.2575,2020-03-27,3,France,C,song,0:33,https://xeno-canto.org/538934/download,XC538934-200327-162334.mp3,
538267,51.4213,5.4732,2020-03-14,3,Netherlands,C,song,1:03,https://xeno-canto.org/538267/download,XC538267-Parus major_2020.03.14_10.38_01.mp3,Sitta europaea|Erithacus rubecula|Phylloscopus collybita
538260,51.4213,5.4732,2020-03-14,3,Netherlands,C,alarm call,0:08,https://xeno-canto.org/538260/download,XC538260-Parus major_2020.03.14_10.08_01Parus major_.mp3,
538249,51.4213,5.4732,2020-03-12,3,Netherlands,C,"alarm call, call",0:12,https://xeno-canto.org/538249/download,XC538249-Parus major_2020.03.12_11.29_01.mp3,
537466,47.3977,8.5469,2020-03-11,3,Switzerland,C,,0:10,https://xeno-canto.org/537466/download,XC537466-birdnet_mobile_3093420659_recording_676.mp3,
537231,45.769,4.8657,2020-03-22,3,France,C,song,0:42,https://xeno-canto.org/537231/download,XC537231-200322_MésCharbo+moineaux-.mp3,
537126,44.0619,1.9524,2020-03-22,3,France,C,song,1:02,https://xeno-canto.org/537126/download,XC537126-200322_004d.mp3,Sylvia atricapilla|Turdus merula|Coloeus monedula
536590,48.8205,2.1781,2020-03-21,3,France,C,"call, like siberian chiffchaff, monotonous call",2:31,https://xeno-canto.org/536590/download,XC536590-Mesange charbonniere cris en series type tristis.mp3,
536588,48.8205,2.1781,2020-03-21,3,France,C,"call, flight call, like siberian chiffchaff, monotonous call",0:10,https://xeno-canto.org/536588/download,XC536588-Mesange charbonniere cris en series type tristis court.mp3,
536586,48.8205,2.1781,2020-03-21,3,France,C,flight call,0:07,https://xeno-canto.org/536586/download,XC536586-Mesange charbonniere cri de vol +.mp3,
535794,48.8688,2.0913,2018-03-17,3,France,C,"call, chatter",0:07,https://xeno-canto.org/535794/download,XC535794-2018-03-17 Marly le Roi jardin de Benoit Froelich Mesange charboniere chatter call.mp3,
534408,48.8022,2.3811,2020-03-07,3,France,C,song,8:10,https://xeno-canto.org/534408/download,XC534408-200307_003a.mp3,Turdus merula|Parus major|Troglodytes troglodytes
534203,48.9271,8.9226,2020-03-11,3,Germany,C,"call, weeoo call",0:19,https://xeno-canto.org/534203/download,XC534203-200311 Kohlmeise weeooRuf FH 1534.mp3,
533920,48.2741,10.8188,2020-03-08,3,Germany,C,call,0:52,https://xeno-canto.org/533920/download,XC533920-kusaKASTAniIN32µMP3_35921  (1).mp3,Turdus merula|Passer montanus|Chloris chloris
533324,42.8855,2.8523,2020-03-05,3,France,C,alarm call,0:48,https://xeno-canto.org/533324/download,XC533324-2020030512_0843_Parus major_alarme_nid_1m_TB.mp3,
531168,46.5211,0.2133,2020-03-01,3,France,C,alarm call,0:15,https://xeno-canto.org/531168/download,XC531168-200301_mesange-charbonniere.mp3,
527769,51.963,6.7811,2017-03-28,3,Netherlands,C,song,0:18,https://xeno-canto.org/527769/download,XC527769-Great Tit Bekendelle 170328_2268.mp3,
527767,51.963,6.7811,2017-03-28,3,Netherlands,C,song,0:15,https://xeno-canto.org/527767/download,XC527767-Great Tit Bekendelle 170328_2266.mp3,
512870,44.2391,1.7714,2018-05-06,5,France,C,song,0:15,https://xeno-canto.org/512870/download,XC512870-Mésange charbonnière - Caylus - 06-05-2018.mp3,
506884,48.2741,10.8188,2018-05-13,5,Germany,C,"call, song",3:24,https://xeno-canto.org/506884/download,XC506884-555371'µ mp3.mp3,Fringilla coelebs|Turdus merula|Sturnus vulgaris
506882,48.2741,10.8188,2018-05-13,5,Germany,C,call,1:53,https://xeno-canto.org/506882/download,XC506882-555368'µ mp3.mp3,Fringilla coelebs|Turdus merula|Erithacus rubecula|Sturnus vulgaris
488872,48.2741,10.8188,2019-06-02,6,Germany,C,begging call,8:28,https://xeno-canto.org/488872/download,XC488872-602_0086Ü-02c-Wav-04 mp3.mp3,Fringilla coelebs|Oriolus oriolus|Sylvia atricapilla|Turdus merula
488871,48.2741,10.8188,2019-06-02,6,Germany,C,"begging call, call",8:28,https://xeno-canto.org/488871/download,XC488871-602_0086Ü-02d-Wav-01 mp3.mp3,Oriolus oriolus|Sylvia atricapilla
475566,46.7566,1.1208,2019-05-06,5,France,C,call,0:45,https://xeno-canto.org/475566/download,XC475566-190406 oiseau mystere 6 notes descendantes Grand Aslon.mp3,
475380,48.2741,10.8188,2019-05-16,5,Germany,C,"begging call, call, ..& juvenile",2:50,https://xeno-canto.org/475380/download,XC475380-heathA2-0103_0079-19µµ mp3.mp3,Phylloscopus trochilus|Sylvia atricapilla|Turdus merula|Emberiza citrinella|Phylloscopus collybita
475379,48.2741,10.8188,2019-05-16,5,Germany,C,"begging call, call, ..& juvenile",1:20,https://xeno-canto.org/475379/download,XC475379-heathA2-0103_0079-05µµ mp3.mp3,Sylvia atricapilla|Phylloscopus collybita
475378,48.2741,10.8188,2019-05-16,5,Germany,C,"begging call, call, ..& juvenile",1:27,https://xeno-canto.org/475378/download,XC475378-heathA2-0103_0079-07µµ mp3.mp3,Phylloscopus trochilus|Turdus philomelos|Oriolus oriolus|Emberiza citrinella|Phylloscopus collybita
475377,48.2741,10.8188,2019-05-16,5,Germany,C,begging call,1:20,https://xeno-canto.org/475377/download,XC475377-heathA2-0103_0079-02µµ mp3.mp3,Sylvia atricapilla|Phylloscopus collybita
475375,48.2741,10.8188,2019-05-16,5,Germany,C,"begging call, call, ..& juvenile",1:10,https://xeno-canto.org/475375/download,XC475375-heathA2-0103_0079-01µµ mp3.mp3,Phylloscopus trochilus|Oriolus oriolus|Turdus merula
471714,41.4115,9.2336,2019-04-09,4,France,C,song,1:17,https://xeno-canto.org/471714/download,XC471714-2019-04-09 Bonifaccio - Pianotoni Caldarello Mesange charbonniere deuxieme type de chant.mp3,
468055,49.5645,17.5815,2019-04-22,4,Czech Republic,C,call,0:04,https://xeno-canto.org/468055/download,XC468055-Sýkora koňadra.mp3,
464979,52.0612,5.371,2019-03-31,3,Netherlands,C,song,0:20,https://xeno-canto.org/464979/download,XC464979-koolmees 31-3-2019 5h00.mp3,
419690,49.3981,8.7261,2016-03-26,3,Germany,C,"call, song, replicating a fringilla coelebs call",0:16,https://xeno-canto.org/419690/download,XC419690-Parus-major_song_2016.03.26.mp3,Columba palumbus|Corvus corone
417587,50.8877,4.3221,2018-05-30,5,Belgium,C,begging call,0:35,https://xeno-canto.org/417587/download,XC417587-TASCAM_0031.mp3,Turdus merula|Troglodytes troglodytes|Psittacula krameri
417075,46.978,7.0432,2018-05-26,5,Switzerland,C,call,0:22,https://xeno-canto.org/417075/download,XC417075-GT1.mp3,
411462,50.8551,4.3635,2018-04-14,4,Belgium,C,song,1:02,https://xeno-canto.org/411462/download,XC411462-Groenl.mp3,
408051,48.8696,2.4929,2018-03-30,3,France,C,song,0:56,https://xeno-canto.org/408051/download,XC408051-20180330_0720.mp3,Turdus merula
387806,48.367,10.9056,2017-05-21,5,Germany,C,song,0:35,https://xeno-canto.org/387806/download,XC387806-31525-03´ mp3.mp3,Turdus merula
380262,44.0746,1.8129,2017-03-11,3,France,C,song,2:20,https://xeno-canto.org/380262/download,XC380262-170311_11.mp3,Fringilla coelebs|Parus major|Erithacus rubecula
379883,48.3239,10.9351,2017-06-24,6,Germany,C,"begging call, & alarmcall adult while feeding",3:59,https://xeno-canto.org/379883/download,XC379883-000101_0273& mp3.mp3,Fringilla coelebs|Sylvia atricapilla|Erithacus rubecula|Troglodytes troglodytes
377036,48.3256,10.9395,2017-06-10,6,Germany,C,"begging call, call",1:58,https://xeno-canto.org/377036/download,XC377036-52324-01_195-02& mp3.mp3,
376701,46.5572,9.4394,2017-06-21,6,Switzerland,C,song,0:03,https://xeno-canto.org/376701/download,XC376701-EGRA 20617 AUSSER copia.mp3,
374156,47.5029,11.1111,2017-05-18,5,Germany,C,begging call,0:43,https://xeno-canto.org/374156/download,XC374156-170518_1005 1645 Garmish trail in wood_Great Tit Begging.mp3,Fringilla coelebs
373848,47.301,-1.556,2017-06-05,6,France,C,call,0:40,https://xeno-canto.org/373848/download,XC373848-Mesange charbonnière A la chapelle sur erdre seen.mp3,
373482,46.3639,9.1273,2017-06-02,6,Switzerland,C,song,0:04,https://xeno-canto.org/373482/download,XC373482-EGRA 2617 AUGIO C.mp3,
372733,46.5254,9.1871,2017-05-28,5,Switzerland,C,song,0:02,https://xeno-canto.org/372733/download,XC372733-egra 28 mag 17 E Tunnel.mp3,
371440,51.3901,7.0294,2017-03-26,3,Germany,C,song,0:44,https://xeno-canto.org/371440/download,XC371440-Kohlmeise 26. März.mp3,Cyanistes caeruleus|Turdus philomelos|Turdus merula|Erithacus rubecula|Troglodytes troglodytes
369632,43.6252,3.3576,2017-05-08,5,France,C,call,1:12,https://xeno-canto.org/369632/download,XC369632-mesange charbonniere juv.mp3,
368360,48.3289,10.9351,2017-04-06,4,Germany,C,song,1:00,https://xeno-canto.org/368360/download,XC368360-041048_000-02put mp3.mp3,Phylloscopus collybita
367612,51.94,5.9038,2017-04-06,4,Netherlands,C,song,0:35,https://xeno-canto.org/367612/download,"XC367612-Koolmees, zang, AZ, 060417, 0703 uur.mp3",
367609,51.94,5.9038,2017-04-06,4,Netherlands,C,song,0:43,https://xeno-canto.org/367609/download,"XC367609-Koolmees, zang, AZ, 060417, 0650 uur.mp3",
363543,48.3289,10.9351,2017-03-27,3,Germany,C,call,1:05,https://xeno-canto.org/363543/download,XC363543-0013-03_000-03tut mp3.mp3,Sitta europaea
362133,48.3289,10.9351,2017-03-10,3,Germany,C,"call, song",6:11,https://xeno-canto.org/362133/download,XC362133-727-02_000-05+059-01tut mp3.mp3,
361788,51.94,5.9038,2017-03-13,3,Netherlands,C,alarm call,0:27,https://xeno-canto.org/361788/download,"XC361788-Koolmees, alarm, AZ 130317 0647 uur.mp3",
361170,48.3062,10.9337,2017-03-11,3,Germany,C,song,2:16,https://xeno-canto.org/361170/download,XC361170-5340-04_180-04tut mp3.mp3,Certhia familiaris
360465,48.3289,10.9351,2017-03-11,3,Germany,C,song,3:12,https://xeno-canto.org/360465/download,XC360465-2817-02_059-03tut mp3.mp3,Regulus regulus|Fringilla coelebs|Turdus philomelos|Certhia familiaris
357861,49.014,9.0217,2017-03-03,3,Germany,C,alarm call,0:20,https://xeno-canto.org/357861/download,XC357861-170303KohlmeiseMRufFH10.mp3,
349535,48.662,-2.8477,2016-03-26,3,France,C,song,1:16,https://xeno-canto.org/349535/download,XC349535-chant mésange.mp3,Taeniopygia guttata
348070,42.3089,9.1321,2011-04-05,4,France,C,song,0:09,https://xeno-canto.org/348070/download,XC348070-781_parmaj_laulu2_Korsika_2011-04-05.mp3,
340120,46.5832,0.1658,2016-04-18,4,France,C,call,0:15,https://xeno-canto.org/340120/download,XC340120-H17 18 avril Vouillé Mésange charbonnière.mp3,
337763,48.3447,10.9154,2016-04-22,4,Germany,C,song,2:30,https://xeno-canto.org/337763/download,XC337763-5155_060-01hiequen mp3.mp3,
327771,43.7426,6.8639,2016-05-28,5,France,C,alarm call,0:19,https://xeno-canto.org/327771/download,XC327771-160528_18.mp3,Cyanistes caeruleus|Fringilla coelebs|Parus major|Erithacus rubecula
327768,43.7426,6.8639,2016-05-28,5,France,C,"call, song",0:13,https://xeno-canto.org/327768/download,XC327768-160528_17.mp3,Fringilla coelebs|Sylvia atricapilla|Certhia brachydactyla
325983,48.3108,10.9396,2016-06-21,6,Germany,C,call,1:05,https://xeno-canto.org/325983/download,XC325983-1356_000-02hipan mp3.mp3,Sylvia atricapilla
321455,48.3447,10.9154,2016-04-19,4,Germany,C,song,2:14,https://xeno-canto.org/321455/download,XC321455-5147_179-06hipan mp3.mp3,Turdus merula|Passer montanus
318827,48.3126,10.9312,2016-05-20,5,Germany,C,song,2:57,https://xeno-canto.org/318827/download,XC318827-1317_191-02hipa mp3.mp3,
308685,49.0374,8.9858,2016-03-07,3,Germany,C,call,0:21,https://xeno-canto.org/308685/download,XC308685-160307KohlmeiseRufFH1edit 49.03999 N.mp3,
305234,47.4834,8.7484,2016-03-01,3,Switzerland,C,song,0:22,https://xeno-canto.org/305234/download,"XC305234-Kohlmeise, Winti.mp3",
291208,48.3289,10.9351,2012-03-20,3,Germany,C,song,1:07,https://xeno-canto.org/291208/download,XC291208-551737hiequ mp3.mp3,
282980,48.3062,10.9337,2014-04-16,4,Germany,C,song,0:23,https://xeno-canto.org/282980/download,XC282980-LS_30174-2x mp3.mp3,
279662,46.6319,0.7674,2015-05-11,5,France,C,call,0:44,https://xeno-canto.org/279662/download,XC279662-G89 11 mai La Puye_01.mp3,
260097,48.367,10.9056,2015-04-16,4,Germany,C,begging call,5:46,https://xeno-canto.org/260097/download,XC260097-30756-01ü mp3(192kBits).mp3,
255826,48.3031,10.922,2015-06-10,6,Germany,C,begging call,0:14,https://xeno-canto.org/255826/download,XC255826-30816_000-06riµ mp3.mp3,
255583,48.3031,10.922,2015-06-14,6,Germany,C,begging call,0:27,https://xeno-canto.org/255583/download,XC255583-30826_000-07riµ mp3.mp3,
255221,48.3031,10.922,2015-06-12,6,Germany,C,begging call,1:03,https://xeno-canto.org/255221/download,XC255221-30822_125-01riµ mp3.mp3,
255220,48.3031,10.922,2015-06-12,6,Germany,C,"begging call, call",1:18,https://xeno-canto.org/255220/download,XC255220-30821_000-03riµ mp3.mp3,
255022,48.3031,10.922,2015-06-13,6,Germany,C,begging call,1:21,https://xeno-canto.org/255022/download,XC255022-30824_197-03riµ mp3.mp3,
244268,44.4087,-1.1749,2015-05-20,5,France,C,call,0:38,https://xeno-canto.org/244268/download,XC244268-445 - Parus major chicks.mp3,
243306,48.7184,11.2311,2015-03-28,3,Germany,C,?,0:59,https://xeno-canto.org/243306/download,XC243306-30733_000-02riµ mp3.mp3,Sitta europaea
241436,42.9758,9.3828,2015-05-12,5,France,C,call,0:18,https://xeno-canto.org/241436/download,"XC241436-Great Tit, call, 12.05.15, Cap Corse.mp3",
239990,48.7088,11.2586,2015-03-26,3,Germany,C,song,2:46,https://xeno-canto.org/239990/download,XC239990-30727_251-02riµ mp3.mp3,
239985,48.7088,11.2586,2015-03-26,3,Germany,C,call,0:53,https://xeno-canto.org/239985/download,XC239985-30727_125-02riµ mp3.mp3,
239975,48.7088,11.2586,2015-03-26,3,Germany,C,song,2:01,https://xeno-canto.org/239975/download,XC239975-30727_062-01riµ mp3.mp3,Phylloscopus collybita
238557,48.7084,11.26,2015-03-25,3,Germany,C,call,0:26,https://xeno-canto.org/238557/download,XC238557-30724_251-09ri-renw mp3.mp3,
238556,48.7084,11.26,2015-03-25,3,Germany,C,call,3:02,https://xeno-canto.org/238556/download,XC238556-30724_251-2--02ri-renw mp3.mp3,
238555,48.7084,11.26,2015-03-25,3,Germany,C,call,0:38,https://xeno-canto.org/238555/download,XC238555-30724_251-2--01ri-renw mp3.mp3,Sitta europaea
238554,48.7084,11.26,2015-03-25,3,Germany,C,call,0:34,https://xeno-canto.org/238554/download,XC238554-30724_062-03ri-renw mp3.mp3,
238553,48.7084,11.26,2015-03-25,3,Germany,C,call,0:15,https://xeno-canto.org/238553/download,XC238553-30724_000-02ri-renw mp3.mp3,
238552,48.7084,11.26,2015-03-24,3,Germany,C,call,0:59,https://xeno-canto.org/238552/download,XC238552-30722_000-02ri-renw mp3.mp3,
237068,48.7298,11.1889,2015-03-24,3,Germany,C,alarm,0:15,https://xeno-canto.org/237068/download,XC237068-30721_251-08ri-renw mp3.mp3,
237067,48.7298,11.1889,2015-03-24,3,Germany,C,song,4:49,https://xeno-canto.org/237067/download,XC237067-30721_000-03ri-renw mp3(272kBits).mp3,Turdus philomelos|Sitta europaea|Dendrocopos major|Pyrrhula pyrrhula
236600,43.2847,5.3724,2015-04-19,4,France,C,song,0:49,https://xeno-canto.org/236600/download,XC236600-150419_01.mp3,Phoenicurus ochruros|Parus major
235549,48.3206,-4.2989,2015-04-14,4,France,C,song,0:54,https://xeno-canto.org/235549/download,XC235549-Chants oiseaux Roz 4.mp3,
235342,48.7303,11.1888,2015-03-22,3,Germany,C,call,5:53,https://xeno-canto.org/235342/download,XC235342-30715_251-02ri-renw mp3(220kbits).mp3,
235333,48.7303,11.1888,2015-03-22,3,Germany,C,call,5:53,https://xeno-canto.org/235333/download,XC235333-30715_251-02ri-renw mp3(220kbits).mp3,
235332,48.7303,11.1888,2015-03-22,3,Germany,C,song,3:17,https://xeno-canto.org/235332/download,XC235332-30715_251-01ri-renw mp3.mp3,
235330,48.7303,11.1888,2015-03-23,3,Germany,C,song,1:43,https://xeno-canto.org/235330/download,XC235330-30718_062-10ri-renw mp3.mp3,Corvus corone|Pyrrhula pyrrhula
235329,48.7303,11.1888,2015-03-22,3,Germany,C,song,5:40,https://xeno-canto.org/235329/download,XC235329-30715_188-01ri-renw mp3(174kbits).mp3,Sitta europaea
235327,48.7303,11.1888,2015-03-22,3,Germany,C,"song, ?",0:32,https://xeno-canto.org/235327/download,XC235327-30715_125-04ri-renw mp3.mp3,
235132,43.9462,7.525,2015-04-05,4,France,C,"alarm call, call",0:47,https://xeno-canto.org/235132/download,XC235132-150405_27.mp3,Fringilla coelebs|Poecile palustris
235079,43.9505,7.5265,2015-04-05,4,France,C,song,0:20,https://xeno-canto.org/235079/download,XC235079-150405_19.mp3,Parus major
233327,48.367,10.9056,2015-03-24,3,Germany,C,song,3:11,https://xeno-canto.org/233327/download,XC233327-554982_47-08sp-renw mp3.mp3,Erithacus rubecula
218030,48.3062,10.9337,2012-03-14,3,Germany,C,call,0:12,https://xeno-canto.org/218030/download,XC218030-1691ul-renw mp3.mp3,
218029,48.3062,10.9337,2012-03-14,3,Germany,C,call,2:24,https://xeno-canto.org/218029/download,XC218029-1690ul-renw mp3.mp3,
216727,52.3299,13.7666,2015-03-12,3,Germany,C,call,0:05,https://xeno-canto.org/216727/download,XC216727-kohlm1325.mp3,
213734,48.3447,10.9154,2014-06-02,6,Germany,C,call,2:20,https://xeno-canto.org/213734/download,XC213734-4675-246-3mut mp3.mp3,
213733,48.3447,10.9154,2014-06-02,6,Germany,C,call,1:12,https://xeno-canto.org/213733/download,XC213733-4675-246-1mut mp3.mp3,Turdus philomelos|Troglodytes troglodytes
213729,48.3447,10.9154,2014-06-02,6,Germany,C,"call, song",3:02,https://xeno-canto.org/213729/download,XC213729-4675-123b-4hic mp3.mp3,
213726,48.3447,10.9154,2014-06-02,6,Germany,C,call,1:37,https://xeno-canto.org/213726/download,XC213726-4675-123-3hic mp3.mp3,Turdus philomelos
213724,48.3447,10.9154,2014-06-02,6,Germany,C,"call, 'call-juvenile'",1:05,https://xeno-canto.org/213724/download,XC213724-4675-123-1mut mp3.mp3,
193402,51.1841,4.6488,2010-05-15,5,Belgium,C,call,1:07,https://xeno-canto.org/193402/download,XC193402-B2A_Koolmees1_SDW.mp3,
190675,52.6272,13.3078,2014-04-01,4,Germany,C,"alarm call, call",0:55,https://xeno-canto.org/190675/download,XC190675-Great Tit_calls_20140401_085053_prepared.mp3,Periparus ater
183598,48.3447,10.9154,2014-06-18,6,Germany,C,call,1:48,https://xeno-canto.org/183598/download,XC183598-30280_186   -  2 x mp3.mp3,
180739,46.207,5.9428,2014-06-02,6,France,C,song,0:42,https://xeno-canto.org/180739/download,XC180739-Parmaj_StJeandeGonville_20140602_edited.mp3,Sylvia atricapilla|Turdus merula|Emberiza citrinella
176901,53.0014,9.2272,2014-05-01,5,Germany,C,song,0:32,https://xeno-canto.org/176901/download,XC176901-Kohlmeise_Voelkersen_010514.mp3,
176320,52.1283,4.3314,2014-04-23,4,Netherlands,C,song,1:03,https://xeno-canto.org/176320/download,XC176320-Km_AomDt_140423-17_xc.mp3,Sylvia atricapilla|Luscinia megarhynchos|Parus major|Dendrocopos major|Troglodytes troglodytes|Phylloscopus collybita
176181,52.1239,4.3358,2014-04-12,4,Netherlands,C,song,0:56,https://xeno-canto.org/176181/download,XC176181-SP_Great_Tit_song_Meijendel_NL_2014-04-12.MP3,Fringilla coelebs|Dendrocopos major
175274,52.3342,13.8088,2014-04-20,4,Germany,C,song,0:18,https://xeno-canto.org/175274/download,XC175274-kohl.mp3,
172577,52.1239,4.3358,2014-04-06,4,Netherlands,C,song,0:32,https://xeno-canto.org/172577/download,XC172577-SP_Great_Tit_song_Meijendel_NL_2014-04-06.MP3,Erithacus rubecula|Certhia brachydactyla
171460,48.3447,10.9154,2014-03-28,3,Germany,C,call,1:19,https://xeno-canto.org/171460/download,XC171460-LS_30120-1x mp3.mp3,Turdus philomelos|Phylloscopus collybita
171456,48.3447,10.9154,2014-03-28,3,Germany,C,"call, scolding call",0:41,https://xeno-canto.org/171456/download,XC171456-LS_30113x mp3.mp3,
169746,48.3447,10.9154,2014-03-07,3,Germany,C,call,0:23,https://xeno-canto.org/169746/download,XC169746-LS_30057_05-5xok mp3.mp3,
169745,48.3447,10.9154,2014-03-07,3,Germany,C,hissing at the nest,0:23,https://xeno-canto.org/169745/download,XC169745-LS_30057_05-4x mp3.mp3,
158883,48.3447,10.9154,2011-04-05,4,Germany,C,"call, , lekking/play {?}",0:15,https://xeno-canto.org/158883/download,XC158883-0173toHEqNR mp3.mp3,Turdus philomelos|Erithacus rubecula
156977,46.5762,0.322,2010-05-09,5,France,C,song,1:00,https://xeno-canto.org/156977/download,XC156977-B56bis_XC.mp3,
138382,48.8277,2.4239,2013-06-14,6,France,C,call,0:27,https://xeno-canto.org/138382/download,XC138382-2013061413_0833_Parus major_poussins volants.mp3,
138194,43.0495,3.0518,2013-06-06,6,France,C,song,1:16,https://xeno-canto.org/138194/download,XC138194-STE-005 mésange charbonière ste lucie rossignol.mp3,Luscinia megarhynchos
135916,46.39,6.0271,2013-05-27,5,France,C,song,0:08,https://xeno-canto.org/135916/download,XC135916-Parmaj_Lajoux_20130527_edited.mp3,Corvus corone
132336,46.2615,6.0141,2013-04-16,4,France,C,call,0:27,https://xeno-canto.org/132336/download,XC132336-Parmaj_Crozet_20130416_edited.mp3,Turdus merula|Erithacus rubecula
129349,44.3494,-1.067,2013-04-13,4,France,C,song,0:04,https://xeno-canto.org/129349/download,XC129349-Great Tit - call1.mp3,
129255,52.0775,4.3249,2013-04-12,4,Netherlands,C,alarm call,0:32,https://xeno-canto.org/129255/download,XC129255-Km-Ct1_Zog_130410-2dxc.mp3,Turdus merula|Parus major
128698,49.4162,8.1756,2013-03-28,3,Germany,C,flight call,0:12,https://xeno-canto.org/128698/download,XC128698-2013_03_28_Kohlmeise-Invasion_Deidesheim_09Uhr40_T1027.mp3,
78968,45.2426,5.7512,2011-05-28,5,France,C,call,0:42,https://xeno-canto.org/78968/download,"91 Parus major, youngs in nest, Vence (France) 28-05-11.mp3",
78965,45.2964,5.5176,2006-03-05,3,France,C,song,0:59,https://xeno-canto.org/78965/download,"88 Parus major, Mai swamp, Tullins (France), 03-05-06.mp3",Fringilla coelebs|Ardea cinerea|Milvus migrans|Picus viridis|Phasianus colchicus
72853,54.146,9.218,2011-03-11,3,Germany,C,call,0:31,https://xeno-canto.org/72853/download,KohlmeiseHBWald11-3-11_17-19.mp3,
66989,49.075,9.149,1986-06-00,6,Germany,C,call,0:33,https://xeno-canto.org/66989/download,Parus major June86-1.mp3,Fringilla coelebs|Turdus merula
55003,43.0913,2.007,2008-05-17,5,France,C,call,0:22,https://xeno-canto.org/55003/download,GreatTit1.mp3,
44965,52.8176,6.4326,2009-03-24,3,Netherlands,C,song,0:10,https://xeno-canto.org/44965/download,GreatTitFemale30March2009DwingelderveldNetherlands.mp3,
44964,52.8176,6.4326,2009-03-24,3,Netherlands,C,song,0:17,https://xeno-canto.org/44964/download,GreatTit24March2009DwingelderveldNetherlands2.mp3,
35599,51.1231,6.0306,2009-03-22,3,Netherlands,C,song,0:07,https://xeno-canto.org/35599/download,BLUEROBIN_Koolmees_Posterholt_ArnoldMeijer_220309_LS100553.mp3,
35583,52.3312,4.5648,2009-03-16,3,Netherlands,C,call,0:25,https://xeno-canto.org/35583/download,BLUEROBIN_Koolmees_Panneland_Vogelenzang_ArnoldMeijer_160309_LS100507.mp3,
35055,52.8176,6.4326,2009-04-06,4,Netherlands,C,"bomb alarm or not, this great tit keeps singing!",0:12,https://xeno-canto.org/35055/download,GreatTitSirene6April2009DwingelderveldHolland.mp3,
29296,52.1767,5.7789,2002-06-00,6,Netherlands,C,call,0:26,https://xeno-canto.org/29296/download,GreattitKootwijk.mp3,Fringilla coelebs|Troglodytes troglodytes
