segment_id,recording_id
1106174_seg_3000,1106174
1106174_seg_6000,1106174
1106174_seg_12000,1106174
1106174_seg_15000,1106174
1106174_seg_21000,1106174
1106174_seg_30000,1106174
1106174_seg_39000,1106174
1106174_seg_42000,1106174
1106174_seg_48000,1106174
1106174_seg_51000,1106174
1106174_seg_57000,1106174
1106174_seg_60000,1106174
1106174_seg_66000,1106174
1106174_seg_69000,1106174
1106173_seg_0,1106173
1106173_seg_3000,1106173
1106173_seg_9000,1106173
1106173_seg_15000,1106173
1106173_seg_18000,1106173
1106173_seg_24000,1106173
1106173_seg_27000,1106173
1106173_seg_33000,1106173
1106173_seg_36000,1106173
1106173_seg_48000,1106173
1106173_seg_51000,1106173
1106173_seg_57000,1106173
1106173_seg_60000,1106173
1100198_seg_0,1100198
1100198_seg_6000,1100198
1100198_seg_9000,1100198
1100198_seg_18000,1100198
1100198_seg_24000,1100198
1092231_seg_0,1092231
1092231_seg_9000,1092231
1092231_seg_15000,1092231
1092231_seg_24000,1092231
1092231_seg_30000,1092231
1092231_seg_39000,1092231
1091980_seg_3000,1091980
1091980_seg_6000,1091980
1091980_seg_9000,1091980
1091980_seg_12000,1091980
1091980_seg_15000,1091980
1091980_seg_18000,1091980
1091980_seg_21000,1091980
1091980_seg_24000,1091980
1091980_seg_27000,1091980
1091980_seg_30000,1091980
1091980_seg_39000,1091980
1091980_seg_42000,1091980
1091980_seg_45000,1091980
1091980_seg_48000,1091980
1091980_seg_51000,1091980
1091980_seg_54000,1091980
1091980_seg_60000,1091980
1091980_seg_66000,1091980
1091980_seg_72000,1091980
1091980_seg_78000,1091980
1091980_seg_84000,1091980
1091980_seg_90000,1091980
1084417_seg_0,1084417
1084417_seg_6000,1084417
1084417_seg_9000,1084417
1084417_seg_12000,1084417
1084417_seg_21000,1084417
1084417_seg_24000,1084417
1084417_seg_27000,1084417
1084417_seg_30000,1084417
1084417_seg_36000,1084417
1084417_seg_42000,1084417
1084417_seg_45000,1084417
1084417_seg_48000,1084417
1084417_seg_51000,1084417
1084417_seg_54000,1084417
1084417_seg_57000,1084417
1084417_seg_60000,1084417
1084417_seg_63000,1084417
1084417_seg_66000,1084417
1084417_seg_69000,1084417
1052236_seg_0,1052236
1052236_seg_3000,1052236
1052236_seg_6000,1052236
1052236_seg_9000,1052236
1052236_seg_12000,1052236
1052236_seg_15000,1052236
1052236_seg_18000,1052236
1052236_seg_21000,1052236
1052236_seg_24000,1052236
1052236_seg_27000,1052236
1052236_seg_30000,1052236
1052236_seg_33000,1052236
1052236_seg_36000,1052236
1052236_seg_39000,1052236
1052236_seg_42000,1052236
1052236_seg_45000,1052236
1052236_seg_48000,1052236
1052236_seg_51000,1052236
1052236_seg_54000,1052236
1052236_seg_57000,1052236
1052236_seg_60000,1052236
1052236_seg_63000,1052236
1052236_seg_69000,1052236
1047739_seg_3000,1047739
1047739_seg_6000,1047739
1047739_seg_9000,1047739
1047739_seg_18000,1047739
1047739_seg_21000,1047739
1047739_seg_24000,1047739
1047739_seg_27000,1047739
1047739_seg_33000,1047739
1047739_seg_36000,1047739
1047739_seg_42000,1047739
1047739_seg_45000,1047739
1047739_seg_51000,1047739
1047739_seg_54000,1047739
1047739_seg_57000,1047739
1047739_seg_63000,1047739
1047739_seg_66000,1047739
1047739_seg_69000,1047739
1047739_seg_75000,1047739
1047739_seg_78000,1047739
1047739_seg_87000,1047739
1047739_seg_90000,1047739
1047739_seg_93000,1047739
1047739_seg_96000,1047739
1047739_seg_102000,1047739
1047739_seg_105000,1047739
1047739_seg_111000,1047739
1047739_seg_117000,1047739
1047739_seg_123000,1047739
1047739_seg_126000,1047739
1047739_seg_132000,1047739
1047739_seg_135000,1047739
1047739_seg_141000,1047739
1047739_seg_144000,1047739
1047739_seg_147000,1047739
1047739_seg_153000,1047739
1047739_seg_156000,1047739
1047739_seg_162000,1047739
1047739_seg_165000,1047739
1047739_seg_168000,1047739
1047739_seg_171000,1047739
1047739_seg_180000,1047739
1047739_seg_183000,1047739
1046158_seg_0,1046158
1046158_seg_3000,1046158
1046158_seg_6000,1046158
1046158_seg_9000,1046158
1046158_seg_12000,1046158
1046158_seg_21000,1046158
1046158_seg_27000,1046158
1046158_seg_33000,1046158
1046158_seg_36000,1046158
1046158_seg_42000,1046158
1046158_seg_45000,1046158
1046158_seg_48000,1046158
1046158_seg_51000,1046158
1046158_seg_57000,1046158
1046158_seg_60000,1046158
996274_seg_9000,996274
996274_seg_15000,996274
996274_seg_18000,996274
996274_seg_21000,996274
996274_seg_24000,996274
996274_seg_27000,996274
996274_seg_30000,996274
996274_seg_33000,996274
996274_seg_36000,996274
996274_seg_39000,996274
996274_seg_45000,996274
996274_seg_48000,996274
996274_seg_51000,996274
996274_seg_57000,996274
996274_seg_63000,996274
994505_seg_3000,994505
994505_seg_6000,994505
994505_seg_9000,994505
994505_seg_12000,994505
994505_seg_15000,994505
994505_seg_21000,994505
994505_seg_24000,994505
994505_seg_27000,994505
994505_seg_30000,994505
994505_seg_33000,994505
994505_seg_36000,994505
994505_seg_42000,994505
994505_seg_45000,994505
994505_seg_48000,994505
994505_seg_51000,994505
994505_seg_54000,994505
994505_seg_57000,994505
994505_seg_60000,994505
994505_seg_63000,994505
994505_seg_66000,994505
994505_seg_69000,994505
994505_seg_72000,994505
994505_seg_75000,994505
994505_seg_78000,994505
994505_seg_81000,994505
994505_seg_84000,994505
994505_seg_87000,994505
994505_seg_90000,994505
994505_seg_93000,994505
994505_seg_96000,994505
994505_seg_99000,994505
994505_seg_102000,994505
994505_seg_105000,994505
994505_seg_108000,994505
994505_seg_111000,994505
994505_seg_117000,994505
994505_seg_120000,994505
994505_seg_123000,994505
994505_seg_126000,994505
994505_seg_129000,994505
994505_seg_132000,994505
994505_seg_138000,994505
994504_seg_0,994504
994504_seg_3000,994504
994504_seg_12000,994504
994504_seg_15000,994504
994504_seg_18000,994504
994504_seg_21000,994504
994504_seg_24000,994504
994504_seg_27000,994504
994504_seg_30000,994504
994504_seg_33000,994504
994504_seg_39000,994504
994504_seg_45000,994504
994504_seg_51000,994504
994504_seg_54000,994504
994504_seg_60000,994504
994504_seg_63000,994504
994504_seg_69000,994504
994504_seg_78000,994504
994504_seg_81000,994504
990694_seg_6000,990694
990694_seg_15000,990694
990694_seg_39000,990694
990694_seg_66000,990694
990694_seg_72000,990694
985820_seg_0,985820
985820_seg_3000,985820
985820_seg_6000,985820
985820_seg_9000,985820
985820_seg_12000,985820
985820_seg_15000,985820
985820_seg_18000,985820
985820_seg_24000,985820
985820_seg_27000,985820
985820_seg_30000,985820
985820_seg_45000,985820
985810_seg_0,985810
985810_seg_3000,985810
985810_seg_9000,985810
985810_seg_15000,985810
985810_seg_21000,985810
985810_seg_24000,985810
985810_seg_48000,985810
985810_seg_54000,985810
985810_seg_66000,985810
983564_seg_0,983564
983564_seg_3000,983564
983564_seg_6000,983564
983069_seg_0,983069
983069_seg_3000,983069
983069_seg_6000,983069
983069_seg_9000,983069
983069_seg_12000,983069
983069_seg_15000,983069
983069_seg_18000,983069
983069_seg_21000,983069
983069_seg_24000,983069
983069_seg_27000,983069
983069_seg_30000,983069
983069_seg_33000,983069
983069_seg_36000,983069
926836_seg_0,926836
926836_seg_3000,926836
926836_seg_6000,926836
926836_seg_9000,926836
926836_seg_12000,926836
926836_seg_15000,926836
926836_seg_18000,926836
926836_seg_24000,926836
926836_seg_27000,926836
926836_seg_30000,926836
926836_seg_33000,926836
926836_seg_36000,926836
926836_seg_39000,926836
926836_seg_42000,926836
926836_seg_45000,926836
926836_seg_51000,926836
926836_seg_54000,926836
926836_seg_57000,926836
926836_seg_60000,926836
926836_seg_66000,926836
926836_seg_69000,926836
926836_seg_72000,926836
926836_seg_75000,926836
926836_seg_78000,926836
926836_seg_81000,926836
926836_seg_84000,926836
926836_seg_87000,926836
906512_seg_0,906512
906512_seg_3000,906512
906512_seg_6000,906512
906512_seg_12000,906512
906512_seg_15000,906512
906512_seg_18000,906512
906512_seg_21000,906512
906512_seg_24000,906512
906512_seg_27000,906512
906512_seg_30000,906512
906512_seg_33000,906512
906512_seg_36000,906512
906512_seg_39000,906512
906512_seg_42000,906512
906512_seg_45000,906512
906512_seg_51000,906512
906512_seg_60000,906512
906512_seg_66000,906512
906512_seg_69000,906512
906512_seg_72000,906512
906512_seg_78000,906512
906512_seg_81000,906512
906512_seg_87000,906512
906512_seg_90000,906512
906512_seg_96000,906512
906512_seg_102000,906512
906512_seg_111000,906512
906512_seg_117000,906512
906512_seg_123000,906512
906512_seg_132000,906512
906512_seg_141000,906512
905527_seg_0,905527
905527_seg_6000,905527
905527_seg_9000,905527
905527_seg_15000,905527
905527_seg_18000,905527
905527_seg_21000,905527
905527_seg_24000,905527
905527_seg_27000,905527
905527_seg_30000,905527
905527_seg_36000,905527
905527_seg_39000,905527
905527_seg_42000,905527
905527_seg_45000,905527
905527_seg_51000,905527
905527_seg_54000,905527
905527_seg_57000,905527
905527_seg_66000,905527
905527_seg_69000,905527
905527_seg_90000,905527
905527_seg_111000,905527
899081_seg_0,899081
899081_seg_3000,899081
899081_seg_9000,899081
899081_seg_12000,899081
899081_seg_15000,899081
899081_seg_18000,899081
899081_seg_21000,899081
899081_seg_24000,899081
899081_seg_27000,899081
899081_seg_39000,899081
899081_seg_42000,899081
899081_seg_45000,899081
899081_seg_48000,899081
899081_seg_51000,899081
899081_seg_54000,899081
899081_seg_57000,899081
899081_seg_63000,899081
899081_seg_75000,899081
899081_seg_81000,899081
899081_seg_84000,899081
899081_seg_90000,899081
899081_seg_93000,899081
899081_seg_102000,899081
881427_seg_3000,881427
881427_seg_9000,881427
881427_seg_15000,881427
881427_seg_18000,881427
881427_seg_21000,881427
881427_seg_27000,881427
881427_seg_30000,881427
881427_seg_33000,881427
881427_seg_36000,881427
881427_seg_39000,881427
881427_seg_42000,881427
881427_seg_45000,881427
881427_seg_48000,881427
881427_seg_51000,881427
881427_seg_54000,881427
881427_seg_57000,881427
881427_seg_60000,881427
881427_seg_63000,881427
881427_seg_66000,881427
881427_seg_69000,881427
881427_seg_72000,881427
881427_seg_75000,881427
881427_seg_78000,881427
881427_seg_81000,881427
881427_seg_84000,881427
881427_seg_87000,881427
881427_seg_90000,881427
881427_seg_93000,881427
881427_seg_96000,881427
881427_seg_99000,881427
881427_seg_105000,881427
881427_seg_108000,881427
881427_seg_111000,881427
881427_seg_114000,881427
881427_seg_117000,881427
881427_seg_120000,881427
881427_seg_123000,881427
881427_seg_129000,881427
881427_seg_132000,881427
881427_seg_135000,881427
881427_seg_138000,881427
881427_seg_141000,881427
881427_seg_144000,881427
881427_seg_147000,881427
881427_seg_150000,881427
881427_seg_153000,881427
881427_seg_156000,881427
881427_seg_159000,881427
881427_seg_165000,881427
880732_seg_15000,880732
880732_seg_18000,880732
880732_seg_27000,880732
880732_seg_42000,880732
880732_seg_48000,880732
880732_seg_57000,880732
880732_seg_72000,880732
870733_seg_0,870733
870733_seg_3000,870733
870733_seg_9000,870733
870733_seg_12000,870733
870733_seg_15000,870733
870733_seg_18000,870733
843489_seg_0,843489
843489_seg_3000,843489
843489_seg_9000,843489
843489_seg_12000,843489
843489_seg_24000,843489
843484_seg_6000,843484
843484_seg_9000,843484
843484_seg_12000,843484
843484_seg_15000,843484
843484_seg_18000,843484
843484_seg_21000,843484
843484_seg_24000,843484
843484_seg_27000,843484
843484_seg_30000,843484
843484_seg_33000,843484
843484_seg_36000,843484
843484_seg_39000,843484
843484_seg_42000,843484
843484_seg_45000,843484
843484_seg_48000,843484
843474_seg_9000,843474
843474_seg_12000,843474
843474_seg_15000,843474
843474_seg_18000,843474
843474_seg_24000,843474
843474_seg_30000,843474
843474_seg_33000,843474
843474_seg_42000,843474
843474_seg_51000,843474
843474_seg_54000,843474
843474_seg_72000,843474
843474_seg_81000,843474
842245_seg_0,842245
842245_seg_3000,842245
842245_seg_9000,842245
842245_seg_12000,842245
842245_seg_15000,842245
842245_seg_18000,842245
842245_seg_21000,842245
842245_seg_24000,842245
842245_seg_27000,842245
842245_seg_30000,842245
842245_seg_33000,842245
842245_seg_36000,842245
842245_seg_39000,842245
842245_seg_42000,842245
842245_seg_45000,842245
842245_seg_48000,842245
842245_seg_51000,842245
842245_seg_54000,842245
842245_seg_57000,842245
842245_seg_60000,842245
842245_seg_63000,842245
842245_seg_66000,842245
842245_seg_69000,842245
842245_seg_75000,842245
842245_seg_78000,842245
842245_seg_81000,842245
841519_seg_0,841519
841519_seg_6000,841519
841519_seg_9000,841519
841519_seg_15000,841519
841519_seg_18000,841519
841519_seg_24000,841519
841519_seg_27000,841519
841519_seg_33000,841519
841519_seg_39000,841519
841519_seg_45000,841519
841519_seg_48000,841519
841519_seg_51000,841519
841519_seg_54000,841519
841519_seg_57000,841519
841519_seg_63000,841519
841519_seg_66000,841519
841519_seg_69000,841519
841519_seg_78000,841519
841519_seg_84000,841519
804299_seg_0,804299
804299_seg_3000,804299
804299_seg_6000,804299
804299_seg_9000,804299
804299_seg_12000,804299
804299_seg_15000,804299
804299_seg_18000,804299
804299_seg_24000,804299
804299_seg_27000,804299
804299_seg_30000,804299
804299_seg_33000,804299
804299_seg_36000,804299
804299_seg_39000,804299
804299_seg_42000,804299
801873_seg_0,801873
801873_seg_3000,801873
801873_seg_6000,801873
801873_seg_9000,801873
801873_seg_12000,801873
801873_seg_15000,801873
801873_seg_18000,801873
801873_seg_21000,801873
801873_seg_24000,801873
801873_seg_27000,801873
801873_seg_30000,801873
801873_seg_33000,801873
801873_seg_36000,801873
801873_seg_39000,801873
801873_seg_42000,801873
801873_seg_45000,801873
801873_seg_48000,801873
801873_seg_51000,801873
801873_seg_54000,801873
801873_seg_57000,801873
801249_seg_0,801249
801249_seg_3000,801249
801249_seg_6000,801249
801249_seg_9000,801249
801249_seg_12000,801249
801249_seg_15000,801249
801249_seg_18000,801249
801249_seg_21000,801249
801249_seg_24000,801249
801249_seg_27000,801249
801249_seg_30000,801249
801249_seg_33000,801249
801249_seg_36000,801249
801249_seg_42000,801249
801249_seg_45000,801249
801249_seg_48000,801249
801249_seg_51000,801249
801249_seg_54000,801249
801249_seg_57000,801249
801249_seg_63000,801249
801249_seg_66000,801249
801249_seg_69000,801249
801249_seg_72000,801249
801249_seg_75000,801249
801249_seg_78000,801249
801249_seg_81000,801249
801249_seg_84000,801249
799282_seg_3000,799282
799282_seg_6000,799282
799282_seg_9000,799282
798517_seg_0,798517
798517_seg_3000,798517
798517_seg_6000,798517
798517_seg_15000,798517
798050_seg_3000,798050
798050_seg_9000,798050
798050_seg_15000,798050
798050_seg_18000,798050
798050_seg_24000,798050
798050_seg_27000,798050
798050_seg_33000,798050
798050_seg_36000,798050
798050_seg_39000,798050
798050_seg_42000,798050
798050_seg_45000,798050
798050_seg_48000,798050
798050_seg_51000,798050
798050_seg_54000,798050
798050_seg_57000,798050
798050_seg_60000,798050
798050_seg_66000,798050
798050_seg_69000,798050
798050_seg_75000,798050
798050_seg_78000,798050
798050_seg_81000,798050
798049_seg_3000,798049
798049_seg_6000,798049
798049_seg_9000,798049
798049_seg_12000,798049
798049_seg_15000,798049
798049_seg_18000,798049
798049_seg_21000,798049
798049_seg_24000,798049
798049_seg_27000,798049
798049_seg_33000,798049
798049_seg_39000,798049
798049_seg_45000,798049
798049_seg_48000,798049
798049_seg_51000,798049
798049_seg_54000,798049
798049_seg_57000,798049
798049_seg_63000,798049
798049_seg_69000,798049
798049_seg_72000,798049
798049_seg_75000,798049
798049_seg_84000,798049
798049_seg_87000,798049
798049_seg_90000,798049
798049_seg_93000,798049
798049_seg_96000,798049
798049_seg_99000,798049
798049_seg_102000,798049
798049_seg_105000,798049
798049_seg_108000,798049
798049_seg_111000,798049
798049_seg_114000,798049
798049_seg_117000,798049
798049_seg_123000,798049
798049_seg_129000,798049
798049_seg_135000,798049
798048_seg_3000,798048
798048_seg_12000,798048
798048_seg_42000,798048
798048_seg_48000,798048
798048_seg_93000,798048
798048_seg_96000,798048
798048_seg_102000,798048
798048_seg_111000,798048
798048_seg_114000,798048
798048_seg_120000,798048
798048_seg_123000,798048
798048_seg_126000,798048
798048_seg_129000,798048
798048_seg_135000,798048
798048_seg_141000,798048
798048_seg_144000,798048
798048_seg_147000,798048
798048_seg_153000,798048
798048_seg_156000,798048
798048_seg_162000,798048
798048_seg_174000,798048
798048_seg_186000,798048
798048_seg_192000,798048
798048_seg_198000,798048
795784_seg_0,795784
795784_seg_3000,795784
795784_seg_6000,795784
795784_seg_9000,795784
795784_seg_12000,795784
795784_seg_15000,795784
795784_seg_18000,795784
795784_seg_24000,795784
795784_seg_27000,795784
795784_seg_30000,795784
795784_seg_33000,795784
795784_seg_36000,795784
795784_seg_39000,795784
795784_seg_45000,795784
795784_seg_48000,795784
795784_seg_66000,795784
795784_seg_72000,795784
795784_seg_75000,795784
795784_seg_78000,795784
795784_seg_81000,795784
795784_seg_84000,795784
795784_seg_87000,795784
795784_seg_93000,795784
795784_seg_96000,795784
795784_seg_102000,795784
795784_seg_105000,795784
795784_seg_108000,795784
795784_seg_114000,795784
795784_seg_135000,795784
795784_seg_138000,795784
795784_seg_141000,795784
795784_seg_144000,795784
795784_seg_147000,795784
795784_seg_156000,795784
795784_seg_159000,795784
795784_seg_162000,795784
795784_seg_165000,795784
795784_seg_171000,795784
795784_seg_174000,795784
795784_seg_177000,795784
795784_seg_180000,795784
795784_seg_183000,795784
795784_seg_189000,795784
795784_seg_192000,795784
795784_seg_195000,795784
795784_seg_201000,795784
795784_seg_204000,795784
795784_seg_216000,795784
795784_seg_219000,795784
795763_seg_0,795763
795763_seg_3000,795763
795763_seg_6000,795763
795763_seg_12000,795763
795763_seg_18000,795763
795763_seg_21000,795763
795763_seg_24000,795763
795763_seg_30000,795763
795763_seg_36000,795763
795763_seg_45000,795763
795227_seg_0,795227
795227_seg_3000,795227
795227_seg_6000,795227
795227_seg_9000,795227
795227_seg_12000,795227
795227_seg_15000,795227
792451_seg_0,792451
792451_seg_3000,792451
792451_seg_6000,792451
792451_seg_9000,792451
792451_seg_12000,792451
792451_seg_15000,792451
792451_seg_18000,792451
792451_seg_21000,792451
792451_seg_24000,792451
792451_seg_27000,792451
792451_seg_30000,792451
783633_seg_0,783633
783633_seg_3000,783633
783633_seg_6000,783633
770768_seg_3000,770768
770768_seg_6000,770768
770768_seg_12000,770768
770768_seg_15000,770768
770768_seg_18000,770768
770768_seg_21000,770768
770768_seg_24000,770768
770768_seg_27000,770768
770768_seg_30000,770768
770768_seg_33000,770768
770768_seg_39000,770768
770768_seg_42000,770768
770768_seg_48000,770768
770768_seg_51000,770768
770768_seg_54000,770768
770768_seg_60000,770768
770768_seg_66000,770768
770768_seg_72000,770768
770768_seg_78000,770768
770768_seg_81000,770768
770768_seg_84000,770768
770768_seg_87000,770768
770768_seg_90000,770768
770768_seg_93000,770768
770768_seg_96000,770768
770768_seg_99000,770768
770768_seg_102000,770768
770768_seg_105000,770768
770768_seg_114000,770768
770768_seg_117000,770768
770768_seg_123000,770768
770768_seg_129000,770768
770768_seg_132000,770768
770768_seg_138000,770768
770768_seg_147000,770768
770768_seg_156000,770768
767786_seg_0,767786
767786_seg_3000,767786
767786_seg_6000,767786
767786_seg_9000,767786
767786_seg_12000,767786
767786_seg_15000,767786
767786_seg_18000,767786
729993_seg_0,729993
729993_seg_3000,729993
729993_seg_6000,729993
729993_seg_9000,729993
729993_seg_12000,729993
729993_seg_15000,729993
729993_seg_18000,729993
729993_seg_21000,729993
724068_seg_0,724068
724068_seg_12000,724068
724068_seg_21000,724068
724068_seg_27000,724068
724068_seg_30000,724068
718274_seg_0,718274
718274_seg_6000,718274
718046_seg_0,718046
718046_seg_6000,718046
716880_seg_0,716880
715983_seg_0,715983
715983_seg_3000,715983
715983_seg_6000,715983
715983_seg_9000,715983
715983_seg_12000,715983
715983_seg_15000,715983
715983_seg_18000,715983
715846_seg_3000,715846
715846_seg_9000,715846
715846_seg_12000,715846
715846_seg_15000,715846
715846_seg_21000,715846
715846_seg_27000,715846
715846_seg_33000,715846
715846_seg_39000,715846
712879_seg_0,712879
712879_seg_6000,712879
712879_seg_12000,712879
712879_seg_18000,712879
712879_seg_21000,712879
712879_seg_27000,712879
711367_seg_6000,711367
711263_seg_0,711263
711263_seg_3000,711263
711263_seg_6000,711263
711263_seg_9000,711263
711263_seg_12000,711263
711263_seg_15000,711263
711263_seg_18000,711263
711263_seg_21000,711263
711263_seg_27000,711263
711263_seg_30000,711263
711263_seg_33000,711263
711263_seg_36000,711263
711263_seg_39000,711263
711263_seg_42000,711263
711263_seg_45000,711263
711263_seg_48000,711263
711263_seg_51000,711263
711263_seg_54000,711263
711263_seg_57000,711263
711263_seg_60000,711263
711263_seg_63000,711263
711263_seg_66000,711263
711263_seg_69000,711263
711263_seg_75000,711263
711263_seg_78000,711263
711263_seg_81000,711263
711263_seg_84000,711263
710918_seg_3000,710918
710918_seg_6000,710918
710918_seg_12000,710918
710918_seg_15000,710918
710918_seg_18000,710918
710918_seg_21000,710918
710918_seg_39000,710918
709335_seg_0,709335
709335_seg_9000,709335
709335_seg_12000,709335
709335_seg_15000,709335
709335_seg_18000,709335
709335_seg_24000,709335
709335_seg_27000,709335
699177_seg_9000,699177
694592_seg_6000,694592
694592_seg_9000,694592
694592_seg_18000,694592
694592_seg_24000,694592
694592_seg_27000,694592
694592_seg_36000,694592
694592_seg_48000,694592
694592_seg_51000,694592
694592_seg_60000,694592
694592_seg_63000,694592
682783_seg_0,682783
682783_seg_3000,682783
682783_seg_9000,682783
682783_seg_12000,682783
682783_seg_15000,682783
682783_seg_18000,682783
682783_seg_21000,682783
682783_seg_24000,682783
682783_seg_30000,682783
682783_seg_33000,682783
682783_seg_39000,682783
682783_seg_42000,682783
659797_seg_0,659797
659797_seg_3000,659797
659797_seg_6000,659797
659797_seg_9000,659797
659797_seg_12000,659797
659797_seg_15000,659797
659797_seg_18000,659797
659797_seg_21000,659797
659797_seg_30000,659797
659797_seg_33000,659797
659797_seg_36000,659797
659797_seg_39000,659797
659797_seg_45000,659797
659768_seg_0,659768
659768_seg_12000,659768
653264_seg_0,653264
653264_seg_3000,653264
653264_seg_6000,653264
653264_seg_12000,653264
650119_seg_0,650119
650119_seg_6000,650119
650119_seg_12000,650119
650119_seg_15000,650119
650119_seg_18000,650119
650119_seg_24000,650119
650119_seg_27000,650119
650119_seg_33000,650119
650119_seg_36000,650119
650119_seg_48000,650119
650119_seg_51000,650119
650119_seg_60000,650119
650119_seg_63000,650119
650119_seg_87000,650119
650119_seg_90000,650119
650119_seg_111000,650119
650119_seg_114000,650119
650119_seg_120000,650119
650119_seg_123000,650119
650119_seg_126000,650119
650119_seg_132000,650119
650119_seg_135000,650119
649523_seg_0,649523
649523_seg_6000,649523
649523_seg_15000,649523
649523_seg_18000,649523
649523_seg_21000,649523
649523_seg_27000,649523
649523_seg_33000,649523
649523_seg_36000,649523
649523_seg_42000,649523
649523_seg_48000,649523
649523_seg_57000,649523
649523_seg_63000,649523
649523_seg_69000,649523
649165_seg_39000,649165
649165_seg_51000,649165
649165_seg_60000,649165
649165_seg_63000,649165
649165_seg_66000,649165
649165_seg_72000,649165
649165_seg_78000,649165
649165_seg_87000,649165
649165_seg_96000,649165
649165_seg_99000,649165
649165_seg_105000,649165
649165_seg_108000,649165
649165_seg_114000,649165
647427_seg_0,647427
647427_seg_3000,647427
647427_seg_6000,647427
647427_seg_12000,647427
647427_seg_15000,647427
647427_seg_18000,647427
647427_seg_21000,647427
647427_seg_24000,647427
647427_seg_27000,647427
647427_seg_30000,647427
647427_seg_33000,647427
647427_seg_36000,647427
647427_seg_39000,647427
647427_seg_42000,647427
647427_seg_45000,647427
647427_seg_48000,647427
647427_seg_51000,647427
647427_seg_54000,647427
647427_seg_57000,647427
647427_seg_60000,647427
647427_seg_63000,647427
647427_seg_66000,647427
647427_seg_69000,647427
647427_seg_72000,647427
647427_seg_75000,647427
647427_seg_78000,647427
644945_seg_0,644945
644945_seg_6000,644945
644945_seg_9000,644945
644945_seg_15000,644945
644945_seg_18000,644945
644945_seg_24000,644945
644945_seg_27000,644945
644945_seg_30000,644945
644945_seg_33000,644945
644945_seg_36000,644945
644945_seg_39000,644945
644945_seg_42000,644945
644945_seg_45000,644945
644945_seg_48000,644945
644945_seg_51000,644945
644945_seg_54000,644945
644945_seg_57000,644945
644945_seg_60000,644945
644945_seg_63000,644945
644945_seg_66000,644945
644945_seg_69000,644945
644945_seg_72000,644945
644945_seg_75000,644945
644945_seg_78000,644945
644945_seg_81000,644945
644945_seg_84000,644945
644945_seg_87000,644945
644945_seg_90000,644945
644945_seg_93000,644945
644945_seg_96000,644945
644945_seg_99000,644945
644945_seg_102000,644945
644945_seg_105000,644945
644945_seg_108000,644945
644945_seg_111000,644945
644945_seg_114000,644945
644789_seg_0,644789
644789_seg_6000,644789
644789_seg_9000,644789
644789_seg_15000,644789
642636_seg_0,642636
642636_seg_3000,642636
642636_seg_12000,642636
642636_seg_15000,642636
642636_seg_18000,642636
642636_seg_24000,642636
642636_seg_27000,642636
642636_seg_33000,642636
642636_seg_36000,642636
642636_seg_42000,642636
642636_seg_48000,642636
642636_seg_54000,642636
642636_seg_60000,642636
642636_seg_66000,642636
642636_seg_72000,642636
642636_seg_75000,642636
642636_seg_78000,642636
642636_seg_81000,642636
642636_seg_84000,642636
642636_seg_93000,642636
641390_seg_27000,641390
641390_seg_30000,641390
641368_seg_0,641368
641368_seg_12000,641368
641368_seg_15000,641368
641368_seg_21000,641368
641218_seg_0,641218
641218_seg_3000,641218
641218_seg_6000,641218
641218_seg_9000,641218
641218_seg_12000,641218
641218_seg_15000,641218
641218_seg_18000,641218
641218_seg_21000,641218
641218_seg_27000,641218
641218_seg_30000,641218
641218_seg_36000,641218
641218_seg_39000,641218
641218_seg_42000,641218
641218_seg_45000,641218
641218_seg_51000,641218
641218_seg_54000,641218
641218_seg_60000,641218
641218_seg_63000,641218
641218_seg_69000,641218
641218_seg_72000,641218
641218_seg_78000,641218
641218_seg_81000,641218
641218_seg_90000,641218
641218_seg_93000,641218
641218_seg_99000,641218
641218_seg_102000,641218
635601_seg_0,635601
635601_seg_3000,635601
635601_seg_6000,635601
635601_seg_12000,635601
635601_seg_18000,635601
635601_seg_33000,635601
635601_seg_36000,635601
635601_seg_39000,635601
635601_seg_45000,635601
635601_seg_54000,635601
635601_seg_60000,635601
635601_seg_63000,635601
635601_seg_66000,635601
635601_seg_69000,635601
635601_seg_72000,635601
631744_seg_0,631744
631477_seg_0,631477
631477_seg_9000,631477
631477_seg_12000,631477
631477_seg_18000,631477
631477_seg_21000,631477
631477_seg_24000,631477
631477_seg_27000,631477
631477_seg_30000,631477
631477_seg_33000,631477
631477_seg_36000,631477
631477_seg_39000,631477
631477_seg_42000,631477
631477_seg_45000,631477
631477_seg_51000,631477
631477_seg_60000,631477
631477_seg_66000,631477
631477_seg_72000,631477
631477_seg_78000,631477
631477_seg_81000,631477
631477_seg_87000,631477
631477_seg_93000,631477
631477_seg_96000,631477
631477_seg_99000,631477
631477_seg_105000,631477
631477_seg_108000,631477
631477_seg_111000,631477
631477_seg_117000,631477
631477_seg_123000,631477
631477_seg_126000,631477
631477_seg_129000,631477
631477_seg_132000,631477
631477_seg_138000,631477
631477_seg_144000,631477
631477_seg_147000,631477
631477_seg_150000,631477
631477_seg_153000,631477
631477_seg_162000,631477
631477_seg_168000,631477
631477_seg_171000,631477
631477_seg_174000,631477
631477_seg_180000,631477
631477_seg_183000,631477
631477_seg_186000,631477
631477_seg_189000,631477
631477_seg_192000,631477
631477_seg_195000,631477
631477_seg_201000,631477
631477_seg_204000,631477
631477_seg_207000,631477
631477_seg_210000,631477
631477_seg_216000,631477
631477_seg_219000,631477
631477_seg_222000,631477
631477_seg_228000,631477
631477_seg_234000,631477
631477_seg_237000,631477
631477_seg_240000,631477
631477_seg_249000,631477
631477_seg_258000,631477
631477_seg_264000,631477
631477_seg_273000,631477
631477_seg_279000,631477
631477_seg_285000,631477
631477_seg_288000,631477
631477_seg_291000,631477
631477_seg_294000,631477
631477_seg_297000,631477
631477_seg_303000,631477
631477_seg_315000,631477
631477_seg_318000,631477
631477_seg_324000,631477
631477_seg_330000,631477
631477_seg_336000,631477
631477_seg_339000,631477
631477_seg_345000,631477
631477_seg_351000,631477
631477_seg_354000,631477
631477_seg_357000,631477
631477_seg_360000,631477
631477_seg_363000,631477
631477_seg_366000,631477
631477_seg_372000,631477
631477_seg_378000,631477
631477_seg_381000,631477
631477_seg_384000,631477
631477_seg_387000,631477
631477_seg_390000,631477
631477_seg_393000,631477
631477_seg_396000,631477
631477_seg_402000,631477
631477_seg_408000,631477
631477_seg_414000,631477
631477_seg_417000,631477
631477_seg_420000,631477
631477_seg_423000,631477
631477_seg_426000,631477
631477_seg_429000,631477
631477_seg_432000,631477
631477_seg_438000,631477
631477_seg_444000,631477
631477_seg_447000,631477
631477_seg_453000,631477
631477_seg_459000,631477
631477_seg_465000,631477
631477_seg_468000,631477
631477_seg_471000,631477
631477_seg_474000,631477
631477_seg_480000,631477
631477_seg_483000,631477
631477_seg_489000,631477
631477_seg_492000,631477
631477_seg_495000,631477
631477_seg_498000,631477
631477_seg_504000,631477
631477_seg_507000,631477
631477_seg_513000,631477
631477_seg_516000,631477
631477_seg_519000,631477
631477_seg_525000,631477
631477_seg_531000,631477
631477_seg_537000,631477
631477_seg_540000,631477
631477_seg_546000,631477
631477_seg_555000,631477
631477_seg_558000,631477
631477_seg_564000,631477
631477_seg_567000,631477
631477_seg_570000,631477
631477_seg_573000,631477
631477_seg_579000,631477
631477_seg_582000,631477
631477_seg_705000,631477
631477_seg_708000,631477
631477_seg_711000,631477
631477_seg_714000,631477
631477_seg_717000,631477
631477_seg_720000,631477
631477_seg_723000,631477
631477_seg_729000,631477
631477_seg_735000,631477
631477_seg_741000,631477
631477_seg_744000,631477
631477_seg_768000,631477
631477_seg_774000,631477
631477_seg_780000,631477
631477_seg_786000,631477
631477_seg_792000,631477
631477_seg_798000,631477
631477_seg_804000,631477
631477_seg_810000,631477
630951_seg_0,630951
630951_seg_6000,630951
630951_seg_12000,630951
630951_seg_18000,630951
627978_seg_0,627978
627276_seg_0,627276
627276_seg_3000,627276
627276_seg_6000,627276
627276_seg_12000,627276
627276_seg_18000,627276
627276_seg_21000,627276
627276_seg_24000,627276
627276_seg_27000,627276
627276_seg_30000,627276
627276_seg_33000,627276
627276_seg_36000,627276
627276_seg_39000,627276
627276_seg_42000,627276
627276_seg_48000,627276
627276_seg_51000,627276
627276_seg_54000,627276
627276_seg_57000,627276
627276_seg_60000,627276
627276_seg_66000,627276
627276_seg_69000,627276
627276_seg_72000,627276
627276_seg_75000,627276
627276_seg_78000,627276
602153_seg_3000,602153
602153_seg_9000,602153
602153_seg_12000,602153
602153_seg_15000,602153
602153_seg_18000,602153
602153_seg_21000,602153
602153_seg_27000,602153
602153_seg_30000,602153
602153_seg_36000,602153
602153_seg_45000,602153
602153_seg_48000,602153
602153_seg_54000,602153
602153_seg_60000,602153
602153_seg_63000,602153
602153_seg_66000,602153
602153_seg_69000,602153
602153_seg_75000,602153
602153_seg_81000,602153
602153_seg_87000,602153
602153_seg_93000,602153
602153_seg_96000,602153
602153_seg_99000,602153
602153_seg_105000,602153
602153_seg_108000,602153
602153_seg_111000,602153
602153_seg_114000,602153
602153_seg_117000,602153
602153_seg_120000,602153
602152_seg_0,602152
602152_seg_9000,602152
602151_seg_0,602151
602151_seg_3000,602151
602151_seg_6000,602151
602151_seg_9000,602151
602151_seg_12000,602151
602151_seg_15000,602151
602151_seg_18000,602151
602151_seg_21000,602151
602151_seg_24000,602151
602151_seg_27000,602151
602151_seg_30000,602151
602151_seg_33000,602151
602151_seg_36000,602151
602151_seg_42000,602151
602151_seg_48000,602151
602151_seg_54000,602151
602149_seg_0,602149
602149_seg_3000,602149
602149_seg_6000,602149
602149_seg_9000,602149
602149_seg_12000,602149
602149_seg_15000,602149
602149_seg_18000,602149
602149_seg_21000,602149
602149_seg_24000,602149
602149_seg_27000,602149
602149_seg_30000,602149
602149_seg_33000,602149
602149_seg_36000,602149
602149_seg_42000,602149
602149_seg_48000,602149
602149_seg_51000,602149
602149_seg_54000,602149
602149_seg_57000,602149
602149_seg_60000,602149
602149_seg_66000,602149
602149_seg_69000,602149
602149_seg_72000,602149
602149_seg_75000,602149
602149_seg_78000,602149
602149_seg_81000,602149
602149_seg_84000,602149
602149_seg_87000,602149
602149_seg_90000,602149
602149_seg_93000,602149
602149_seg_96000,602149
602149_seg_99000,602149
602148_seg_0,602148
602148_seg_3000,602148
602148_seg_6000,602148
602148_seg_9000,602148
602148_seg_12000,602148
602148_seg_15000,602148
593044_seg_0,593044
593044_seg_3000,593044
593044_seg_6000,593044
593044_seg_9000,593044
593044_seg_24000,593044
583661_seg_0,583661
583661_seg_6000,583661
583661_seg_15000,583661
583661_seg_21000,583661
583661_seg_27000,583661
583661_seg_33000,583661
583661_seg_36000,583661
583661_seg_39000,583661
583661_seg_42000,583661
581932_seg_15000,581932
581932_seg_18000,581932
581932_seg_21000,581932
581932_seg_24000,581932
581932_seg_48000,581932
581932_seg_78000,581932
581932_seg_87000,581932
581932_seg_90000,581932
581932_seg_93000,581932
581932_seg_99000,581932
581932_seg_105000,581932
581932_seg_108000,581932
581932_seg_111000,581932
581932_seg_117000,581932
581932_seg_120000,581932
581932_seg_126000,581932
581932_seg_129000,581932
581932_seg_135000,581932
581932_seg_138000,581932
581932_seg_159000,581932
581932_seg_177000,581932
581932_seg_180000,581932
581932_seg_183000,581932
581932_seg_186000,581932
581932_seg_189000,581932
581932_seg_192000,581932
581932_seg_195000,581932
581932_seg_198000,581932
581932_seg_201000,581932
581932_seg_204000,581932
581932_seg_210000,581932
581932_seg_219000,581932
581932_seg_225000,581932
581932_seg_228000,581932
581932_seg_231000,581932
581932_seg_234000,581932
581932_seg_237000,581932
581932_seg_240000,581932
581932_seg_243000,581932
581932_seg_249000,581932
581932_seg_252000,581932
581932_seg_255000,581932
581932_seg_258000,581932
581932_seg_261000,581932
581932_seg_267000,581932
581932_seg_270000,581932
581932_seg_273000,581932
581932_seg_276000,581932
581932_seg_279000,581932
581932_seg_282000,581932
581932_seg_285000,581932
581932_seg_288000,581932
581932_seg_294000,581932
581932_seg_297000,581932
581932_seg_300000,581932
581932_seg_303000,581932
581932_seg_306000,581932
581932_seg_309000,581932
581932_seg_312000,581932
581932_seg_318000,581932
581932_seg_324000,581932
581932_seg_330000,581932
581932_seg_333000,581932
581932_seg_336000,581932
581932_seg_339000,581932
581932_seg_342000,581932
581932_seg_345000,581932
581932_seg_348000,581932
581932_seg_351000,581932
581932_seg_354000,581932
581932_seg_357000,581932
581932_seg_360000,581932
581932_seg_363000,581932
581932_seg_369000,581932
581932_seg_372000,581932
581932_seg_375000,581932
553637_seg_0,553637
551734_seg_0,551734
551734_seg_6000,551734
551692_seg_0,551692
551692_seg_3000,551692
551692_seg_27000,551692
551692_seg_30000,551692
550313_seg_0,550313
550313_seg_3000,550313
550313_seg_6000,550313
550313_seg_9000,550313
550313_seg_12000,550313
550313_seg_15000,550313
550313_seg_18000,550313
550313_seg_21000,550313
550313_seg_24000,550313
550313_seg_27000,550313
550313_seg_30000,550313
550313_seg_33000,550313
550313_seg_36000,550313
550313_seg_39000,550313
550313_seg_42000,550313
550313_seg_45000,550313
550313_seg_48000,550313
550313_seg_51000,550313
550313_seg_54000,550313
550313_seg_57000,550313
550313_seg_60000,550313
550313_seg_63000,550313
545839_seg_6000,545839
545839_seg_12000,545839
545839_seg_18000,545839
545839_seg_21000,545839
545839_seg_24000,545839
545839_seg_27000,545839
545839_seg_36000,545839
545839_seg_39000,545839
545839_seg_45000,545839
545839_seg_60000,545839
545839_seg_63000,545839
545839_seg_78000,545839
545839_seg_84000,545839
545839_seg_99000,545839
545839_seg_108000,545839
545839_seg_111000,545839
545839_seg_117000,545839
545839_seg_123000,545839
545839_seg_126000,545839
545839_seg_135000,545839
545839_seg_147000,545839
545839_seg_150000,545839
545839_seg_153000,545839
545839_seg_156000,545839
545839_seg_162000,545839
545839_seg_165000,545839
545839_seg_168000,545839
545839_seg_171000,545839
545839_seg_222000,545839
545839_seg_228000,545839
545839_seg_234000,545839
545839_seg_237000,545839
545839_seg_240000,545839
545839_seg_243000,545839
545839_seg_246000,545839
545839_seg_249000,545839
545839_seg_252000,545839
545839_seg_261000,545839
545839_seg_267000,545839
545839_seg_273000,545839
543377_seg_0,543377
543377_seg_6000,543377
543377_seg_9000,543377
543377_seg_12000,543377
543377_seg_18000,543377
543377_seg_21000,543377
543377_seg_27000,543377
543377_seg_30000,543377
543377_seg_36000,543377
543377_seg_39000,543377
543377_seg_42000,543377
543377_seg_45000,543377
543377_seg_48000,543377
543377_seg_51000,543377
543377_seg_54000,543377
543377_seg_57000,543377
543377_seg_63000,543377
543377_seg_69000,543377
543377_seg_72000,543377
543377_seg_75000,543377
543377_seg_78000,543377
543377_seg_81000,543377
543377_seg_84000,543377
543377_seg_87000,543377
543377_seg_90000,543377
543377_seg_96000,543377
543375_seg_0,543375
543375_seg_3000,543375
543375_seg_6000,543375
543375_seg_9000,543375
543375_seg_15000,543375
543375_seg_21000,543375
543375_seg_27000,543375
543375_seg_30000,543375
543375_seg_36000,543375
541533_seg_0,541533
541533_seg_3000,541533
541533_seg_6000,541533
541533_seg_9000,541533
541533_seg_12000,541533
541533_seg_15000,541533
541533_seg_18000,541533
541531_seg_0,541531
541531_seg_27000,541531
541531_seg_30000,541531
541528_seg_0,541528
541528_seg_3000,541528
541528_seg_6000,541528
541528_seg_9000,541528
541528_seg_12000,541528
541528_seg_15000,541528
541528_seg_18000,541528
541528_seg_21000,541528
541528_seg_24000,541528
541528_seg_27000,541528
541528_seg_30000,541528
541528_seg_33000,541528
541528_seg_36000,541528
541528_seg_39000,541528
541528_seg_42000,541528
541528_seg_45000,541528
541528_seg_48000,541528
541528_seg_51000,541528
541528_seg_54000,541528
541528_seg_57000,541528
541528_seg_60000,541528
541528_seg_63000,541528
541528_seg_66000,541528
541528_seg_69000,541528
541528_seg_72000,541528
541528_seg_75000,541528
541528_seg_78000,541528
541528_seg_81000,541528
541528_seg_84000,541528
541528_seg_87000,541528
541526_seg_0,541526
541526_seg_3000,541526
541526_seg_9000,541526
541526_seg_18000,541526
541526_seg_21000,541526
541526_seg_24000,541526
541526_seg_27000,541526
541526_seg_33000,541526
541526_seg_42000,541526
541526_seg_45000,541526
541526_seg_48000,541526
541526_seg_51000,541526
541526_seg_54000,541526
541522_seg_0,541522
541517_seg_21000,541517
541517_seg_24000,541517
541517_seg_27000,541517
541517_seg_30000,541517
541517_seg_33000,541517
541517_seg_36000,541517
541517_seg_39000,541517
541517_seg_42000,541517
541517_seg_45000,541517
541517_seg_48000,541517
541517_seg_51000,541517
541517_seg_54000,541517
541517_seg_57000,541517
541517_seg_60000,541517
541517_seg_63000,541517
541517_seg_66000,541517
541517_seg_69000,541517
541517_seg_72000,541517
541517_seg_75000,541517
541517_seg_78000,541517
541517_seg_81000,541517
541517_seg_84000,541517
538945_seg_0,538945
538945_seg_3000,538945
538945_seg_6000,538945
538945_seg_9000,538945
538945_seg_12000,538945
538945_seg_15000,538945
538945_seg_18000,538945
538945_seg_21000,538945
538945_seg_24000,538945
538945_seg_27000,538945
538945_seg_30000,538945
538945_seg_33000,538945
538945_seg_36000,538945
538945_seg_39000,538945
538945_seg_42000,538945
538945_seg_45000,538945
538945_seg_48000,538945
538945_seg_51000,538945
538945_seg_54000,538945
538945_seg_60000,538945
538945_seg_63000,538945
538945_seg_66000,538945
537814_seg_0,537814
537814_seg_3000,537814
537814_seg_6000,537814
537814_seg_9000,537814
537814_seg_15000,537814
537814_seg_18000,537814
537814_seg_21000,537814
537814_seg_24000,537814
537814_seg_27000,537814
537814_seg_30000,537814
537814_seg_33000,537814
537814_seg_36000,537814
537814_seg_39000,537814
537814_seg_42000,537814
537814_seg_48000,537814
537814_seg_51000,537814
537814_seg_57000,537814
537814_seg_60000,537814
537813_seg_0,537813
537813_seg_3000,537813
537813_seg_6000,537813
537813_seg_9000,537813
537813_seg_12000,537813
537813_seg_15000,537813
537813_seg_21000,537813
537813_seg_24000,537813
537813_seg_27000,537813
537813_seg_30000,537813
537813_seg_36000,537813
537813_seg_42000,537813
537813_seg_45000,537813
537813_seg_48000,537813
537813_seg_51000,537813
537813_seg_54000,537813
537813_seg_57000,537813
537813_seg_60000,537813
537813_seg_63000,537813
537813_seg_66000,537813
537813_seg_69000,537813
537813_seg_72000,537813
537813_seg_75000,537813
537813_seg_78000,537813
537813_seg_81000,537813
537813_seg_84000,537813
537813_seg_87000,537813
537813_seg_90000,537813
537813_seg_96000,537813
537813_seg_102000,537813
537813_seg_108000,537813
537813_seg_111000,537813
537813_seg_117000,537813
537813_seg_126000,537813
537813_seg_129000,537813
537813_seg_132000,537813
537813_seg_138000,537813
536592_seg_0,536592
536592_seg_3000,536592
536592_seg_6000,536592
536592_seg_15000,536592
536592_seg_24000,536592
536592_seg_30000,536592
536587_seg_0,536587
536587_seg_3000,536587
536587_seg_27000,536587
536587_seg_51000,536587
536136_seg_0,536136
536136_seg_3000,536136
536136_seg_6000,536136
536136_seg_9000,536136
536136_seg_12000,536136
536136_seg_15000,536136
536136_seg_18000,536136
536136_seg_21000,536136
536136_seg_24000,536136
536136_seg_27000,536136
536136_seg_30000,536136
536136_seg_33000,536136
536136_seg_36000,536136
536136_seg_39000,536136
536136_seg_42000,536136
536136_seg_45000,536136
536136_seg_48000,536136
536136_seg_51000,536136
536136_seg_54000,536136
536136_seg_57000,536136
536136_seg_60000,536136
536136_seg_63000,536136
536136_seg_66000,536136
536136_seg_69000,536136
536136_seg_75000,536136
536136_seg_78000,536136
536136_seg_81000,536136
536136_seg_84000,536136
536136_seg_87000,536136
536136_seg_90000,536136
536136_seg_93000,536136
536136_seg_96000,536136
536136_seg_99000,536136
536136_seg_102000,536136
536136_seg_105000,536136
536136_seg_108000,536136
536136_seg_111000,536136
536136_seg_114000,536136
536136_seg_117000,536136
536136_seg_120000,536136
536136_seg_123000,536136
536136_seg_132000,536136
536136_seg_135000,536136
536136_seg_138000,536136
536136_seg_141000,536136
536136_seg_144000,536136
536136_seg_147000,536136
536136_seg_150000,536136
536136_seg_153000,536136
536136_seg_156000,536136
536136_seg_159000,536136
536136_seg_162000,536136
536136_seg_165000,536136
536136_seg_168000,536136
536136_seg_171000,536136
536136_seg_174000,536136
536136_seg_177000,536136
536136_seg_180000,536136
536136_seg_183000,536136
536136_seg_186000,536136
536136_seg_189000,536136
536136_seg_195000,536136
536136_seg_198000,536136
536136_seg_201000,536136
536136_seg_204000,536136
536136_seg_207000,536136
536136_seg_210000,536136
536136_seg_213000,536136
535697_seg_0,535697
535697_seg_6000,535697
535697_seg_12000,535697
535697_seg_18000,535697
535697_seg_21000,535697
535697_seg_24000,535697
535697_seg_27000,535697
535697_seg_30000,535697
535697_seg_33000,535697
535697_seg_36000,535697
535697_seg_39000,535697
535697_seg_42000,535697
535697_seg_48000,535697
535697_seg_51000,535697
535697_seg_54000,535697
535697_seg_57000,535697
535697_seg_60000,535697
535697_seg_63000,535697
535694_seg_0,535694
535694_seg_3000,535694
535694_seg_6000,535694
535694_seg_9000,535694
535694_seg_12000,535694
535694_seg_15000,535694
535694_seg_21000,535694
535694_seg_24000,535694
535694_seg_27000,535694
535694_seg_30000,535694
533700_seg_27000,533700
533700_seg_42000,533700
533700_seg_45000,533700
533700_seg_48000,533700
533700_seg_51000,533700
533700_seg_54000,533700
533700_seg_57000,533700
533700_seg_60000,533700
533700_seg_63000,533700
533700_seg_69000,533700
533700_seg_72000,533700
533700_seg_75000,533700
533700_seg_78000,533700
533700_seg_81000,533700
516323_seg_0,516323
516323_seg_3000,516323
516323_seg_12000,516323
516323_seg_15000,516323
516323_seg_18000,516323
516323_seg_21000,516323
516323_seg_27000,516323
516323_seg_30000,516323
516323_seg_33000,516323
505777_seg_0,505777
505777_seg_3000,505777
505777_seg_6000,505777
505777_seg_9000,505777
505777_seg_12000,505777
505777_seg_18000,505777
505777_seg_21000,505777
505777_seg_24000,505777
505777_seg_30000,505777
505777_seg_33000,505777
505777_seg_36000,505777
505777_seg_39000,505777
505777_seg_45000,505777
505777_seg_48000,505777
505777_seg_51000,505777
478194_seg_0,478194
478194_seg_3000,478194
478194_seg_6000,478194
478194_seg_9000,478194
478194_seg_12000,478194
478194_seg_18000,478194
478194_seg_24000,478194
478194_seg_30000,478194
478194_seg_39000,478194
478194_seg_45000,478194
478194_seg_51000,478194
471713_seg_0,471713
471713_seg_6000,471713
471713_seg_9000,471713
471713_seg_12000,471713
471713_seg_15000,471713
471713_seg_24000,471713
471713_seg_30000,471713
471713_seg_33000,471713
471713_seg_36000,471713
471713_seg_39000,471713
471713_seg_54000,471713
471713_seg_57000,471713
471713_seg_66000,471713
471713_seg_72000,471713
471713_seg_78000,471713
471713_seg_84000,471713
471713_seg_93000,471713
471713_seg_99000,471713
471713_seg_102000,471713
471713_seg_105000,471713
471713_seg_108000,471713
471713_seg_111000,471713
471713_seg_114000,471713
471713_seg_117000,471713
471713_seg_126000,471713
471713_seg_129000,471713
471713_seg_132000,471713
471713_seg_135000,471713
471713_seg_138000,471713
467945_seg_3000,467945
467945_seg_6000,467945
467945_seg_12000,467945
467945_seg_15000,467945
467945_seg_24000,467945
467945_seg_27000,467945
467945_seg_36000,467945
467945_seg_45000,467945
467945_seg_48000,467945
467945_seg_54000,467945
467945_seg_57000,467945
467945_seg_63000,467945
467945_seg_66000,467945
467944_seg_0,467944
467944_seg_3000,467944
467944_seg_9000,467944
467944_seg_12000,467944
467944_seg_15000,467944
467944_seg_18000,467944
467944_seg_21000,467944
467944_seg_24000,467944
467944_seg_30000,467944
467687_seg_0,467687
467687_seg_9000,467687
467687_seg_102000,467687
462833_seg_0,462833
462833_seg_3000,462833
462833_seg_6000,462833
462833_seg_9000,462833
462833_seg_12000,462833
462833_seg_18000,462833
462833_seg_21000,462833
462833_seg_24000,462833
462833_seg_27000,462833
462833_seg_30000,462833
462833_seg_33000,462833
462833_seg_36000,462833
462833_seg_39000,462833
462833_seg_42000,462833
462833_seg_45000,462833
462833_seg_48000,462833
462833_seg_51000,462833
462833_seg_54000,462833
462833_seg_57000,462833
462833_seg_60000,462833
462833_seg_63000,462833
462833_seg_66000,462833
462833_seg_69000,462833
462833_seg_72000,462833
462833_seg_75000,462833
462833_seg_78000,462833
462833_seg_81000,462833
462833_seg_84000,462833
462833_seg_87000,462833
462833_seg_90000,462833
462833_seg_93000,462833
462833_seg_96000,462833
462833_seg_99000,462833
462833_seg_102000,462833
462833_seg_105000,462833
462833_seg_108000,462833
462833_seg_111000,462833
462833_seg_114000,462833
462833_seg_117000,462833
462833_seg_120000,462833
462833_seg_126000,462833
462833_seg_132000,462833
462833_seg_135000,462833
462833_seg_138000,462833
462833_seg_141000,462833
462833_seg_147000,462833
462833_seg_150000,462833
462833_seg_153000,462833
462833_seg_156000,462833
462833_seg_159000,462833
462714_seg_0,462714
462714_seg_3000,462714
462714_seg_6000,462714
462714_seg_9000,462714
462714_seg_12000,462714
462714_seg_15000,462714
462714_seg_18000,462714
462714_seg_21000,462714
462714_seg_24000,462714
462714_seg_27000,462714
462714_seg_30000,462714
462714_seg_33000,462714
462714_seg_36000,462714
462709_seg_0,462709
462709_seg_3000,462709
462709_seg_6000,462709
462709_seg_18000,462709
462709_seg_24000,462709
462709_seg_27000,462709
462709_seg_33000,462709
462704_seg_3000,462704
462704_seg_6000,462704
462704_seg_18000,462704
462704_seg_24000,462704
462704_seg_27000,462704
462704_seg_36000,462704
462704_seg_39000,462704
438243_seg_0,438243
438243_seg_3000,438243
438243_seg_6000,438243
438243_seg_9000,438243
438243_seg_12000,438243
438243_seg_15000,438243
438243_seg_18000,438243
438243_seg_21000,438243
438243_seg_24000,438243
438243_seg_27000,438243
438243_seg_30000,438243
438243_seg_33000,438243
438243_seg_39000,438243
438243_seg_42000,438243
438243_seg_45000,438243
438243_seg_48000,438243
438243_seg_51000,438243
438243_seg_54000,438243
438243_seg_57000,438243
438243_seg_63000,438243
438243_seg_66000,438243
437705_seg_0,437705
437705_seg_3000,437705
437705_seg_9000,437705
437705_seg_12000,437705
437705_seg_18000,437705
437705_seg_21000,437705
437705_seg_27000,437705
437705_seg_30000,437705
437705_seg_33000,437705
437705_seg_39000,437705
437705_seg_42000,437705
437705_seg_45000,437705
437705_seg_51000,437705
437705_seg_54000,437705
437705_seg_60000,437705
437705_seg_63000,437705
437705_seg_69000,437705
437705_seg_72000,437705
437705_seg_75000,437705
437705_seg_81000,437705
437705_seg_90000,437705
437705_seg_93000,437705
437705_seg_96000,437705
437705_seg_99000,437705
437705_seg_102000,437705
437705_seg_105000,437705
437705_seg_108000,437705
437705_seg_111000,437705
437705_seg_114000,437705
437705_seg_117000,437705
437705_seg_120000,437705
437705_seg_123000,437705
437705_seg_126000,437705
437705_seg_129000,437705
437705_seg_132000,437705
437705_seg_135000,437705
436195_seg_0,436195
436195_seg_3000,436195
436195_seg_6000,436195
436195_seg_9000,436195
436195_seg_12000,436195
436195_seg_15000,436195
436195_seg_18000,436195
436195_seg_21000,436195
436195_seg_24000,436195
436195_seg_30000,436195
436195_seg_33000,436195
436195_seg_36000,436195
436195_seg_39000,436195
436195_seg_42000,436195
436195_seg_45000,436195
436195_seg_51000,436195
417023_seg_0,417023
417023_seg_3000,417023
417023_seg_6000,417023
417023_seg_9000,417023
417023_seg_15000,417023
417023_seg_18000,417023
417023_seg_24000,417023
417023_seg_27000,417023
417023_seg_33000,417023
417023_seg_36000,417023
417023_seg_39000,417023
417023_seg_45000,417023
417023_seg_51000,417023
407134_seg_0,407134
407134_seg_3000,407134
407134_seg_9000,407134
407134_seg_12000,407134
407134_seg_21000,407134
407134_seg_24000,407134
407134_seg_30000,407134
407134_seg_33000,407134
407134_seg_57000,407134
407134_seg_60000,407134
407134_seg_66000,407134
407134_seg_84000,407134
407134_seg_87000,407134
407134_seg_102000,407134
407134_seg_105000,407134
407134_seg_114000,407134
407134_seg_117000,407134
407131_seg_0,407131
407131_seg_3000,407131
407131_seg_6000,407131
407131_seg_9000,407131
407131_seg_12000,407131
407131_seg_15000,407131
407131_seg_18000,407131
407131_seg_21000,407131
407131_seg_24000,407131
407131_seg_27000,407131
407131_seg_30000,407131
407131_seg_36000,407131
407131_seg_39000,407131
407131_seg_42000,407131
407131_seg_45000,407131
407131_seg_48000,407131
407131_seg_51000,407131
407131_seg_54000,407131
407131_seg_57000,407131
407131_seg_60000,407131
407130_seg_0,407130
407130_seg_3000,407130
407130_seg_6000,407130
407130_seg_9000,407130
407130_seg_12000,407130
407130_seg_15000,407130
407130_seg_18000,407130
407130_seg_21000,407130
407130_seg_24000,407130
407130_seg_27000,407130
407130_seg_30000,407130
407130_seg_33000,407130
407130_seg_36000,407130
407130_seg_39000,407130
407130_seg_42000,407130
407130_seg_45000,407130
407130_seg_48000,407130
407130_seg_54000,407130
407130_seg_60000,407130
407130_seg_63000,407130
407130_seg_66000,407130
407129_seg_0,407129
407129_seg_3000,407129
407129_seg_6000,407129
407129_seg_9000,407129
407129_seg_12000,407129
407129_seg_15000,407129
407129_seg_18000,407129
407129_seg_21000,407129
407129_seg_24000,407129
407129_seg_27000,407129
407129_seg_30000,407129
407129_seg_33000,407129
407129_seg_36000,407129
407129_seg_39000,407129
407129_seg_42000,407129
406287_seg_0,406287
406287_seg_6000,406287
406287_seg_9000,406287
406287_seg_12000,406287
406287_seg_15000,406287
406287_seg_18000,406287
406287_seg_21000,406287
406287_seg_24000,406287
406286_seg_0,406286
406286_seg_3000,406286
406286_seg_6000,406286
406286_seg_9000,406286
406286_seg_15000,406286
406286_seg_18000,406286
402253_seg_0,402253
402253_seg_6000,402253
402253_seg_12000,402253
402253_seg_18000,402253
402253_seg_21000,402253
402253_seg_27000,402253
402253_seg_30000,402253
402253_seg_33000,402253
402253_seg_36000,402253
402253_seg_39000,402253
402253_seg_48000,402253
402253_seg_54000,402253
402253_seg_60000,402253
402253_seg_69000,402253
402253_seg_72000,402253
402253_seg_78000,402253
402253_seg_81000,402253
402253_seg_84000,402253
402252_seg_0,402252
402252_seg_6000,402252
402252_seg_9000,402252
402252_seg_12000,402252
402252_seg_15000,402252
402252_seg_18000,402252
402252_seg_21000,402252
402252_seg_24000,402252
402252_seg_27000,402252
402252_seg_30000,402252
402252_seg_33000,402252
402252_seg_36000,402252
402252_seg_42000,402252
402252_seg_48000,402252
402252_seg_51000,402252
402252_seg_54000,402252
402252_seg_57000,402252
402252_seg_60000,402252
402252_seg_63000,402252
402252_seg_69000,402252
402252_seg_72000,402252
402251_seg_0,402251
402251_seg_3000,402251
402251_seg_9000,402251
402251_seg_12000,402251
402251_seg_15000,402251
402251_seg_21000,402251
384625_seg_0,384625
384625_seg_3000,384625
384625_seg_12000,384625
384625_seg_18000,384625
384625_seg_21000,384625
384625_seg_30000,384625
384625_seg_39000,384625
384622_seg_0,384622
384622_seg_3000,384622
384622_seg_6000,384622
384622_seg_9000,384622
384622_seg_12000,384622
384622_seg_15000,384622
384622_seg_18000,384622
384622_seg_21000,384622
384622_seg_24000,384622
384622_seg_27000,384622
384622_seg_30000,384622
381182_seg_0,381182
381182_seg_3000,381182
381182_seg_6000,381182
381182_seg_9000,381182
381182_seg_12000,381182
381182_seg_18000,381182
381182_seg_21000,381182
381182_seg_24000,381182
381182_seg_30000,381182
381182_seg_33000,381182
381182_seg_36000,381182
381182_seg_39000,381182
381182_seg_45000,381182
381182_seg_48000,381182
381182_seg_51000,381182
371625_seg_0,371625
371625_seg_3000,371625
371625_seg_6000,371625
371625_seg_12000,371625
371625_seg_15000,371625
371625_seg_18000,371625
371625_seg_21000,371625
371625_seg_24000,371625
371457_seg_36000,371457
371457_seg_39000,371457
371457_seg_42000,371457
371457_seg_45000,371457
371457_seg_51000,371457
371457_seg_54000,371457
371457_seg_57000,371457
371457_seg_60000,371457
371457_seg_63000,371457
371430_seg_0,371430
371430_seg_3000,371430
371430_seg_9000,371430
371430_seg_12000,371430
371430_seg_15000,371430
371430_seg_18000,371430
371430_seg_21000,371430
371430_seg_24000,371430
371430_seg_27000,371430
371430_seg_30000,371430
371430_seg_33000,371430
371430_seg_36000,371430
371430_seg_39000,371430
371430_seg_42000,371430
371430_seg_45000,371430
371430_seg_51000,371430
371430_seg_54000,371430
371430_seg_57000,371430
371430_seg_63000,371430
371430_seg_66000,371430
371430_seg_69000,371430
371430_seg_75000,371430
371430_seg_78000,371430
361979_seg_0,361979
361979_seg_3000,361979
361979_seg_6000,361979
361979_seg_9000,361979
361979_seg_12000,361979
361979_seg_15000,361979
361979_seg_18000,361979
361979_seg_21000,361979
361979_seg_24000,361979
361979_seg_27000,361979
361979_seg_30000,361979
361979_seg_33000,361979
361979_seg_36000,361979
361979_seg_39000,361979
361979_seg_42000,361979
361979_seg_45000,361979
361979_seg_48000,361979
361979_seg_51000,361979
361979_seg_54000,361979
361979_seg_57000,361979
361979_seg_60000,361979
361979_seg_66000,361979
361979_seg_69000,361979
361979_seg_72000,361979
361979_seg_75000,361979
361979_seg_78000,361979
361979_seg_81000,361979
361979_seg_84000,361979
361979_seg_87000,361979
361979_seg_90000,361979
361979_seg_93000,361979
361979_seg_96000,361979
361979_seg_99000,361979
361979_seg_102000,361979
361979_seg_105000,361979
359045_seg_0,359045
359045_seg_6000,359045
359045_seg_12000,359045
357767_seg_0,357767
357767_seg_3000,357767
357767_seg_6000,357767
357767_seg_9000,357767
357767_seg_12000,357767
357767_seg_15000,357767
357767_seg_18000,357767
357767_seg_21000,357767
357767_seg_24000,357767
357767_seg_27000,357767
357767_seg_30000,357767
357767_seg_33000,357767
351439_seg_3000,351439
351439_seg_9000,351439
351439_seg_12000,351439
351439_seg_18000,351439
351439_seg_27000,351439
351439_seg_33000,351439
351439_seg_39000,351439
351439_seg_42000,351439
351439_seg_45000,351439
351439_seg_48000,351439
351439_seg_51000,351439
351439_seg_54000,351439
351439_seg_57000,351439
351439_seg_60000,351439
351439_seg_63000,351439
351439_seg_69000,351439
351439_seg_72000,351439
351439_seg_75000,351439
351439_seg_81000,351439
351439_seg_84000,351439
351439_seg_87000,351439
351439_seg_90000,351439
351439_seg_93000,351439
351439_seg_96000,351439
351439_seg_102000,351439
351439_seg_108000,351439
351439_seg_111000,351439
351439_seg_114000,351439
351439_seg_117000,351439
351439_seg_120000,351439
351439_seg_123000,351439
351439_seg_126000,351439
351439_seg_132000,351439
351439_seg_138000,351439
351439_seg_144000,351439
351439_seg_147000,351439
351439_seg_150000,351439
351439_seg_153000,351439
351439_seg_156000,351439
351439_seg_162000,351439
351439_seg_165000,351439
351439_seg_168000,351439
351439_seg_171000,351439
351439_seg_174000,351439
351439_seg_177000,351439
351439_seg_180000,351439
351439_seg_183000,351439
351439_seg_186000,351439
351439_seg_189000,351439
351439_seg_192000,351439
351439_seg_195000,351439
351439_seg_201000,351439
351439_seg_207000,351439
351439_seg_213000,351439
351439_seg_216000,351439
351439_seg_219000,351439
351439_seg_222000,351439
351439_seg_225000,351439
351439_seg_228000,351439
351439_seg_231000,351439
351439_seg_237000,351439
351439_seg_243000,351439
351439_seg_246000,351439
351439_seg_249000,351439
351439_seg_252000,351439
351439_seg_255000,351439
351439_seg_258000,351439
351439_seg_261000,351439
351439_seg_267000,351439
351439_seg_270000,351439
351439_seg_273000,351439
351439_seg_282000,351439
351439_seg_285000,351439
351439_seg_288000,351439
351439_seg_291000,351439
351439_seg_294000,351439
351439_seg_300000,351439
351439_seg_306000,351439
351439_seg_309000,351439
351439_seg_312000,351439
351439_seg_315000,351439
351439_seg_318000,351439
351439_seg_321000,351439
351439_seg_324000,351439
351439_seg_327000,351439
351439_seg_330000,351439
351439_seg_333000,351439
351439_seg_339000,351439
351439_seg_342000,351439
351439_seg_345000,351439
351439_seg_348000,351439
351439_seg_351000,351439
351439_seg_354000,351439
351439_seg_357000,351439
351439_seg_360000,351439
351439_seg_363000,351439
351439_seg_366000,351439
351439_seg_369000,351439
351439_seg_372000,351439
351439_seg_375000,351439
351439_seg_381000,351439
351439_seg_384000,351439
351439_seg_387000,351439
351439_seg_390000,351439
351439_seg_396000,351439
351439_seg_399000,351439
351439_seg_402000,351439
351439_seg_405000,351439
351439_seg_411000,351439
351439_seg_417000,351439
351439_seg_420000,351439
351439_seg_423000,351439
351439_seg_429000,351439
351439_seg_435000,351439
351439_seg_438000,351439
351439_seg_444000,351439
351439_seg_447000,351439
351439_seg_453000,351439
351439_seg_459000,351439
351439_seg_462000,351439
351439_seg_465000,351439
351439_seg_468000,351439
351439_seg_471000,351439
351439_seg_474000,351439
351439_seg_480000,351439
351439_seg_483000,351439
351439_seg_486000,351439
351439_seg_489000,351439
351439_seg_495000,351439
351439_seg_498000,351439
351439_seg_501000,351439
351439_seg_504000,351439
351439_seg_510000,351439
351439_seg_513000,351439
351439_seg_519000,351439
351439_seg_525000,351439
351439_seg_528000,351439
351439_seg_534000,351439
351439_seg_537000,351439
351439_seg_540000,351439
351439_seg_543000,351439
351439_seg_549000,351439
351439_seg_552000,351439
351439_seg_555000,351439
351439_seg_558000,351439
351439_seg_561000,351439
351439_seg_567000,351439
351439_seg_573000,351439
351439_seg_576000,351439
351439_seg_579000,351439
351439_seg_582000,351439
351439_seg_588000,351439
351439_seg_591000,351439
351439_seg_594000,351439
351439_seg_597000,351439
351439_seg_600000,351439
351439_seg_603000,351439
351439_seg_609000,351439
351439_seg_612000,351439
351439_seg_615000,351439
351439_seg_618000,351439
351439_seg_624000,351439
351439_seg_627000,351439
351439_seg_630000,351439
351439_seg_633000,351439
351439_seg_636000,351439
351439_seg_639000,351439
351439_seg_642000,351439
351439_seg_645000,351439
351439_seg_648000,351439
351439_seg_651000,351439
351439_seg_654000,351439
351439_seg_660000,351439
351439_seg_666000,351439
351439_seg_672000,351439
351439_seg_678000,351439
351439_seg_681000,351439
351439_seg_684000,351439
351439_seg_687000,351439
351439_seg_690000,351439
348069_seg_0,348069
337767_seg_0,337767
337767_seg_3000,337767
337767_seg_6000,337767
337767_seg_9000,337767
337767_seg_12000,337767
337767_seg_24000,337767
337767_seg_27000,337767
337767_seg_30000,337767
337767_seg_42000,337767
337767_seg_48000,337767
337767_seg_54000,337767
337767_seg_60000,337767
337767_seg_72000,337767
337767_seg_75000,337767
337767_seg_81000,337767
337767_seg_87000,337767
337767_seg_90000,337767
337767_seg_93000,337767
337767_seg_96000,337767
337767_seg_99000,337767
337767_seg_111000,337767
337767_seg_129000,337767
337767_seg_162000,337767
337767_seg_168000,337767
331371_seg_0,331371
331371_seg_6000,331371
331371_seg_9000,331371
331371_seg_15000,331371
331371_seg_18000,331371
331371_seg_24000,331371
331371_seg_27000,331371
331371_seg_33000,331371
331371_seg_36000,331371
331371_seg_39000,331371
331371_seg_45000,331371
331371_seg_48000,331371
331371_seg_51000,331371
331371_seg_54000,331371
331371_seg_57000,331371
331371_seg_60000,331371
331371_seg_81000,331371
331371_seg_84000,331371
331371_seg_90000,331371
331371_seg_96000,331371
315677_seg_0,315677
315677_seg_6000,315677
315677_seg_9000,315677
315677_seg_15000,315677
315677_seg_18000,315677
315677_seg_24000,315677
315677_seg_27000,315677
315677_seg_33000,315677
315677_seg_36000,315677
315677_seg_39000,315677
315677_seg_42000,315677
309830_seg_0,309830
309830_seg_3000,309830
309830_seg_6000,309830
309830_seg_9000,309830
309830_seg_12000,309830
309830_seg_15000,309830
309830_seg_18000,309830
309830_seg_21000,309830
309830_seg_27000,309830
309830_seg_33000,309830
309830_seg_36000,309830
309830_seg_39000,309830
309830_seg_45000,309830
309830_seg_51000,309830
309830_seg_54000,309830
309828_seg_0,309828
309828_seg_3000,309828
309828_seg_12000,309828
309828_seg_21000,309828
309828_seg_24000,309828
309828_seg_33000,309828
309828_seg_36000,309828
309828_seg_42000,309828
309828_seg_45000,309828
309828_seg_51000,309828
309828_seg_57000,309828
309828_seg_66000,309828
309826_seg_0,309826
309826_seg_3000,309826
309826_seg_6000,309826
309826_seg_15000,309826
309826_seg_27000,309826
309826_seg_30000,309826
309826_seg_39000,309826
309824_seg_0,309824
309824_seg_3000,309824
309824_seg_9000,309824
309824_seg_15000,309824
309824_seg_21000,309824
309824_seg_24000,309824
309824_seg_27000,309824
309824_seg_30000,309824
309824_seg_33000,309824
309824_seg_36000,309824
309824_seg_42000,309824
304754_seg_0,304754
304754_seg_9000,304754
304754_seg_15000,304754
304754_seg_18000,304754
304754_seg_24000,304754
304754_seg_33000,304754
304754_seg_39000,304754
304754_seg_45000,304754
304754_seg_51000,304754
304754_seg_63000,304754
304754_seg_69000,304754
304754_seg_72000,304754
304752_seg_0,304752
304752_seg_3000,304752
304752_seg_9000,304752
304752_seg_12000,304752
304752_seg_18000,304752
304752_seg_30000,304752
304752_seg_33000,304752
304752_seg_39000,304752
304752_seg_42000,304752
304752_seg_48000,304752
304747_seg_0,304747
304747_seg_3000,304747
304747_seg_6000,304747
304747_seg_9000,304747
304747_seg_12000,304747
304747_seg_15000,304747
304747_seg_18000,304747
304747_seg_21000,304747
304747_seg_24000,304747
304747_seg_27000,304747
304747_seg_30000,304747
304747_seg_33000,304747
304747_seg_36000,304747
304747_seg_39000,304747
304747_seg_42000,304747
304747_seg_45000,304747
304746_seg_0,304746
304746_seg_3000,304746
304746_seg_6000,304746
304746_seg_9000,304746
304746_seg_12000,304746
304746_seg_15000,304746
304746_seg_18000,304746
304746_seg_21000,304746
304746_seg_24000,304746
304746_seg_27000,304746
304746_seg_30000,304746
304746_seg_33000,304746
304746_seg_36000,304746
304746_seg_39000,304746
304746_seg_42000,304746
304746_seg_45000,304746
304746_seg_51000,304746
304746_seg_54000,304746
304746_seg_60000,304746
304746_seg_63000,304746
304746_seg_66000,304746
304746_seg_69000,304746
304746_seg_72000,304746
304746_seg_78000,304746
304746_seg_84000,304746
304746_seg_87000,304746
304746_seg_90000,304746
304746_seg_93000,304746
304746_seg_99000,304746
304746_seg_108000,304746
304746_seg_117000,304746
304746_seg_120000,304746
304746_seg_123000,304746
304746_seg_126000,304746
304745_seg_0,304745
304745_seg_3000,304745
304745_seg_9000,304745
304745_seg_12000,304745
304745_seg_15000,304745
304745_seg_21000,304745
304745_seg_33000,304745
304745_seg_39000,304745
304745_seg_42000,304745
304745_seg_48000,304745
304745_seg_51000,304745
304745_seg_54000,304745
303440_seg_0,303440
303440_seg_3000,303440
303440_seg_6000,303440
303440_seg_9000,303440
303440_seg_12000,303440
303440_seg_15000,303440
303440_seg_18000,303440
303440_seg_21000,303440
303440_seg_24000,303440
303440_seg_27000,303440
303440_seg_30000,303440
303440_seg_33000,303440
303440_seg_36000,303440
303440_seg_39000,303440
303440_seg_42000,303440
303440_seg_45000,303440
303440_seg_48000,303440
303440_seg_51000,303440
303440_seg_54000,303440
303440_seg_57000,303440
303440_seg_60000,303440
303440_seg_63000,303440
303440_seg_66000,303440
303437_seg_0,303437
303437_seg_3000,303437
303437_seg_6000,303437
303437_seg_9000,303437
303437_seg_15000,303437
303437_seg_18000,303437
303437_seg_21000,303437
303437_seg_24000,303437
303436_seg_0,303436
303436_seg_6000,303436
303436_seg_9000,303436
303436_seg_12000,303436
303436_seg_15000,303436
303436_seg_18000,303436
303436_seg_21000,303436
303436_seg_27000,303436
303436_seg_30000,303436
303436_seg_36000,303436
303436_seg_42000,303436
303436_seg_48000,303436
303436_seg_51000,303436
303436_seg_54000,303436
303436_seg_57000,303436
303436_seg_60000,303436
303436_seg_66000,303436
303436_seg_69000,303436
303422_seg_0,303422
303422_seg_3000,303422
303422_seg_9000,303422
303422_seg_12000,303422
303422_seg_15000,303422
303422_seg_21000,303422
303422_seg_24000,303422
303422_seg_30000,303422
303422_seg_33000,303422
303422_seg_39000,303422
303422_seg_42000,303422
303422_seg_45000,303422
303422_seg_48000,303422
303422_seg_57000,303422
303422_seg_60000,303422
303422_seg_63000,303422
303422_seg_66000,303422
303416_seg_0,303416
303416_seg_6000,303416
303416_seg_12000,303416
303416_seg_15000,303416
303416_seg_18000,303416
303416_seg_24000,303416
303416_seg_30000,303416
303416_seg_36000,303416
303404_seg_0,303404
303404_seg_6000,303404
303404_seg_9000,303404
303404_seg_12000,303404
303404_seg_15000,303404
303404_seg_24000,303404
303404_seg_27000,303404
303404_seg_39000,303404
303404_seg_45000,303404
303403_seg_0,303403
303403_seg_3000,303403
303403_seg_6000,303403
303403_seg_9000,303403
303403_seg_12000,303403
303403_seg_15000,303403
303403_seg_21000,303403
303403_seg_24000,303403
303403_seg_27000,303403
303403_seg_33000,303403
303403_seg_36000,303403
303403_seg_39000,303403
303403_seg_42000,303403
303403_seg_48000,303403
303403_seg_51000,303403
303403_seg_54000,303403
303403_seg_57000,303403
303403_seg_60000,303403
303403_seg_63000,303403
303395_seg_0,303395
303395_seg_6000,303395
303395_seg_9000,303395
303395_seg_21000,303395
303395_seg_24000,303395
303321_seg_3000,303321
303321_seg_9000,303321
303321_seg_21000,303321
303321_seg_27000,303321
303321_seg_33000,303321
303321_seg_36000,303321
303321_seg_39000,303321
303321_seg_42000,303321
303321_seg_45000,303321
303321_seg_48000,303321
303321_seg_51000,303321
303321_seg_54000,303321
303321_seg_57000,303321
303321_seg_60000,303321
303321_seg_63000,303321
303321_seg_66000,303321
303321_seg_69000,303321
303321_seg_72000,303321
303321_seg_78000,303321
303321_seg_81000,303321
303321_seg_84000,303321
303321_seg_87000,303321
303321_seg_90000,303321
303321_seg_96000,303321
303321_seg_102000,303321
303321_seg_105000,303321
303321_seg_108000,303321
303321_seg_111000,303321
303321_seg_117000,303321
303321_seg_126000,303321
303321_seg_129000,303321
303321_seg_135000,303321
303321_seg_138000,303321
303321_seg_141000,303321
303321_seg_144000,303321
303321_seg_147000,303321
303321_seg_150000,303321
303321_seg_153000,303321
303321_seg_156000,303321
303321_seg_159000,303321
303321_seg_165000,303321
303321_seg_171000,303321
303321_seg_177000,303321
303321_seg_183000,303321
303321_seg_186000,303321
303321_seg_189000,303321
303321_seg_195000,303321
303321_seg_198000,303321
303321_seg_201000,303321
303321_seg_204000,303321
303321_seg_207000,303321
303321_seg_219000,303321
303321_seg_222000,303321
303321_seg_228000,303321
303321_seg_234000,303321
303321_seg_243000,303321
303321_seg_246000,303321
303321_seg_252000,303321
303321_seg_258000,303321
303321_seg_270000,303321
303321_seg_276000,303321
303321_seg_282000,303321
303321_seg_285000,303321
303321_seg_288000,303321
303321_seg_294000,303321
303316_seg_0,303316
303316_seg_6000,303316
303316_seg_18000,303316
303316_seg_24000,303316
303316_seg_27000,303316
303312_seg_0,303312
303312_seg_3000,303312
303312_seg_9000,303312
281645_seg_0,281645
281645_seg_3000,281645
281645_seg_6000,281645
281645_seg_9000,281645
281645_seg_12000,281645
281644_seg_0,281644
281644_seg_3000,281644
281644_seg_6000,281644
281644_seg_9000,281644
281644_seg_12000,281644
281644_seg_15000,281644
281644_seg_18000,281644
281644_seg_21000,281644
281644_seg_24000,281644
281644_seg_27000,281644
281644_seg_30000,281644
281644_seg_33000,281644
281644_seg_36000,281644
281644_seg_39000,281644
281644_seg_42000,281644
281640_seg_0,281640
281640_seg_6000,281640
281640_seg_9000,281640
281640_seg_12000,281640
281640_seg_15000,281640
281640_seg_18000,281640
281640_seg_21000,281640
281640_seg_24000,281640
281640_seg_30000,281640
281640_seg_33000,281640
281640_seg_39000,281640
281640_seg_42000,281640
281640_seg_48000,281640
281639_seg_0,281639
281639_seg_3000,281639
281639_seg_6000,281639
281639_seg_9000,281639
281639_seg_15000,281639
281639_seg_18000,281639
281639_seg_21000,281639
281639_seg_24000,281639
281639_seg_27000,281639
281639_seg_30000,281639
281639_seg_36000,281639
281638_seg_0,281638
281638_seg_3000,281638
281638_seg_6000,281638
281638_seg_12000,281638
281638_seg_15000,281638
281638_seg_18000,281638
281638_seg_21000,281638
281638_seg_24000,281638
281638_seg_27000,281638
281638_seg_30000,281638
281638_seg_33000,281638
281636_seg_0,281636
281636_seg_3000,281636
281636_seg_9000,281636
281636_seg_15000,281636
281636_seg_21000,281636
281636_seg_24000,281636
281636_seg_27000,281636
281636_seg_30000,281636
281636_seg_33000,281636
281635_seg_0,281635
281635_seg_3000,281635
281635_seg_6000,281635
281635_seg_9000,281635
281635_seg_12000,281635
281635_seg_18000,281635
281635_seg_21000,281635
281635_seg_24000,281635
281635_seg_27000,281635
281635_seg_30000,281635
175109_seg_0,175109
175109_seg_3000,175109
175109_seg_12000,175109
175109_seg_39000,175109
175109_seg_57000,175109
175109_seg_75000,175109
175109_seg_78000,175109
175109_seg_84000,175109
172453_seg_0,172453
172453_seg_3000,172453
172453_seg_6000,172453
172453_seg_9000,172453
172453_seg_12000,172453
172453_seg_15000,172453
172453_seg_18000,172453
172453_seg_21000,172453
172453_seg_24000,172453
172453_seg_27000,172453
172453_seg_33000,172453
172453_seg_39000,172453
172453_seg_42000,172453
172453_seg_45000,172453
172453_seg_48000,172453
172453_seg_51000,172453
172453_seg_54000,172453
172453_seg_57000,172453
172453_seg_60000,172453
172453_seg_63000,172453
172453_seg_66000,172453
172453_seg_69000,172453
172453_seg_72000,172453
172453_seg_75000,172453
172453_seg_78000,172453
172453_seg_81000,172453
172453_seg_84000,172453
172453_seg_90000,172453
172453_seg_96000,172453
172453_seg_102000,172453
172453_seg_105000,172453
172453_seg_111000,172453
172453_seg_114000,172453
172453_seg_117000,172453
172453_seg_120000,172453
172453_seg_126000,172453
172453_seg_129000,172453
172453_seg_132000,172453
172453_seg_135000,172453
172453_seg_138000,172453
172453_seg_144000,172453
172453_seg_147000,172453
172453_seg_150000,172453
172453_seg_156000,172453
172453_seg_162000,172453
172453_seg_165000,172453
172453_seg_171000,172453
172453_seg_213000,172453
170185_seg_0,170185
170185_seg_3000,170185
170185_seg_6000,170185
170185_seg_9000,170185
170185_seg_12000,170185
170185_seg_18000,170185
170185_seg_21000,170185
170185_seg_24000,170185
170185_seg_30000,170185
170185_seg_33000,170185
161542_seg_0,161542
161542_seg_3000,161542
161542_seg_9000,161542
161542_seg_15000,161542
135371_seg_3000,135371
135371_seg_6000,135371
135371_seg_9000,135371
135371_seg_12000,135371
135371_seg_15000,135371
135371_seg_18000,135371
135371_seg_21000,135371
135371_seg_24000,135371
135371_seg_30000,135371
132001_seg_0,132001
132001_seg_6000,132001
132001_seg_9000,132001
132001_seg_12000,132001
132001_seg_15000,132001
132001_seg_18000,132001
132001_seg_21000,132001
132001_seg_27000,132001
132001_seg_30000,132001
131611_seg_0,131611
131611_seg_3000,131611
131611_seg_15000,131611
131611_seg_18000,131611
129372_seg_0,129372
129372_seg_9000,129372
129372_seg_12000,129372
129372_seg_15000,129372
129329_seg_3000,129329
129329_seg_6000,129329
129329_seg_9000,129329
129329_seg_18000,129329
129329_seg_27000,129329
129329_seg_39000,129329
129329_seg_57000,129329
129329_seg_84000,129329
129329_seg_120000,129329
129328_seg_0,129328
129328_seg_3000,129328
129328_seg_6000,129328
129328_seg_9000,129328
129328_seg_12000,129328
129328_seg_15000,129328
129328_seg_21000,129328
129328_seg_24000,129328
129328_seg_27000,129328
129328_seg_30000,129328
129328_seg_33000,129328
129328_seg_36000,129328
129328_seg_42000,129328
129328_seg_45000,129328
129328_seg_51000,129328
129328_seg_54000,129328
129328_seg_60000,129328
129328_seg_66000,129328
129328_seg_69000,129328
129328_seg_75000,129328
129328_seg_78000,129328
129328_seg_81000,129328
129328_seg_87000,129328
129328_seg_93000,129328
129328_seg_99000,129328
129328_seg_102000,129328
129328_seg_108000,129328
129328_seg_114000,129328
129328_seg_117000,129328
129327_seg_0,129327
129327_seg_12000,129327
129327_seg_33000,129327
129327_seg_48000,129327
129327_seg_51000,129327
129327_seg_57000,129327
129327_seg_60000,129327
129327_seg_72000,129327
129327_seg_75000,129327
129327_seg_96000,129327
129327_seg_99000,129327
129327_seg_105000,129327
129327_seg_108000,129327
129327_seg_114000,129327
129327_seg_120000,129327
129327_seg_126000,129327
129327_seg_135000,129327
129327_seg_147000,129327
129327_seg_150000,129327
129327_seg_156000,129327
129326_seg_0,129326
129326_seg_3000,129326
129326_seg_6000,129326
129326_seg_9000,129326
129326_seg_12000,129326
129326_seg_15000,129326
129326_seg_21000,129326
129326_seg_24000,129326
129326_seg_30000,129326
129326_seg_33000,129326
129326_seg_36000,129326
129326_seg_39000,129326
129326_seg_42000,129326
129326_seg_45000,129326
129326_seg_48000,129326
129326_seg_54000,129326
129326_seg_60000,129326
129326_seg_63000,129326
129326_seg_72000,129326
129326_seg_75000,129326
129326_seg_81000,129326
129326_seg_84000,129326
129326_seg_90000,129326
129326_seg_93000,129326
129326_seg_96000,129326
129326_seg_99000,129326
129326_seg_102000,129326
129326_seg_105000,129326
129326_seg_108000,129326
129326_seg_117000,129326
129326_seg_126000,129326
129326_seg_129000,129326
129326_seg_132000,129326
129326_seg_141000,129326
129326_seg_144000,129326
129326_seg_153000,129326
129326_seg_156000,129326
129326_seg_168000,129326
129326_seg_171000,129326
129325_seg_0,129325
129325_seg_3000,129325
129325_seg_12000,129325
129325_seg_24000,129325
129325_seg_30000,129325
129325_seg_33000,129325
129325_seg_42000,129325
129325_seg_57000,129325
129325_seg_63000,129325
129325_seg_66000,129325
129325_seg_72000,129325
129325_seg_75000,129325
129325_seg_81000,129325
129325_seg_90000,129325
129325_seg_102000,129325
129325_seg_111000,129325
129325_seg_114000,129325
129324_seg_0,129324
129324_seg_15000,129324
129324_seg_24000,129324
129324_seg_36000,129324
129324_seg_51000,129324
129324_seg_72000,129324
129324_seg_75000,129324
129324_seg_96000,129324
129324_seg_114000,129324
129324_seg_117000,129324
129324_seg_123000,129324
129324_seg_135000,129324
129324_seg_150000,129324
129324_seg_159000,129324
129323_seg_0,129323
129323_seg_6000,129323
129323_seg_9000,129323
129323_seg_12000,129323
129323_seg_15000,129323
129323_seg_18000,129323
129323_seg_21000,129323
129323_seg_24000,129323
129323_seg_27000,129323
129323_seg_30000,129323
129323_seg_33000,129323
129323_seg_36000,129323
129323_seg_42000,129323
129323_seg_48000,129323
129323_seg_51000,129323
129323_seg_54000,129323
129323_seg_60000,129323
129323_seg_66000,129323
129323_seg_69000,129323
129323_seg_72000,129323
129323_seg_75000,129323
129323_seg_81000,129323
129323_seg_87000,129323
129323_seg_90000,129323
129323_seg_93000,129323
129323_seg_99000,129323
129323_seg_102000,129323
129323_seg_105000,129323
129323_seg_108000,129323
129323_seg_111000,129323
129323_seg_114000,129323
129323_seg_117000,129323
129323_seg_123000,129323
129323_seg_132000,129323
129323_seg_144000,129323
129323_seg_153000,129323
129323_seg_162000,129323
129323_seg_165000,129323
129323_seg_171000,129323
123589_seg_0,123589
123589_seg_12000,123589
101346_seg_0,101346
101346_seg_3000,101346
101346_seg_6000,101346
101346_seg_18000,101346
101346_seg_21000,101346
101346_seg_24000,101346
101346_seg_30000,101346
101346_seg_33000,101346
101346_seg_36000,101346
101346_seg_42000,101346
101346_seg_45000,101346
101346_seg_51000,101346
101346_seg_57000,101346
101009_seg_90000,101009
101009_seg_96000,101009
101009_seg_102000,101009
101009_seg_105000,101009
101009_seg_108000,101009
101009_seg_111000,101009
101009_seg_117000,101009
101009_seg_120000,101009
101009_seg_126000,101009
101009_seg_132000,101009
101009_seg_135000,101009
101009_seg_141000,101009
101009_seg_144000,101009
101009_seg_147000,101009
101009_seg_150000,101009
101009_seg_153000,101009
99911_seg_0,99911
99911_seg_3000,99911
99911_seg_9000,99911
99911_seg_12000,99911
99911_seg_15000,99911
99911_seg_18000,99911
99911_seg_21000,99911
99911_seg_24000,99911
99911_seg_27000,99911
99911_seg_30000,99911
99911_seg_33000,99911
99911_seg_36000,99911
98274_seg_15000,98274
98274_seg_21000,98274
98274_seg_27000,98274
98274_seg_30000,98274
97120_seg_0,97120
97120_seg_6000,97120
97120_seg_9000,97120
97120_seg_12000,97120
97120_seg_21000,97120
97120_seg_30000,97120
97120_seg_33000,97120
97120_seg_39000,97120
97120_seg_42000,97120
97120_seg_45000,97120
97120_seg_48000,97120
97120_seg_51000,97120
97120_seg_57000,97120
97120_seg_60000,97120
96983_seg_3000,96983
96983_seg_6000,96983
96983_seg_9000,96983
96983_seg_12000,96983
96983_seg_15000,96983
96983_seg_18000,96983
96983_seg_21000,96983
96983_seg_24000,96983
96983_seg_27000,96983
96983_seg_30000,96983
96983_seg_33000,96983
96983_seg_36000,96983
96983_seg_39000,96983
96983_seg_42000,96983
96983_seg_45000,96983
96983_seg_48000,96983
96983_seg_51000,96983
96983_seg_54000,96983
96983_seg_57000,96983
96983_seg_60000,96983
96983_seg_63000,96983
96983_seg_66000,96983
96983_seg_69000,96983
96983_seg_78000,96983
96983_seg_81000,96983
96983_seg_93000,96983
96982_seg_0,96982
96982_seg_3000,96982
96982_seg_6000,96982
96982_seg_9000,96982
96982_seg_12000,96982
96982_seg_15000,96982
96982_seg_18000,96982
96982_seg_21000,96982
96982_seg_24000,96982
96982_seg_27000,96982
96982_seg_30000,96982
96982_seg_33000,96982
96982_seg_36000,96982
96982_seg_39000,96982
96982_seg_42000,96982
96982_seg_45000,96982
96982_seg_48000,96982
96982_seg_51000,96982
96982_seg_54000,96982
96982_seg_57000,96982
96982_seg_60000,96982
96982_seg_63000,96982
96982_seg_66000,96982
96982_seg_69000,96982
96982_seg_72000,96982
89967_seg_0,89967
89967_seg_6000,89967
89967_seg_15000,89967
89967_seg_18000,89967
89967_seg_24000,89967
89967_seg_30000,89967
89967_seg_33000,89967
89967_seg_36000,89967
89967_seg_39000,89967
89967_seg_42000,89967
89967_seg_48000,89967
76364_seg_0,76364
76364_seg_3000,76364
76364_seg_6000,76364
76364_seg_9000,76364
76364_seg_15000,76364
76364_seg_18000,76364
76364_seg_21000,76364
76364_seg_24000,76364
76364_seg_27000,76364
76364_seg_30000,76364
76364_seg_33000,76364
76364_seg_36000,76364
76364_seg_42000,76364
55174_seg_0,55174
55174_seg_3000,55174
55174_seg_9000,55174
55174_seg_15000,55174
55174_seg_18000,55174
55174_seg_21000,55174
55174_seg_24000,55174
55174_seg_27000,55174
53725_seg_0,53725
53725_seg_3000,53725
53725_seg_6000,53725
53725_seg_9000,53725
53725_seg_12000,53725
1106172_seg_3000,1106172
1106172_seg_9000,1106172
1106172_seg_12000,1106172
1106172_seg_18000,1106172
1106172_seg_21000,1106172
1106172_seg_33000,1106172
1106172_seg_36000,1106172
1105710_seg_3000,1105710
1105710_seg_9000,1105710
1105710_seg_12000,1105710
1105710_seg_15000,1105710
1105710_seg_18000,1105710
1105710_seg_21000,1105710
1105710_seg_27000,1105710
1105710_seg_30000,1105710
1105710_seg_36000,1105710
1105710_seg_42000,1105710
1105710_seg_45000,1105710
1105710_seg_48000,1105710
1105710_seg_51000,1105710
1105710_seg_54000,1105710
1105710_seg_57000,1105710
1105710_seg_60000,1105710
1105710_seg_63000,1105710
1105710_seg_66000,1105710
1105710_seg_69000,1105710
1105710_seg_75000,1105710
1105710_seg_78000,1105710
1104743_seg_3000,1104743
1104743_seg_12000,1104743
1104743_seg_15000,1104743
1104743_seg_18000,1104743
1103431_seg_0,1103431
1103431_seg_6000,1103431
1103431_seg_9000,1103431
1103431_seg_12000,1103431
1103431_seg_15000,1103431
1103431_seg_18000,1103431
1103431_seg_21000,1103431
1103431_seg_24000,1103431
1103431_seg_27000,1103431
1103431_seg_30000,1103431
1103431_seg_33000,1103431
1103431_seg_36000,1103431
1103430_seg_6000,1103430
1103430_seg_9000,1103430
1103430_seg_12000,1103430
1103430_seg_15000,1103430
1103430_seg_18000,1103430
1103430_seg_21000,1103430
1103430_seg_24000,1103430
1103430_seg_27000,1103430
1103430_seg_30000,1103430
1103430_seg_33000,1103430
1101021_seg_0,1101021
1101021_seg_3000,1101021
1101021_seg_6000,1101021
1101021_seg_9000,1101021
1101021_seg_12000,1101021
1101021_seg_15000,1101021
1101021_seg_18000,1101021
1101021_seg_21000,1101021
1101021_seg_27000,1101021
1101021_seg_30000,1101021
1101021_seg_33000,1101021
1101021_seg_36000,1101021
1101021_seg_39000,1101021
1101021_seg_42000,1101021
1101021_seg_45000,1101021
1100412_seg_0,1100412
1100412_seg_3000,1100412
1100412_seg_9000,1100412
1100412_seg_12000,1100412
1096413_seg_33000,1096413
1096413_seg_36000,1096413
1096204_seg_0,1096204
1096204_seg_3000,1096204
1096204_seg_6000,1096204
1096204_seg_9000,1096204
1096204_seg_12000,1096204
1096204_seg_15000,1096204
1096204_seg_18000,1096204
1096204_seg_21000,1096204
1096204_seg_24000,1096204
1096204_seg_27000,1096204
1096204_seg_30000,1096204
1096204_seg_33000,1096204
1096204_seg_36000,1096204
1096204_seg_39000,1096204
1096204_seg_42000,1096204
1096204_seg_45000,1096204
1096204_seg_48000,1096204
1096204_seg_51000,1096204
1096204_seg_54000,1096204
1096204_seg_57000,1096204
1096204_seg_60000,1096204
1096204_seg_63000,1096204
1096204_seg_66000,1096204
1096204_seg_69000,1096204
1096204_seg_72000,1096204
1096204_seg_75000,1096204
1096204_seg_81000,1096204
1096204_seg_87000,1096204
1096204_seg_90000,1096204
1096204_seg_96000,1096204
1096204_seg_99000,1096204
1096204_seg_102000,1096204
1096204_seg_105000,1096204
1096204_seg_108000,1096204
1096204_seg_111000,1096204
1096204_seg_114000,1096204
1096204_seg_123000,1096204
1096204_seg_126000,1096204
1096204_seg_132000,1096204
1096204_seg_135000,1096204
1096204_seg_138000,1096204
1096204_seg_147000,1096204
1096204_seg_150000,1096204
1096204_seg_156000,1096204
1096204_seg_159000,1096204
1096204_seg_162000,1096204
1096204_seg_171000,1096204
1096204_seg_183000,1096204
1095927_seg_0,1095927
1095927_seg_3000,1095927
1095927_seg_9000,1095927
1095927_seg_15000,1095927
1095927_seg_18000,1095927
1095927_seg_24000,1095927
1095927_seg_33000,1095927
1095927_seg_39000,1095927
1095927_seg_42000,1095927
1095927_seg_48000,1095927
1095927_seg_57000,1095927
1095927_seg_63000,1095927
1095927_seg_69000,1095927
1095927_seg_78000,1095927
1095927_seg_90000,1095927
1095927_seg_99000,1095927
1095927_seg_102000,1095927
1095927_seg_111000,1095927
1095927_seg_114000,1095927
1095927_seg_120000,1095927
1095927_seg_123000,1095927
1095927_seg_135000,1095927
1095927_seg_138000,1095927
1095927_seg_150000,1095927
1095927_seg_153000,1095927
1092918_seg_6000,1092918
1092918_seg_9000,1092918
1092918_seg_12000,1092918
1092918_seg_15000,1092918
1092918_seg_18000,1092918
1092918_seg_21000,1092918
1092918_seg_48000,1092918
1092918_seg_54000,1092918
1092918_seg_57000,1092918
1092918_seg_66000,1092918
1092918_seg_69000,1092918
1092918_seg_78000,1092918
1091252_seg_9000,1091252
1090319_seg_0,1090319
1090319_seg_3000,1090319
1090319_seg_9000,1090319
1090319_seg_12000,1090319
1090319_seg_15000,1090319
1090319_seg_18000,1090319
1090319_seg_21000,1090319
1090319_seg_24000,1090319
1090319_seg_30000,1090319
1089785_seg_12000,1089785
1089785_seg_18000,1089785
1089785_seg_21000,1089785
1088917_seg_3000,1088917
1088917_seg_6000,1088917
1088917_seg_12000,1088917
1088917_seg_15000,1088917
1088917_seg_18000,1088917
1088917_seg_21000,1088917
1088917_seg_24000,1088917
1088917_seg_27000,1088917
1088917_seg_30000,1088917
1088917_seg_33000,1088917
1088917_seg_36000,1088917
1088917_seg_39000,1088917
1088917_seg_42000,1088917
1088917_seg_45000,1088917
1088917_seg_51000,1088917
1088917_seg_54000,1088917
1088544_seg_3000,1088544
1088544_seg_9000,1088544
1088544_seg_15000,1088544
1088544_seg_33000,1088544
1088544_seg_39000,1088544
1087011_seg_0,1087011
1087011_seg_3000,1087011
1087011_seg_6000,1087011
1087011_seg_9000,1087011
1087011_seg_12000,1087011
1087011_seg_15000,1087011
1087011_seg_18000,1087011
1087011_seg_21000,1087011
1087011_seg_24000,1087011
1087011_seg_27000,1087011
1087011_seg_33000,1087011
1085790_seg_0,1085790
1085790_seg_3000,1085790
1085790_seg_6000,1085790
1085790_seg_9000,1085790
1085790_seg_12000,1085790
1085790_seg_15000,1085790
1085790_seg_18000,1085790
1085790_seg_21000,1085790
1085790_seg_24000,1085790
1085790_seg_27000,1085790
1085790_seg_30000,1085790
1085790_seg_33000,1085790
1085790_seg_36000,1085790
1085790_seg_42000,1085790
1085790_seg_45000,1085790
1085790_seg_54000,1085790
1085790_seg_60000,1085790
1085790_seg_63000,1085790
1085790_seg_66000,1085790
1085790_seg_69000,1085790
1085790_seg_75000,1085790
1085790_seg_81000,1085790
1085790_seg_90000,1085790
1085790_seg_99000,1085790
1085776_seg_0,1085776
1085776_seg_9000,1085776
1085776_seg_12000,1085776
1085776_seg_39000,1085776
1085776_seg_42000,1085776
1085776_seg_48000,1085776
1085776_seg_51000,1085776
1085776_seg_57000,1085776
1085776_seg_60000,1085776
1085775_seg_0,1085775
1085775_seg_6000,1085775
1085775_seg_9000,1085775
1085775_seg_12000,1085775
1085775_seg_15000,1085775
1085775_seg_18000,1085775
1085775_seg_21000,1085775
1085775_seg_24000,1085775
1085775_seg_27000,1085775
1085775_seg_30000,1085775
1085775_seg_33000,1085775
1085775_seg_36000,1085775
1085775_seg_39000,1085775
1085775_seg_42000,1085775
1085775_seg_45000,1085775
1085775_seg_48000,1085775
1085775_seg_51000,1085775
1085775_seg_54000,1085775
1085775_seg_57000,1085775
1085775_seg_60000,1085775
1085775_seg_63000,1085775
1085775_seg_66000,1085775
1085775_seg_69000,1085775
1085775_seg_72000,1085775
1085775_seg_75000,1085775
1085775_seg_78000,1085775
1085775_seg_90000,1085775
1085775_seg_93000,1085775
1085775_seg_96000,1085775
1085775_seg_108000,1085775
1085775_seg_111000,1085775
1085775_seg_114000,1085775
1085775_seg_117000,1085775
1085771_seg_0,1085771
1085771_seg_6000,1085771
1085771_seg_9000,1085771
1085771_seg_12000,1085771
1085771_seg_18000,1085771
1085771_seg_24000,1085771
1085771_seg_27000,1085771
1085771_seg_30000,1085771
1076081_seg_6000,1076081
1076081_seg_9000,1076081
1076081_seg_15000,1076081
1076081_seg_21000,1076081
1076081_seg_24000,1076081
1076073_seg_0,1076073
1076073_seg_3000,1076073
1076073_seg_9000,1076073
1076073_seg_12000,1076073
1076073_seg_15000,1076073
1076073_seg_18000,1076073
1073093_seg_0,1073093
1073093_seg_3000,1073093
1073093_seg_6000,1073093
1073093_seg_15000,1073093
1073093_seg_30000,1073093
1073093_seg_33000,1073093
1073093_seg_36000,1073093
1073093_seg_39000,1073093
1073093_seg_42000,1073093
1073093_seg_45000,1073093
1073093_seg_51000,1073093
1073093_seg_54000,1073093
1073093_seg_57000,1073093
1073093_seg_63000,1073093
1028744_seg_0,1028744
1028744_seg_36000,1028744
1028744_seg_42000,1028744
1007924_seg_3000,1007924
1007924_seg_9000,1007924
1007924_seg_12000,1007924
1007924_seg_18000,1007924
1007924_seg_21000,1007924
1007924_seg_24000,1007924
1007924_seg_27000,1007924
1007924_seg_33000,1007924
1007924_seg_36000,1007924
1007924_seg_45000,1007924
1007924_seg_51000,1007924
1007924_seg_54000,1007924
1002199_seg_0,1002199
1002199_seg_3000,1002199
1002199_seg_6000,1002199
1002199_seg_9000,1002199
1002199_seg_12000,1002199
1002199_seg_15000,1002199
1002199_seg_18000,1002199
1002199_seg_21000,1002199
1002199_seg_24000,1002199
1002199_seg_30000,1002199
1002199_seg_36000,1002199
1002199_seg_39000,1002199
1002199_seg_45000,1002199
1002199_seg_51000,1002199
1002132_seg_0,1002132
1002132_seg_3000,1002132
1002132_seg_6000,1002132
1002132_seg_12000,1002132
1002132_seg_18000,1002132
1002132_seg_21000,1002132
1002132_seg_27000,1002132
1002132_seg_33000,1002132
1002132_seg_36000,1002132
1002132_seg_39000,1002132
1002132_seg_42000,1002132
1002132_seg_45000,1002132
1002132_seg_51000,1002132
1002132_seg_54000,1002132
1002132_seg_57000,1002132
1002028_seg_0,1002028
1002028_seg_3000,1002028
1001965_seg_0,1001965
1001965_seg_3000,1001965
1001965_seg_12000,1001965
1001594_seg_0,1001594
999132_seg_0,999132
999132_seg_3000,999132
999132_seg_9000,999132
999132_seg_18000,999132
994503_seg_0,994503
994503_seg_3000,994503
994503_seg_9000,994503
994503_seg_12000,994503
994503_seg_21000,994503
994503_seg_30000,994503
994503_seg_33000,994503
994503_seg_96000,994503
994503_seg_99000,994503
994503_seg_108000,994503
994503_seg_120000,994503
994503_seg_123000,994503
994503_seg_150000,994503
994503_seg_168000,994503
994503_seg_177000,994503
994503_seg_192000,994503
994503_seg_195000,994503
994503_seg_213000,994503
994503_seg_219000,994503
994503_seg_231000,994503
994503_seg_234000,994503
994503_seg_237000,994503
992432_seg_3000,992432
992432_seg_6000,992432
992432_seg_9000,992432
992432_seg_18000,992432
992432_seg_21000,992432
992432_seg_24000,992432
992432_seg_27000,992432
992432_seg_30000,992432
992432_seg_33000,992432
992432_seg_36000,992432
992432_seg_39000,992432
992432_seg_42000,992432
992432_seg_45000,992432
992432_seg_51000,992432
992432_seg_57000,992432
992432_seg_60000,992432
992432_seg_63000,992432
992432_seg_69000,992432
992432_seg_72000,992432
992432_seg_81000,992432
992432_seg_84000,992432
992432_seg_87000,992432
992432_seg_99000,992432
992431_seg_6000,992431
992431_seg_9000,992431
992431_seg_15000,992431
992431_seg_18000,992431
992431_seg_21000,992431
992431_seg_24000,992431
992431_seg_30000,992431
992431_seg_36000,992431
992431_seg_42000,992431
992431_seg_51000,992431
992431_seg_54000,992431
992431_seg_57000,992431
992431_seg_60000,992431
992431_seg_63000,992431
992431_seg_66000,992431
992431_seg_72000,992431
992431_seg_102000,992431
992431_seg_105000,992431
992431_seg_108000,992431
992431_seg_111000,992431
992431_seg_114000,992431
992431_seg_120000,992431
992431_seg_129000,992431
992431_seg_132000,992431
992430_seg_3000,992430
992430_seg_6000,992430
992430_seg_12000,992430
992430_seg_18000,992430
992430_seg_24000,992430
992430_seg_33000,992430
992430_seg_36000,992430
992430_seg_42000,992430
992430_seg_45000,992430
992430_seg_57000,992430
992430_seg_60000,992430
989014_seg_231000,989014
989009_seg_0,989009
989009_seg_3000,989009
989009_seg_6000,989009
989009_seg_12000,989009
989009_seg_18000,989009
989009_seg_21000,989009
989009_seg_24000,989009
989009_seg_30000,989009
989009_seg_33000,989009
985819_seg_0,985819
985819_seg_6000,985819
985819_seg_12000,985819
985298_seg_0,985298
985298_seg_3000,985298
985298_seg_6000,985298
985298_seg_9000,985298
985298_seg_18000,985298
985298_seg_24000,985298
985298_seg_30000,985298
985298_seg_33000,985298
985298_seg_39000,985298
985298_seg_42000,985298
985298_seg_45000,985298
985298_seg_48000,985298
985298_seg_51000,985298
985298_seg_54000,985298
985298_seg_60000,985298
985298_seg_66000,985298
985298_seg_69000,985298
985298_seg_75000,985298
985298_seg_81000,985298
985298_seg_87000,985298
985298_seg_90000,985298
985298_seg_93000,985298
985298_seg_96000,985298
985298_seg_102000,985298
985298_seg_111000,985298
985298_seg_114000,985298
985298_seg_117000,985298
985298_seg_123000,985298
985298_seg_126000,985298
985298_seg_129000,985298
985298_seg_132000,985298
985298_seg_135000,985298
985298_seg_138000,985298
985298_seg_141000,985298
985298_seg_144000,985298
985298_seg_147000,985298
985298_seg_150000,985298
985298_seg_153000,985298
985298_seg_162000,985298
985298_seg_165000,985298
985298_seg_168000,985298
985298_seg_171000,985298
985298_seg_174000,985298
985298_seg_180000,985298
985298_seg_186000,985298
985298_seg_195000,985298
985298_seg_198000,985298
985298_seg_204000,985298
985298_seg_213000,985298
985298_seg_216000,985298
985298_seg_228000,985298
981378_seg_0,981378
981378_seg_3000,981378
981378_seg_9000,981378
981378_seg_12000,981378
981378_seg_15000,981378
981378_seg_18000,981378
981378_seg_21000,981378
981378_seg_24000,981378
981378_seg_27000,981378
981378_seg_30000,981378
981378_seg_33000,981378
981378_seg_36000,981378
978669_seg_0,978669
978669_seg_3000,978669
978669_seg_6000,978669
978669_seg_9000,978669
978669_seg_12000,978669
978669_seg_15000,978669
978669_seg_21000,978669
978669_seg_24000,978669
977838_seg_0,977838
958008_seg_0,958008
958008_seg_3000,958008
958008_seg_12000,958008
958008_seg_15000,958008
958008_seg_18000,958008
958008_seg_21000,958008
958008_seg_24000,958008
958008_seg_27000,958008
958008_seg_30000,958008
958008_seg_33000,958008
958008_seg_36000,958008
958008_seg_39000,958008
958008_seg_42000,958008
958008_seg_45000,958008
958008_seg_48000,958008
958008_seg_54000,958008
958008_seg_63000,958008
958008_seg_72000,958008
958008_seg_75000,958008
958008_seg_78000,958008
956943_seg_0,956943
956943_seg_3000,956943
956943_seg_9000,956943
956943_seg_12000,956943
956943_seg_15000,956943
956943_seg_24000,956943
956943_seg_33000,956943
956943_seg_57000,956943
956943_seg_63000,956943
956943_seg_66000,956943
956943_seg_72000,956943
956943_seg_75000,956943
956943_seg_81000,956943
956943_seg_90000,956943
956943_seg_93000,956943
956943_seg_108000,956943
946921_seg_0,946921
946921_seg_3000,946921
946921_seg_6000,946921
946921_seg_9000,946921
946921_seg_12000,946921
946921_seg_15000,946921
946921_seg_18000,946921
946921_seg_21000,946921
946921_seg_24000,946921
946921_seg_27000,946921
946921_seg_30000,946921
946921_seg_36000,946921
946921_seg_39000,946921
946921_seg_42000,946921
946921_seg_45000,946921
946921_seg_48000,946921
946921_seg_51000,946921
946921_seg_54000,946921
946921_seg_57000,946921
946921_seg_60000,946921
946921_seg_63000,946921
946921_seg_72000,946921
946921_seg_75000,946921
946921_seg_78000,946921
946921_seg_81000,946921
946921_seg_84000,946921
946921_seg_87000,946921
946921_seg_93000,946921
946921_seg_96000,946921
946921_seg_99000,946921
940243_seg_3000,940243
940243_seg_6000,940243
940243_seg_12000,940243
931234_seg_0,931234
931234_seg_3000,931234
931234_seg_6000,931234
931234_seg_12000,931234
931234_seg_18000,931234
931233_seg_57000,931233
923783_seg_12000,923783
923783_seg_15000,923783
923783_seg_18000,923783
923783_seg_27000,923783
923783_seg_33000,923783
923783_seg_42000,923783
923783_seg_45000,923783
923783_seg_54000,923783
923783_seg_57000,923783
923783_seg_66000,923783
923783_seg_78000,923783
923783_seg_81000,923783
923783_seg_90000,923783
923783_seg_99000,923783
923783_seg_102000,923783
923782_seg_0,923782
923782_seg_15000,923782
923782_seg_18000,923782
923782_seg_21000,923782
923782_seg_24000,923782
923782_seg_30000,923782
923782_seg_39000,923782
923782_seg_42000,923782
923782_seg_45000,923782
923782_seg_48000,923782
923782_seg_57000,923782
923782_seg_60000,923782
923782_seg_66000,923782
923782_seg_81000,923782
923782_seg_87000,923782
923782_seg_96000,923782
923782_seg_102000,923782
923782_seg_111000,923782
922040_seg_132000,922040
922040_seg_177000,922040
922040_seg_186000,922040
922040_seg_252000,922040
922040_seg_273000,922040
922040_seg_291000,922040
922040_seg_306000,922040
922040_seg_312000,922040
922040_seg_327000,922040
922040_seg_348000,922040
922040_seg_354000,922040
922040_seg_366000,922040
922040_seg_375000,922040
922040_seg_381000,922040
922040_seg_393000,922040
922040_seg_405000,922040
922040_seg_420000,922040
922037_seg_0,922037
922037_seg_6000,922037
922037_seg_9000,922037
922037_seg_15000,922037
922037_seg_21000,922037
922037_seg_27000,922037
922037_seg_33000,922037
922037_seg_45000,922037
918078_seg_0,918078
918078_seg_3000,918078
918078_seg_6000,918078
913706_seg_0,913706
913706_seg_3000,913706
913706_seg_9000,913706
913706_seg_15000,913706
912624_seg_0,912624
912624_seg_3000,912624
912624_seg_9000,912624
912624_seg_12000,912624
912624_seg_15000,912624
912624_seg_18000,912624
912624_seg_21000,912624
912624_seg_24000,912624
912624_seg_27000,912624
912624_seg_30000,912624
912624_seg_33000,912624
912622_seg_0,912622
912622_seg_3000,912622
912622_seg_6000,912622
912622_seg_9000,912622
912622_seg_12000,912622
912622_seg_15000,912622
912622_seg_18000,912622
912622_seg_21000,912622
912622_seg_24000,912622
912622_seg_27000,912622
912622_seg_30000,912622
912622_seg_33000,912622
912622_seg_36000,912622
912622_seg_42000,912622
912622_seg_45000,912622
912622_seg_48000,912622
912622_seg_51000,912622
912622_seg_54000,912622
912622_seg_57000,912622
912622_seg_60000,912622
912622_seg_66000,912622
912622_seg_72000,912622
912622_seg_75000,912622
912622_seg_78000,912622
912622_seg_81000,912622
912622_seg_84000,912622
912622_seg_87000,912622
911720_seg_0,911720
911720_seg_69000,911720
911720_seg_150000,911720
911720_seg_198000,911720
911720_seg_228000,911720
911720_seg_255000,911720
910530_seg_0,910530
910530_seg_3000,910530
910530_seg_6000,910530
910530_seg_9000,910530
910530_seg_12000,910530
910530_seg_15000,910530
910530_seg_18000,910530
910530_seg_21000,910530
910530_seg_24000,910530
910529_seg_0,910529
910529_seg_3000,910529
910529_seg_6000,910529
910529_seg_9000,910529
910529_seg_12000,910529
910529_seg_15000,910529
910529_seg_18000,910529
910529_seg_21000,910529
910529_seg_24000,910529
910529_seg_27000,910529
910529_seg_30000,910529
910529_seg_33000,910529
910529_seg_36000,910529
910529_seg_39000,910529
910529_seg_42000,910529
910529_seg_45000,910529
910529_seg_48000,910529
910529_seg_51000,910529
910529_seg_54000,910529
910529_seg_57000,910529
910529_seg_60000,910529
910529_seg_63000,910529
910529_seg_66000,910529
910529_seg_69000,910529
910529_seg_72000,910529
910529_seg_75000,910529
910529_seg_78000,910529
910529_seg_81000,910529
910529_seg_84000,910529
910529_seg_87000,910529
910529_seg_93000,910529
910529_seg_96000,910529
910529_seg_99000,910529
910529_seg_102000,910529
910529_seg_105000,910529
910529_seg_108000,910529
910529_seg_111000,910529
910529_seg_114000,910529
910529_seg_117000,910529
910529_seg_120000,910529
910529_seg_123000,910529
910529_seg_126000,910529
910529_seg_129000,910529
910529_seg_132000,910529
910529_seg_135000,910529
910529_seg_138000,910529
910529_seg_141000,910529
910529_seg_144000,910529
910529_seg_147000,910529
910529_seg_150000,910529
910529_seg_153000,910529
910529_seg_156000,910529
910529_seg_159000,910529
910529_seg_162000,910529
910529_seg_165000,910529
910529_seg_168000,910529
910529_seg_171000,910529
910529_seg_177000,910529
910529_seg_180000,910529
910529_seg_183000,910529
910529_seg_186000,910529
907119_seg_0,907119
907119_seg_3000,907119
907119_seg_6000,907119
907119_seg_9000,907119
907119_seg_12000,907119
907119_seg_15000,907119
907119_seg_18000,907119
907119_seg_24000,907119
905524_seg_0,905524
905524_seg_6000,905524
905524_seg_9000,905524
905524_seg_15000,905524
905524_seg_21000,905524
905524_seg_27000,905524
905524_seg_30000,905524
905524_seg_33000,905524
905524_seg_45000,905524
905524_seg_48000,905524
905524_seg_51000,905524
905524_seg_57000,905524
905524_seg_60000,905524
905524_seg_69000,905524
905524_seg_84000,905524
905524_seg_87000,905524
905338_seg_0,905338
905338_seg_6000,905338
905338_seg_12000,905338
905337_seg_0,905337
905337_seg_6000,905337
905309_seg_0,905309
905309_seg_63000,905309
905309_seg_66000,905309
904989_seg_0,904989
904989_seg_15000,904989
904989_seg_27000,904989
904989_seg_36000,904989
904989_seg_42000,904989
904989_seg_54000,904989
904989_seg_60000,904989
904989_seg_78000,904989
904989_seg_87000,904989
904989_seg_90000,904989
904989_seg_99000,904989
904953_seg_0,904953
904953_seg_9000,904953
904953_seg_12000,904953
904953_seg_18000,904953
904938_seg_0,904938
904938_seg_3000,904938
904938_seg_9000,904938
904938_seg_15000,904938
904938_seg_18000,904938
904938_seg_24000,904938
904938_seg_27000,904938
904938_seg_30000,904938
904938_seg_33000,904938
904938_seg_36000,904938
904938_seg_42000,904938
904938_seg_45000,904938
904938_seg_48000,904938
904938_seg_51000,904938
904938_seg_57000,904938
904938_seg_60000,904938
904938_seg_63000,904938
904938_seg_66000,904938
904938_seg_72000,904938
904938_seg_78000,904938
904938_seg_87000,904938
904938_seg_93000,904938
904938_seg_99000,904938
904938_seg_105000,904938
904938_seg_111000,904938
904938_seg_117000,904938
904938_seg_123000,904938
904938_seg_126000,904938
904938_seg_132000,904938
904938_seg_138000,904938
904938_seg_141000,904938
904938_seg_147000,904938
904938_seg_150000,904938
904938_seg_153000,904938
904938_seg_156000,904938
904938_seg_162000,904938
904938_seg_168000,904938
904938_seg_174000,904938
904938_seg_177000,904938
904938_seg_183000,904938
904938_seg_192000,904938
904938_seg_201000,904938
904938_seg_207000,904938
904938_seg_213000,904938
902756_seg_0,902756
902756_seg_3000,902756
902756_seg_6000,902756
902756_seg_9000,902756
902756_seg_12000,902756
902756_seg_15000,902756
902756_seg_18000,902756
902756_seg_21000,902756
902756_seg_24000,902756
902756_seg_30000,902756
902756_seg_33000,902756
902756_seg_39000,902756
902756_seg_42000,902756
902756_seg_48000,902756
902756_seg_51000,902756
899669_seg_0,899669
899669_seg_3000,899669
899669_seg_12000,899669
899668_seg_0,899668
899668_seg_6000,899668
899668_seg_15000,899668
899668_seg_21000,899668
899668_seg_27000,899668
899668_seg_30000,899668
899668_seg_36000,899668
899668_seg_39000,899668
899668_seg_42000,899668
899668_seg_45000,899668
899668_seg_51000,899668
899668_seg_60000,899668
899668_seg_66000,899668
899659_seg_0,899659
899659_seg_9000,899659
899659_seg_27000,899659
899659_seg_30000,899659
899659_seg_39000,899659
899659_seg_42000,899659
899659_seg_48000,899659
899659_seg_132000,899659
899659_seg_135000,899659
899659_seg_201000,899659
899659_seg_204000,899659
899659_seg_210000,899659
899659_seg_219000,899659
899659_seg_228000,899659
899659_seg_237000,899659
899659_seg_246000,899659
899659_seg_252000,899659
899659_seg_255000,899659
899659_seg_264000,899659
899464_seg_0,899464
899464_seg_3000,899464
899464_seg_6000,899464
899464_seg_9000,899464
899464_seg_12000,899464
899464_seg_21000,899464
899464_seg_24000,899464
899464_seg_33000,899464
899464_seg_36000,899464
899464_seg_42000,899464
899464_seg_45000,899464
899464_seg_51000,899464
899464_seg_54000,899464
899464_seg_60000,899464
899464_seg_63000,899464
899464_seg_66000,899464
898980_seg_3000,898980
898980_seg_12000,898980
898980_seg_15000,898980
898980_seg_18000,898980
898980_seg_24000,898980
898980_seg_27000,898980
898980_seg_33000,898980
898980_seg_42000,898980
898980_seg_48000,898980
898980_seg_54000,898980
898975_seg_0,898975
898975_seg_6000,898975
898975_seg_12000,898975
898975_seg_18000,898975
898975_seg_21000,898975
898975_seg_27000,898975
898975_seg_45000,898975
898975_seg_48000,898975
898058_seg_0,898058
898058_seg_3000,898058
898058_seg_6000,898058
898058_seg_27000,898058
898058_seg_30000,898058
898058_seg_51000,898058
898058_seg_60000,898058
898058_seg_63000,898058
898058_seg_72000,898058
898058_seg_75000,898058
898058_seg_84000,898058
898058_seg_93000,898058
898058_seg_105000,898058
898058_seg_108000,898058
898058_seg_117000,898058
898058_seg_120000,898058
898058_seg_123000,898058
898058_seg_132000,898058
898058_seg_135000,898058
898058_seg_147000,898058
898058_seg_150000,898058
898058_seg_156000,898058
898058_seg_159000,898058
898058_seg_168000,898058
898058_seg_171000,898058
898058_seg_198000,898058
898058_seg_201000,898058
898058_seg_213000,898058
898058_seg_225000,898058
898058_seg_231000,898058
898058_seg_234000,898058
898058_seg_240000,898058
898058_seg_243000,898058
897551_seg_15000,897551
896752_seg_0,896752
896752_seg_3000,896752
896752_seg_6000,896752
896752_seg_9000,896752
896752_seg_15000,896752
896752_seg_18000,896752
896752_seg_24000,896752
896752_seg_27000,896752
896752_seg_30000,896752
896752_seg_33000,896752
896752_seg_36000,896752
896752_seg_45000,896752
896752_seg_54000,896752
896752_seg_66000,896752
896752_seg_72000,896752
896752_seg_75000,896752
896752_seg_78000,896752
896752_seg_81000,896752
896752_seg_84000,896752
896752_seg_87000,896752
896752_seg_93000,896752
894412_seg_0,894412
894412_seg_3000,894412
894412_seg_6000,894412
894412_seg_9000,894412
894412_seg_12000,894412
894412_seg_15000,894412
894412_seg_18000,894412
894271_seg_18000,894271
894271_seg_27000,894271
894271_seg_33000,894271
894271_seg_36000,894271
894271_seg_39000,894271
894271_seg_48000,894271
894261_seg_0,894261
894261_seg_3000,894261
894261_seg_6000,894261
894261_seg_9000,894261
894261_seg_12000,894261
894261_seg_15000,894261
894261_seg_18000,894261
894261_seg_21000,894261
894261_seg_24000,894261
894261_seg_27000,894261
894261_seg_30000,894261
894261_seg_33000,894261
894261_seg_39000,894261
894261_seg_48000,894261
892721_seg_0,892721
892721_seg_12000,892721
892721_seg_18000,892721
892687_seg_3000,892687
892687_seg_6000,892687
892687_seg_15000,892687
892687_seg_48000,892687
892687_seg_54000,892687
892685_seg_3000,892685
892685_seg_6000,892685
892685_seg_12000,892685
892685_seg_15000,892685
892685_seg_21000,892685
892685_seg_48000,892685
892681_seg_15000,892681
892681_seg_78000,892681
892636_seg_0,892636
892636_seg_6000,892636
892636_seg_9000,892636
892636_seg_15000,892636
891891_seg_0,891891
891891_seg_6000,891891
891891_seg_9000,891891
891891_seg_12000,891891
891891_seg_15000,891891
891891_seg_18000,891891
891891_seg_21000,891891
891891_seg_24000,891891
891891_seg_30000,891891
891891_seg_33000,891891
891891_seg_36000,891891
891891_seg_42000,891891
891891_seg_48000,891891
891891_seg_51000,891891
891891_seg_54000,891891
891891_seg_69000,891891
891891_seg_72000,891891
891891_seg_75000,891891
891891_seg_78000,891891
891891_seg_84000,891891
891891_seg_87000,891891
891891_seg_90000,891891
891891_seg_96000,891891
891891_seg_99000,891891
891891_seg_105000,891891
891891_seg_108000,891891
891891_seg_114000,891891
891891_seg_117000,891891
891891_seg_120000,891891
891891_seg_132000,891891
891891_seg_138000,891891
891891_seg_141000,891891
891891_seg_144000,891891
891891_seg_150000,891891
891891_seg_153000,891891
891891_seg_162000,891891
891891_seg_168000,891891
891891_seg_174000,891891
891891_seg_180000,891891
891891_seg_183000,891891
891891_seg_189000,891891
891891_seg_192000,891891
891891_seg_198000,891891
891891_seg_201000,891891
891891_seg_207000,891891
891891_seg_210000,891891
891891_seg_213000,891891
891891_seg_216000,891891
891891_seg_222000,891891
891891_seg_225000,891891
891891_seg_231000,891891
891891_seg_234000,891891
884515_seg_3000,884515
884515_seg_9000,884515
884515_seg_12000,884515
884515_seg_15000,884515
884515_seg_18000,884515
884515_seg_21000,884515
884515_seg_24000,884515
884515_seg_27000,884515
884515_seg_30000,884515
884515_seg_33000,884515
884515_seg_36000,884515
884515_seg_42000,884515
884515_seg_48000,884515
884515_seg_51000,884515
884515_seg_54000,884515
884515_seg_57000,884515
884515_seg_63000,884515
884515_seg_66000,884515
884515_seg_72000,884515
884515_seg_78000,884515
884515_seg_81000,884515
884004_seg_0,884004
884004_seg_3000,884004
884004_seg_9000,884004
884004_seg_12000,884004
884004_seg_15000,884004
884004_seg_18000,884004
884004_seg_21000,884004
884004_seg_27000,884004
884004_seg_33000,884004
884004_seg_36000,884004
883369_seg_21000,883369
883369_seg_30000,883369
883369_seg_36000,883369
883339_seg_0,883339
883339_seg_6000,883339
883339_seg_12000,883339
883339_seg_15000,883339
883339_seg_18000,883339
883339_seg_21000,883339
883339_seg_24000,883339
883339_seg_27000,883339
883339_seg_30000,883339
883339_seg_33000,883339
883339_seg_36000,883339
883339_seg_39000,883339
881937_seg_0,881937
881937_seg_3000,881937
881937_seg_6000,881937
881937_seg_15000,881937
881937_seg_18000,881937
881937_seg_27000,881937
881937_seg_33000,881937
881936_seg_0,881936
881936_seg_6000,881936
881936_seg_9000,881936
881936_seg_21000,881936
881936_seg_51000,881936
881936_seg_54000,881936
881936_seg_69000,881936
881936_seg_72000,881936
881936_seg_75000,881936
881936_seg_78000,881936
881418_seg_6000,881418
881418_seg_9000,881418
881418_seg_12000,881418
881418_seg_15000,881418
881418_seg_18000,881418
881418_seg_27000,881418
881418_seg_30000,881418
881418_seg_33000,881418
881418_seg_45000,881418
881418_seg_48000,881418
881418_seg_51000,881418
881418_seg_54000,881418
881418_seg_57000,881418
881418_seg_60000,881418
881418_seg_63000,881418
881418_seg_69000,881418
881418_seg_72000,881418
881418_seg_75000,881418
881418_seg_78000,881418
881418_seg_81000,881418
881418_seg_84000,881418
881418_seg_87000,881418
881418_seg_93000,881418
881418_seg_96000,881418
881418_seg_102000,881418
881418_seg_105000,881418
881418_seg_108000,881418
881418_seg_111000,881418
881418_seg_117000,881418
881418_seg_123000,881418
881418_seg_126000,881418
881418_seg_129000,881418
881388_seg_0,881388
881388_seg_6000,881388
881388_seg_9000,881388
880828_seg_0,880828
880828_seg_3000,880828
880828_seg_6000,880828
880828_seg_9000,880828
880828_seg_12000,880828
880828_seg_15000,880828
880828_seg_18000,880828
880597_seg_9000,880597
880597_seg_21000,880597
880597_seg_24000,880597
880597_seg_27000,880597
880597_seg_33000,880597
880597_seg_54000,880597
880597_seg_57000,880597
870729_seg_0,870729
865022_seg_6000,865022
865022_seg_15000,865022
865022_seg_18000,865022
865022_seg_21000,865022
865022_seg_27000,865022
855469_seg_0,855469
855469_seg_3000,855469
855469_seg_9000,855469
855469_seg_12000,855469
855469_seg_21000,855469
855469_seg_24000,855469
855469_seg_27000,855469
855469_seg_33000,855469
855469_seg_36000,855469
855469_seg_39000,855469
855469_seg_42000,855469
855469_seg_45000,855469
855469_seg_48000,855469
830563_seg_0,830563
830563_seg_6000,830563
830563_seg_12000,830563
830563_seg_18000,830563
830563_seg_24000,830563
830563_seg_30000,830563
830563_seg_33000,830563
830563_seg_39000,830563
820768_seg_21000,820768
815294_seg_0,815294
815294_seg_6000,815294
815294_seg_9000,815294
815294_seg_15000,815294
815294_seg_18000,815294
815294_seg_21000,815294
815294_seg_24000,815294
815294_seg_30000,815294
811564_seg_3000,811564
811564_seg_6000,811564
811564_seg_9000,811564
811564_seg_15000,811564
811564_seg_18000,811564
811564_seg_21000,811564
811564_seg_24000,811564
811564_seg_27000,811564
811564_seg_30000,811564
811564_seg_33000,811564
811564_seg_36000,811564
811564_seg_42000,811564
811564_seg_48000,811564
811564_seg_51000,811564
811564_seg_54000,811564
811564_seg_60000,811564
811564_seg_63000,811564
811564_seg_66000,811564
811564_seg_72000,811564
811564_seg_81000,811564
811564_seg_87000,811564
811564_seg_90000,811564
805658_seg_0,805658
805658_seg_3000,805658
805658_seg_6000,805658
805658_seg_9000,805658
805512_seg_0,805512
805512_seg_6000,805512
805512_seg_9000,805512
805512_seg_12000,805512
805512_seg_15000,805512
805512_seg_21000,805512
805512_seg_30000,805512
805295_seg_0,805295
801514_seg_0,801514
801514_seg_45000,801514
801512_seg_0,801512
801512_seg_12000,801512
801512_seg_24000,801512
801512_seg_27000,801512
801512_seg_39000,801512
801512_seg_45000,801512
801512_seg_48000,801512
801512_seg_51000,801512
801512_seg_54000,801512
801512_seg_57000,801512
801512_seg_60000,801512
801512_seg_63000,801512
801512_seg_66000,801512
801348_seg_0,801348
801348_seg_18000,801348
801209_seg_0,801209
801209_seg_9000,801209
801209_seg_27000,801209
801209_seg_36000,801209
801201_seg_0,801201
801201_seg_6000,801201
801201_seg_9000,801201
801201_seg_12000,801201
801201_seg_18000,801201
801201_seg_36000,801201
801201_seg_45000,801201
801201_seg_54000,801201
800571_seg_36000,800571
800571_seg_39000,800571
800571_seg_42000,800571
800571_seg_45000,800571
800571_seg_48000,800571
800571_seg_51000,800571
800571_seg_54000,800571
800571_seg_57000,800571
798960_seg_0,798960
798960_seg_3000,798960
798960_seg_6000,798960
798960_seg_9000,798960
798960_seg_12000,798960
798960_seg_15000,798960
798960_seg_18000,798960
798960_seg_21000,798960
798051_seg_3000,798051
797614_seg_0,797614
797614_seg_6000,797614
797614_seg_12000,797614
797614_seg_15000,797614
797614_seg_18000,797614
797614_seg_21000,797614
797614_seg_24000,797614
797614_seg_27000,797614
797614_seg_30000,797614
797614_seg_33000,797614
797614_seg_36000,797614
797614_seg_39000,797614
797614_seg_42000,797614
797614_seg_45000,797614
797614_seg_48000,797614
796011_seg_0,796011
796011_seg_3000,796011
796011_seg_9000,796011
793976_seg_0,793976
793976_seg_3000,793976
793976_seg_6000,793976
793976_seg_9000,793976
793976_seg_12000,793976
793976_seg_15000,793976
793976_seg_18000,793976
793976_seg_21000,793976
793976_seg_24000,793976
793976_seg_30000,793976
793976_seg_33000,793976
793976_seg_36000,793976
793976_seg_39000,793976
793976_seg_42000,793976
793976_seg_45000,793976
793976_seg_48000,793976
793976_seg_51000,793976
793976_seg_54000,793976
793976_seg_57000,793976
793976_seg_60000,793976
793976_seg_63000,793976
793976_seg_69000,793976
793976_seg_75000,793976
793976_seg_84000,793976
793976_seg_87000,793976
793976_seg_90000,793976
793976_seg_93000,793976
793973_seg_0,793973
793973_seg_3000,793973
793973_seg_6000,793973
793973_seg_9000,793973
793973_seg_15000,793973
793973_seg_18000,793973
793973_seg_21000,793973
793973_seg_24000,793973
793973_seg_27000,793973
793973_seg_30000,793973
793973_seg_33000,793973
793973_seg_36000,793973
793973_seg_39000,793973
793973_seg_42000,793973
793973_seg_45000,793973
793973_seg_48000,793973
793973_seg_51000,793973
793973_seg_54000,793973
793973_seg_57000,793973
793973_seg_60000,793973
793973_seg_66000,793973
793973_seg_72000,793973
793973_seg_75000,793973
793973_seg_78000,793973
793973_seg_81000,793973
793973_seg_84000,793973
793973_seg_87000,793973
793973_seg_90000,793973
793973_seg_93000,793973
793973_seg_96000,793973
793973_seg_99000,793973
793973_seg_102000,793973
793973_seg_105000,793973
793973_seg_108000,793973
793973_seg_111000,793973
793973_seg_114000,793973
793973_seg_117000,793973
793973_seg_120000,793973
793552_seg_0,793552
793552_seg_3000,793552
793552_seg_6000,793552
793552_seg_15000,793552
793552_seg_18000,793552
793552_seg_21000,793552
793552_seg_24000,793552
793552_seg_30000,793552
793552_seg_33000,793552
793552_seg_42000,793552
793552_seg_45000,793552
793552_seg_48000,793552
793552_seg_60000,793552
793158_seg_0,793158
792834_seg_0,792834
792834_seg_6000,792834
792834_seg_9000,792834
792834_seg_15000,792834
792834_seg_18000,792834
790993_seg_195000,790993
790993_seg_198000,790993
790993_seg_204000,790993
790993_seg_210000,790993
790993_seg_216000,790993
790993_seg_222000,790993
790993_seg_228000,790993
790978_seg_3000,790978
790978_seg_21000,790978
790978_seg_36000,790978
790978_seg_39000,790978
790978_seg_54000,790978
790978_seg_57000,790978
790978_seg_60000,790978
790978_seg_66000,790978
790460_seg_0,790460
790460_seg_3000,790460
790460_seg_9000,790460
790460_seg_12000,790460
790460_seg_15000,790460
790460_seg_18000,790460
790460_seg_21000,790460
790460_seg_24000,790460
790460_seg_30000,790460
790460_seg_36000,790460
790460_seg_39000,790460
790460_seg_48000,790460
790460_seg_51000,790460
790335_seg_0,790335
790335_seg_3000,790335
790335_seg_6000,790335
790335_seg_9000,790335
790335_seg_12000,790335
790335_seg_15000,790335
790335_seg_18000,790335
790335_seg_21000,790335
790335_seg_24000,790335
788919_seg_3000,788919
788919_seg_6000,788919
788919_seg_9000,788919
788919_seg_12000,788919
788919_seg_15000,788919
788919_seg_18000,788919
788919_seg_21000,788919
788919_seg_24000,788919
788919_seg_45000,788919
788242_seg_0,788242
788242_seg_3000,788242
788242_seg_6000,788242
788242_seg_9000,788242
788242_seg_12000,788242
788242_seg_15000,788242
788242_seg_18000,788242
788242_seg_21000,788242
788242_seg_33000,788242
788242_seg_39000,788242
788242_seg_45000,788242
788242_seg_51000,788242
788242_seg_57000,788242
788242_seg_60000,788242
788242_seg_63000,788242
788242_seg_69000,788242
788242_seg_72000,788242
788242_seg_75000,788242
788242_seg_78000,788242
788242_seg_81000,788242
788242_seg_84000,788242
788242_seg_87000,788242
788242_seg_90000,788242
788242_seg_93000,788242
788242_seg_96000,788242
788242_seg_99000,788242
788242_seg_108000,788242
788242_seg_117000,788242
788242_seg_120000,788242
788242_seg_126000,788242
788242_seg_135000,788242
788242_seg_138000,788242
788242_seg_141000,788242
788242_seg_144000,788242
788242_seg_150000,788242
788242_seg_171000,788242
788242_seg_180000,788242
788242_seg_189000,788242
787365_seg_0,787365
787365_seg_6000,787365
787365_seg_9000,787365
787365_seg_15000,787365
787365_seg_21000,787365
787365_seg_24000,787365
787365_seg_39000,787365
787365_seg_42000,787365
787365_seg_48000,787365
787365_seg_57000,787365
787365_seg_72000,787365
787365_seg_81000,787365
787365_seg_90000,787365
787365_seg_96000,787365
787365_seg_102000,787365
787365_seg_105000,787365
787365_seg_108000,787365
787365_seg_117000,787365
787365_seg_123000,787365
787365_seg_138000,787365
787365_seg_141000,787365
787365_seg_144000,787365
787365_seg_147000,787365
787365_seg_153000,787365
787365_seg_165000,787365
787358_seg_0,787358
787358_seg_6000,787358
787358_seg_12000,787358
787358_seg_15000,787358
787358_seg_21000,787358
787358_seg_36000,787358
787358_seg_45000,787358
787358_seg_48000,787358
787358_seg_51000,787358
787358_seg_54000,787358
787358_seg_63000,787358
787358_seg_66000,787358
787358_seg_72000,787358
787358_seg_84000,787358
787358_seg_99000,787358
787358_seg_102000,787358
787269_seg_0,787269
787269_seg_3000,787269
787269_seg_6000,787269
787269_seg_9000,787269
787269_seg_12000,787269
787269_seg_15000,787269
787269_seg_18000,787269
787269_seg_21000,787269
787269_seg_24000,787269
787230_seg_0,787230
787230_seg_6000,787230
787230_seg_9000,787230
787230_seg_15000,787230
787230_seg_18000,787230
787230_seg_21000,787230
787230_seg_24000,787230
787230_seg_27000,787230
787101_seg_0,787101
787101_seg_6000,787101
787101_seg_12000,787101
787101_seg_21000,787101
787101_seg_27000,787101
787101_seg_30000,787101
787101_seg_33000,787101
786939_seg_9000,786939
786465_seg_0,786465
786465_seg_3000,786465
786465_seg_6000,786465
786465_seg_9000,786465
786465_seg_15000,786465
786465_seg_18000,786465
786465_seg_21000,786465
786465_seg_24000,786465
786465_seg_30000,786465
786465_seg_36000,786465
786465_seg_39000,786465
786465_seg_45000,786465
786465_seg_48000,786465
786465_seg_57000,786465
786465_seg_63000,786465
786465_seg_66000,786465
786465_seg_72000,786465
786465_seg_75000,786465
786465_seg_81000,786465
786465_seg_84000,786465
786465_seg_90000,786465
786465_seg_96000,786465
786465_seg_99000,786465
786465_seg_102000,786465
786465_seg_105000,786465
786465_seg_111000,786465
786465_seg_117000,786465
786465_seg_120000,786465
786465_seg_123000,786465
786465_seg_126000,786465
786167_seg_0,786167
786167_seg_6000,786167
786167_seg_9000,786167
786167_seg_15000,786167
786167_seg_18000,786167
786167_seg_21000,786167
785344_seg_0,785344
785344_seg_3000,785344
785344_seg_6000,785344
785342_seg_0,785342
785342_seg_3000,785342
785342_seg_6000,785342
785342_seg_9000,785342
784686_seg_0,784686
784686_seg_3000,784686
784686_seg_6000,784686
784686_seg_9000,784686
784686_seg_12000,784686
784686_seg_18000,784686
784685_seg_0,784685
784685_seg_3000,784685
784685_seg_6000,784685
784685_seg_9000,784685
784685_seg_12000,784685
784685_seg_15000,784685
784685_seg_18000,784685
784262_seg_0,784262
784262_seg_3000,784262
784262_seg_6000,784262
784262_seg_9000,784262
784262_seg_12000,784262
784262_seg_18000,784262
784262_seg_24000,784262
784260_seg_3000,784260
784260_seg_6000,784260
784260_seg_12000,784260
784260_seg_15000,784260
784260_seg_18000,784260
784260_seg_21000,784260
784260_seg_24000,784260
784260_seg_27000,784260
784260_seg_30000,784260
784260_seg_33000,784260
784260_seg_36000,784260
784260_seg_39000,784260
784259_seg_0,784259
784259_seg_3000,784259
784259_seg_6000,784259
784259_seg_9000,784259
784259_seg_12000,784259
784259_seg_18000,784259
784259_seg_21000,784259
784259_seg_24000,784259
784259_seg_33000,784259
784259_seg_36000,784259
784259_seg_39000,784259
784259_seg_45000,784259
784259_seg_48000,784259
784259_seg_54000,784259
784259_seg_60000,784259
784259_seg_63000,784259
784258_seg_3000,784258
784258_seg_6000,784258
784258_seg_12000,784258
784258_seg_15000,784258
784258_seg_21000,784258
784258_seg_27000,784258
784258_seg_30000,784258
784257_seg_0,784257
784257_seg_3000,784257
784257_seg_6000,784257
784257_seg_9000,784257
784257_seg_15000,784257
784257_seg_18000,784257
784257_seg_21000,784257
784257_seg_30000,784257
784257_seg_33000,784257
784257_seg_39000,784257
784257_seg_45000,784257
784257_seg_48000,784257
784257_seg_54000,784257
784257_seg_57000,784257
784256_seg_0,784256
784256_seg_3000,784256
784256_seg_6000,784256
784256_seg_9000,784256
784256_seg_12000,784256
784256_seg_15000,784256
784256_seg_18000,784256
784256_seg_21000,784256
784256_seg_24000,784256
784256_seg_27000,784256
784256_seg_30000,784256
784255_seg_0,784255
784255_seg_3000,784255
784255_seg_6000,784255
784255_seg_9000,784255
784255_seg_12000,784255
784255_seg_15000,784255
784255_seg_18000,784255
784255_seg_21000,784255
784255_seg_24000,784255
784255_seg_27000,784255
784255_seg_30000,784255
784255_seg_33000,784255
784255_seg_39000,784255
784255_seg_42000,784255
784255_seg_45000,784255
784255_seg_48000,784255
784255_seg_51000,784255
784255_seg_54000,784255
784255_seg_57000,784255
784255_seg_60000,784255
784030_seg_0,784030
784030_seg_3000,784030
784030_seg_6000,784030
784030_seg_12000,784030
784030_seg_18000,784030
784029_seg_3000,784029
784029_seg_6000,784029
784029_seg_9000,784029
784029_seg_12000,784029
784029_seg_18000,784029
784029_seg_24000,784029
784029_seg_27000,784029
784029_seg_30000,784029
784029_seg_33000,784029
784029_seg_36000,784029
784029_seg_39000,784029
784029_seg_42000,784029
784029_seg_51000,784029
777118_seg_0,777118
777118_seg_6000,777118
777118_seg_9000,777118
777118_seg_15000,777118
777116_seg_0,777116
777116_seg_9000,777116
777116_seg_18000,777116
777116_seg_27000,777116
777116_seg_33000,777116
777116_seg_39000,777116
777116_seg_42000,777116
776383_seg_0,776383
776383_seg_6000,776383
776383_seg_15000,776383
776383_seg_18000,776383
776383_seg_21000,776383
776383_seg_24000,776383
776383_seg_27000,776383
776383_seg_30000,776383
776383_seg_33000,776383
776383_seg_42000,776383
776383_seg_51000,776383
776383_seg_54000,776383
776383_seg_60000,776383
776383_seg_63000,776383
776383_seg_66000,776383
770769_seg_0,770769
770769_seg_9000,770769
770769_seg_12000,770769
770769_seg_15000,770769
770769_seg_18000,770769
770769_seg_24000,770769
770769_seg_27000,770769
770769_seg_30000,770769
770769_seg_39000,770769
770769_seg_45000,770769
770769_seg_48000,770769
770769_seg_54000,770769
770769_seg_57000,770769
770769_seg_63000,770769
770769_seg_66000,770769
770764_seg_210000,770764
770764_seg_213000,770764
770764_seg_216000,770764
770764_seg_219000,770764
770764_seg_222000,770764
770764_seg_225000,770764
770764_seg_228000,770764
770764_seg_231000,770764
770764_seg_234000,770764
770764_seg_237000,770764
770764_seg_240000,770764
770764_seg_243000,770764
770764_seg_246000,770764
770764_seg_249000,770764
770764_seg_252000,770764
770764_seg_255000,770764
770764_seg_258000,770764
770764_seg_261000,770764
770764_seg_264000,770764
770764_seg_267000,770764
770764_seg_270000,770764
770764_seg_273000,770764
770764_seg_276000,770764
770764_seg_279000,770764
770764_seg_282000,770764
770764_seg_285000,770764
770764_seg_288000,770764
770764_seg_291000,770764
770764_seg_294000,770764
770764_seg_297000,770764
770764_seg_303000,770764
770764_seg_306000,770764
770764_seg_309000,770764
770764_seg_312000,770764
770764_seg_315000,770764
770764_seg_318000,770764
770764_seg_321000,770764
770764_seg_324000,770764
770764_seg_327000,770764
770764_seg_330000,770764
770764_seg_336000,770764
770764_seg_339000,770764
770764_seg_342000,770764
770764_seg_345000,770764
770764_seg_348000,770764
770764_seg_351000,770764
770764_seg_354000,770764
770764_seg_360000,770764
770764_seg_363000,770764
770764_seg_366000,770764
770764_seg_369000,770764
770764_seg_372000,770764
770764_seg_375000,770764
770764_seg_378000,770764
770764_seg_381000,770764
770764_seg_390000,770764
770764_seg_396000,770764
770764_seg_402000,770764
770764_seg_405000,770764
770764_seg_408000,770764
770764_seg_414000,770764
770764_seg_420000,770764
770764_seg_426000,770764
770764_seg_435000,770764
770764_seg_441000,770764
770764_seg_447000,770764
770764_seg_450000,770764
770764_seg_459000,770764
770764_seg_462000,770764
770764_seg_465000,770764
770764_seg_471000,770764
770764_seg_477000,770764
770764_seg_486000,770764
770764_seg_489000,770764
770764_seg_492000,770764
770764_seg_498000,770764
770764_seg_501000,770764
770764_seg_507000,770764
770764_seg_513000,770764
770764_seg_516000,770764
770764_seg_519000,770764
770764_seg_522000,770764
770764_seg_528000,770764
770764_seg_534000,770764
770764_seg_540000,770764
770764_seg_543000,770764
770764_seg_546000,770764
770764_seg_549000,770764
770764_seg_552000,770764
770764_seg_555000,770764
770764_seg_558000,770764
770764_seg_561000,770764
770764_seg_564000,770764
770764_seg_567000,770764
770764_seg_570000,770764
770764_seg_576000,770764
770764_seg_579000,770764
770764_seg_582000,770764
770764_seg_585000,770764
770764_seg_588000,770764
770764_seg_594000,770764
770764_seg_600000,770764
770764_seg_603000,770764
770764_seg_606000,770764
770764_seg_615000,770764
770764_seg_624000,770764
770764_seg_627000,770764
770764_seg_630000,770764
770764_seg_633000,770764
770764_seg_639000,770764
770764_seg_642000,770764
770764_seg_645000,770764
770764_seg_651000,770764
770764_seg_657000,770764
770764_seg_660000,770764
770764_seg_663000,770764
770764_seg_669000,770764
770764_seg_675000,770764
770764_seg_678000,770764
770764_seg_681000,770764
770764_seg_687000,770764
770764_seg_690000,770764
770764_seg_696000,770764
770764_seg_702000,770764
770764_seg_705000,770764
770764_seg_711000,770764
770764_seg_714000,770764
770764_seg_717000,770764
770764_seg_723000,770764
770764_seg_726000,770764
770764_seg_729000,770764
770764_seg_735000,770764
770764_seg_738000,770764
770764_seg_741000,770764
770764_seg_750000,770764
770764_seg_753000,770764
770764_seg_759000,770764
770764_seg_1035000,770764
770764_seg_1050000,770764
770763_seg_6000,770763
770763_seg_9000,770763
770763_seg_12000,770763
770763_seg_15000,770763
770763_seg_18000,770763
770763_seg_21000,770763
770763_seg_24000,770763
770763_seg_27000,770763
770763_seg_30000,770763
770763_seg_33000,770763
770763_seg_36000,770763
770763_seg_42000,770763
770763_seg_45000,770763
770763_seg_48000,770763
770763_seg_54000,770763
770763_seg_57000,770763
770763_seg_63000,770763
770763_seg_66000,770763
770763_seg_72000,770763
770763_seg_75000,770763
770763_seg_81000,770763
770763_seg_87000,770763
770763_seg_93000,770763
770763_seg_99000,770763
770763_seg_108000,770763
770763_seg_111000,770763
770763_seg_114000,770763
770763_seg_117000,770763
770763_seg_120000,770763
770763_seg_123000,770763
770763_seg_126000,770763
770763_seg_129000,770763
770763_seg_132000,770763
770763_seg_135000,770763
770763_seg_138000,770763
770763_seg_141000,770763
770763_seg_144000,770763
770763_seg_147000,770763
770763_seg_153000,770763
770763_seg_156000,770763
770763_seg_159000,770763
770763_seg_162000,770763
770763_seg_165000,770763
770763_seg_168000,770763
770763_seg_171000,770763
770763_seg_177000,770763
770763_seg_180000,770763
770763_seg_183000,770763
761621_seg_0,761621
761621_seg_3000,761621
761621_seg_6000,761621
761621_seg_9000,761621
761621_seg_12000,761621
761621_seg_15000,761621
761621_seg_18000,761621
761621_seg_21000,761621
760100_seg_0,760100
760100_seg_3000,760100
760100_seg_9000,760100
760100_seg_15000,760100
757053_seg_0,757053
757053_seg_3000,757053
757053_seg_6000,757053
757053_seg_9000,757053
757053_seg_15000,757053
757053_seg_18000,757053
757049_seg_54000,757049
757024_seg_0,757024
757024_seg_3000,757024
757024_seg_6000,757024
757024_seg_9000,757024
757024_seg_12000,757024
757024_seg_15000,757024
757024_seg_18000,757024
755602_seg_0,755602
755602_seg_3000,755602
755602_seg_6000,755602
755602_seg_9000,755602
733243_seg_6000,733243
726467_seg_0,726467
726467_seg_12000,726467
726467_seg_15000,726467
724867_seg_0,724867
724867_seg_6000,724867
724867_seg_12000,724867
717009_seg_0,717009
717009_seg_3000,717009
717009_seg_12000,717009
717009_seg_15000,717009
717009_seg_24000,717009
717009_seg_33000,717009
717009_seg_36000,717009
717009_seg_45000,717009
717009_seg_51000,717009
716952_seg_0,716952
716952_seg_18000,716952
716952_seg_27000,716952
716952_seg_30000,716952
716952_seg_39000,716952
716952_seg_45000,716952
716952_seg_48000,716952
716952_seg_51000,716952
716952_seg_54000,716952
716952_seg_60000,716952
716952_seg_63000,716952
716952_seg_69000,716952
716606_seg_3000,716606
716606_seg_6000,716606
716606_seg_9000,716606
716606_seg_12000,716606
716606_seg_18000,716606
716606_seg_24000,716606
716606_seg_30000,716606
716606_seg_39000,716606
716606_seg_42000,716606
716606_seg_45000,716606
716606_seg_51000,716606
714096_seg_0,714096
714096_seg_6000,714096
714096_seg_9000,714096
714096_seg_18000,714096
714096_seg_24000,714096
714096_seg_33000,714096
714096_seg_45000,714096
714096_seg_54000,714096
714096_seg_63000,714096
714096_seg_81000,714096
714096_seg_90000,714096
714096_seg_99000,714096
714096_seg_111000,714096
714096_seg_120000,714096
714096_seg_138000,714096
712876_seg_0,712876
712876_seg_3000,712876
712876_seg_6000,712876
712876_seg_12000,712876
712876_seg_15000,712876
712876_seg_27000,712876
712876_seg_30000,712876
712876_seg_39000,712876
712876_seg_57000,712876
712876_seg_60000,712876
712876_seg_63000,712876
712876_seg_69000,712876
712876_seg_72000,712876
712876_seg_75000,712876
712876_seg_81000,712876
712876_seg_84000,712876
712876_seg_102000,712876
712876_seg_108000,712876
712876_seg_129000,712876
712876_seg_135000,712876
712876_seg_147000,712876
712856_seg_0,712856
712856_seg_3000,712856
712856_seg_6000,712856
712856_seg_9000,712856
712856_seg_12000,712856
712856_seg_15000,712856
712856_seg_21000,712856
712856_seg_24000,712856
712856_seg_27000,712856
712856_seg_30000,712856
712856_seg_33000,712856
712856_seg_39000,712856
712856_seg_42000,712856
712856_seg_48000,712856
712856_seg_54000,712856
712856_seg_57000,712856
712851_seg_0,712851
712851_seg_6000,712851
712851_seg_9000,712851
712851_seg_12000,712851
712851_seg_27000,712851
712847_seg_0,712847
712847_seg_6000,712847
712847_seg_9000,712847
712847_seg_12000,712847
712847_seg_15000,712847
712847_seg_18000,712847
712847_seg_21000,712847
712847_seg_24000,712847
712847_seg_27000,712847
712847_seg_30000,712847
712847_seg_33000,712847
712847_seg_36000,712847
712847_seg_39000,712847
712847_seg_42000,712847
712847_seg_45000,712847
712847_seg_48000,712847
712847_seg_51000,712847
712847_seg_54000,712847
712847_seg_57000,712847
712847_seg_63000,712847
712847_seg_69000,712847
712847_seg_75000,712847
712847_seg_78000,712847
712847_seg_81000,712847
712847_seg_84000,712847
712847_seg_90000,712847
712847_seg_96000,712847
712847_seg_99000,712847
712847_seg_102000,712847
712847_seg_105000,712847
712847_seg_108000,712847
712847_seg_111000,712847
712847_seg_114000,712847
712847_seg_117000,712847
712847_seg_120000,712847
712847_seg_123000,712847
712847_seg_129000,712847
712847_seg_132000,712847
712847_seg_135000,712847
712847_seg_141000,712847
712847_seg_144000,712847
712847_seg_147000,712847
712847_seg_150000,712847
712847_seg_156000,712847
712847_seg_159000,712847
712847_seg_162000,712847
712847_seg_165000,712847
712847_seg_168000,712847
712847_seg_174000,712847
712847_seg_180000,712847
712847_seg_183000,712847
712760_seg_0,712760
712760_seg_3000,712760
712760_seg_6000,712760
712760_seg_9000,712760
712760_seg_12000,712760
712760_seg_15000,712760
712760_seg_18000,712760
712760_seg_21000,712760
712760_seg_24000,712760
712760_seg_27000,712760
712760_seg_30000,712760
712760_seg_33000,712760
712760_seg_36000,712760
712760_seg_39000,712760
712760_seg_42000,712760
712760_seg_45000,712760
712760_seg_48000,712760
712760_seg_51000,712760
712760_seg_57000,712760
712760_seg_60000,712760
712760_seg_63000,712760
712760_seg_66000,712760
712760_seg_69000,712760
712760_seg_72000,712760
712760_seg_75000,712760
712760_seg_78000,712760
712760_seg_81000,712760
712760_seg_87000,712760
712760_seg_90000,712760
712760_seg_93000,712760
712760_seg_96000,712760
712760_seg_99000,712760
712760_seg_102000,712760
712760_seg_105000,712760
712760_seg_108000,712760
712760_seg_111000,712760
712760_seg_117000,712760
712760_seg_126000,712760
712760_seg_129000,712760
712760_seg_132000,712760
712760_seg_138000,712760
712760_seg_144000,712760
712760_seg_165000,712760
712760_seg_171000,712760
712760_seg_174000,712760
712760_seg_177000,712760
712760_seg_180000,712760
712760_seg_183000,712760
712760_seg_186000,712760
712760_seg_189000,712760
712760_seg_192000,712760
712760_seg_195000,712760
712760_seg_198000,712760
712760_seg_201000,712760
712760_seg_204000,712760
712760_seg_210000,712760
710312_seg_0,710312
710312_seg_3000,710312
710312_seg_6000,710312
710312_seg_9000,710312
710312_seg_12000,710312
710312_seg_15000,710312
710312_seg_18000,710312
710312_seg_21000,710312
710312_seg_24000,710312
710312_seg_27000,710312
710312_seg_30000,710312
710312_seg_33000,710312
710312_seg_39000,710312
710312_seg_45000,710312
710261_seg_0,710261
710261_seg_6000,710261
710261_seg_9000,710261
710261_seg_12000,710261
710261_seg_15000,710261
710138_seg_0,710138
710138_seg_3000,710138
710138_seg_9000,710138
710138_seg_12000,710138
710138_seg_18000,710138
710138_seg_24000,710138
709355_seg_0,709355
709355_seg_3000,709355
709355_seg_6000,709355
709355_seg_9000,709355
706028_seg_3000,706028
706028_seg_6000,706028
706028_seg_12000,706028
706028_seg_15000,706028
706028_seg_18000,706028
706028_seg_21000,706028
706028_seg_27000,706028
706028_seg_30000,706028
685416_seg_0,685416
685416_seg_3000,685416
685416_seg_6000,685416
685416_seg_9000,685416
685416_seg_12000,685416
685404_seg_3000,685404
682784_seg_0,682784
682784_seg_3000,682784
682784_seg_6000,682784
682784_seg_12000,682784
680207_seg_0,680207
680207_seg_3000,680207
680207_seg_6000,680207
680207_seg_9000,680207
680207_seg_12000,680207
680207_seg_15000,680207
680207_seg_18000,680207
680207_seg_21000,680207
680207_seg_24000,680207
680207_seg_27000,680207
680207_seg_33000,680207
679873_seg_3000,679873
679873_seg_12000,679873
679873_seg_21000,679873
668113_seg_0,668113
668113_seg_6000,668113
668113_seg_18000,668113
668113_seg_24000,668113
668113_seg_27000,668113
665980_seg_0,665980
665980_seg_3000,665980
665980_seg_21000,665980
665980_seg_33000,665980
657525_seg_0,657525
657525_seg_12000,657525
657525_seg_21000,657525
657525_seg_30000,657525
657525_seg_42000,657525
657525_seg_45000,657525
657525_seg_48000,657525
657525_seg_54000,657525
652304_seg_0,652304
652304_seg_3000,652304
652304_seg_6000,652304
652304_seg_12000,652304
652304_seg_15000,652304
652304_seg_18000,652304
652304_seg_21000,652304
652304_seg_27000,652304
652304_seg_33000,652304
652304_seg_36000,652304
652304_seg_45000,652304
650253_seg_3000,650253
650253_seg_6000,650253
650253_seg_12000,650253
650253_seg_15000,650253
650253_seg_18000,650253
650253_seg_21000,650253
650253_seg_24000,650253
650253_seg_30000,650253
650107_seg_0,650107
650107_seg_3000,650107
650107_seg_9000,650107
650107_seg_12000,650107
650107_seg_15000,650107
650107_seg_18000,650107
650107_seg_21000,650107
650107_seg_27000,650107
650107_seg_33000,650107
650107_seg_36000,650107
650107_seg_39000,650107
650107_seg_42000,650107
650107_seg_45000,650107
650107_seg_48000,650107
650107_seg_51000,650107
650107_seg_54000,650107
650107_seg_60000,650107
650107_seg_63000,650107
650107_seg_66000,650107
650107_seg_69000,650107
650107_seg_72000,650107
650107_seg_75000,650107
650107_seg_78000,650107
650107_seg_81000,650107
650107_seg_84000,650107
650107_seg_87000,650107
650107_seg_96000,650107
650107_seg_99000,650107
650107_seg_102000,650107
650107_seg_105000,650107
650107_seg_108000,650107
650107_seg_111000,650107
650107_seg_114000,650107
650107_seg_117000,650107
650107_seg_120000,650107
650107_seg_123000,650107
650107_seg_126000,650107
650107_seg_129000,650107
650107_seg_132000,650107
650107_seg_135000,650107
650107_seg_138000,650107
650107_seg_141000,650107
650107_seg_144000,650107
650107_seg_147000,650107
650107_seg_150000,650107
650107_seg_153000,650107
650107_seg_156000,650107
650107_seg_159000,650107
650107_seg_162000,650107
650107_seg_165000,650107
650107_seg_168000,650107
650107_seg_171000,650107
650107_seg_177000,650107
650107_seg_180000,650107
650107_seg_183000,650107
650107_seg_186000,650107
650107_seg_189000,650107
650107_seg_192000,650107
650107_seg_195000,650107
650107_seg_201000,650107
650107_seg_204000,650107
650107_seg_207000,650107
650107_seg_210000,650107
650107_seg_213000,650107
650107_seg_216000,650107
650107_seg_219000,650107
650107_seg_225000,650107
650107_seg_228000,650107
650107_seg_231000,650107
650107_seg_234000,650107
650107_seg_237000,650107
650107_seg_240000,650107
650107_seg_243000,650107
650107_seg_246000,650107
650107_seg_252000,650107
650107_seg_255000,650107
650107_seg_258000,650107
650107_seg_261000,650107
650107_seg_267000,650107
650107_seg_273000,650107
650107_seg_276000,650107
650107_seg_279000,650107
650107_seg_282000,650107
650107_seg_285000,650107
650107_seg_288000,650107
650107_seg_291000,650107
650107_seg_297000,650107
650107_seg_300000,650107
650107_seg_303000,650107
650107_seg_306000,650107
650107_seg_309000,650107
650107_seg_312000,650107
650107_seg_315000,650107
650107_seg_321000,650107
650107_seg_324000,650107
650107_seg_330000,650107
650107_seg_336000,650107
650107_seg_339000,650107
650107_seg_342000,650107
650107_seg_345000,650107
650107_seg_348000,650107
650107_seg_351000,650107
650107_seg_354000,650107
650107_seg_360000,650107
650107_seg_363000,650107
650107_seg_366000,650107
650107_seg_369000,650107
650107_seg_372000,650107
650107_seg_375000,650107
650107_seg_378000,650107
650107_seg_381000,650107
650107_seg_387000,650107
650107_seg_393000,650107
650107_seg_396000,650107
650107_seg_399000,650107
650107_seg_402000,650107
650107_seg_405000,650107
650107_seg_408000,650107
650107_seg_414000,650107
650107_seg_420000,650107
650107_seg_423000,650107
650107_seg_426000,650107
650107_seg_429000,650107
650107_seg_432000,650107
650107_seg_435000,650107
650107_seg_438000,650107
650107_seg_441000,650107
650107_seg_447000,650107
650107_seg_453000,650107
650107_seg_459000,650107
650107_seg_465000,650107
650107_seg_468000,650107
650107_seg_471000,650107
650107_seg_474000,650107
650107_seg_477000,650107
650107_seg_483000,650107
650107_seg_489000,650107
650107_seg_492000,650107
650107_seg_495000,650107
650107_seg_501000,650107
650107_seg_504000,650107
650107_seg_507000,650107
650107_seg_510000,650107
650107_seg_513000,650107
650107_seg_516000,650107
650107_seg_522000,650107
650107_seg_525000,650107
650107_seg_528000,650107
650107_seg_531000,650107
650107_seg_534000,650107
650107_seg_537000,650107
650107_seg_540000,650107
650107_seg_543000,650107
650107_seg_549000,650107
650107_seg_555000,650107
650107_seg_561000,650107
650107_seg_567000,650107
650107_seg_573000,650107
650107_seg_579000,650107
650107_seg_582000,650107
650107_seg_585000,650107
650107_seg_588000,650107
650107_seg_591000,650107
650107_seg_597000,650107
650107_seg_600000,650107
650107_seg_606000,650107
650107_seg_609000,650107
650107_seg_612000,650107
650107_seg_615000,650107
650107_seg_618000,650107
650107_seg_621000,650107
650107_seg_624000,650107
650107_seg_627000,650107
650107_seg_633000,650107
650107_seg_636000,650107
650107_seg_639000,650107
650107_seg_642000,650107
650107_seg_645000,650107
650107_seg_648000,650107
650107_seg_651000,650107
650107_seg_654000,650107
650107_seg_657000,650107
650107_seg_660000,650107
650107_seg_663000,650107
650107_seg_666000,650107
650107_seg_672000,650107
650107_seg_675000,650107
650107_seg_678000,650107
650107_seg_681000,650107
650107_seg_684000,650107
650107_seg_687000,650107
650107_seg_690000,650107
650107_seg_693000,650107
650107_seg_699000,650107
650107_seg_702000,650107
650107_seg_711000,650107
650107_seg_714000,650107
650107_seg_717000,650107
650107_seg_720000,650107
650107_seg_726000,650107
650107_seg_729000,650107
650107_seg_732000,650107
650107_seg_735000,650107
650107_seg_738000,650107
650107_seg_741000,650107
650107_seg_744000,650107
650107_seg_747000,650107
650107_seg_750000,650107
650107_seg_753000,650107
650107_seg_756000,650107
650107_seg_759000,650107
650107_seg_762000,650107
650107_seg_765000,650107
650107_seg_771000,650107
650107_seg_774000,650107
650107_seg_780000,650107
650107_seg_786000,650107
650107_seg_789000,650107
650107_seg_795000,650107
650107_seg_798000,650107
650107_seg_801000,650107
650107_seg_804000,650107
650107_seg_810000,650107
650107_seg_816000,650107
650107_seg_822000,650107
650107_seg_825000,650107
650107_seg_828000,650107
650107_seg_831000,650107
650107_seg_834000,650107
650107_seg_837000,650107
650107_seg_843000,650107
650107_seg_846000,650107
650107_seg_849000,650107
650107_seg_855000,650107
650107_seg_861000,650107
650107_seg_864000,650107
650107_seg_867000,650107
650107_seg_870000,650107
650107_seg_876000,650107
650107_seg_879000,650107
650107_seg_882000,650107
650107_seg_885000,650107
650107_seg_888000,650107
650107_seg_891000,650107
650107_seg_894000,650107
650107_seg_897000,650107
650107_seg_903000,650107
650107_seg_909000,650107
650107_seg_915000,650107
650107_seg_921000,650107
650107_seg_924000,650107
650107_seg_927000,650107
650107_seg_933000,650107
650107_seg_939000,650107
650107_seg_945000,650107
650107_seg_951000,650107
650107_seg_954000,650107
650107_seg_957000,650107
650107_seg_963000,650107
650107_seg_966000,650107
650107_seg_969000,650107
650107_seg_972000,650107
650107_seg_978000,650107
650107_seg_984000,650107
650107_seg_987000,650107
650107_seg_990000,650107
650107_seg_993000,650107
650107_seg_996000,650107
650107_seg_999000,650107
650107_seg_1002000,650107
650107_seg_1008000,650107
650107_seg_1011000,650107
650107_seg_1014000,650107
650107_seg_1017000,650107
650107_seg_1020000,650107
650107_seg_1023000,650107
650107_seg_1026000,650107
650107_seg_1029000,650107
650107_seg_1032000,650107
650107_seg_1035000,650107
650107_seg_1038000,650107
650107_seg_1041000,650107
650107_seg_1044000,650107
650107_seg_1047000,650107
650107_seg_1050000,650107
650107_seg_1053000,650107
650107_seg_1056000,650107
650107_seg_1062000,650107
650107_seg_1065000,650107
650107_seg_1071000,650107
650107_seg_1074000,650107
650107_seg_1086000,650107
650107_seg_1089000,650107
650107_seg_1137000,650107
650107_seg_1146000,650107
650107_seg_1158000,650107
650107_seg_1161000,650107
650107_seg_1167000,650107
650107_seg_1173000,650107
650107_seg_1182000,650107
650107_seg_1191000,650107
650107_seg_1200000,650107
650107_seg_1209000,650107
650107_seg_1239000,650107
650107_seg_1245000,650107
650107_seg_1251000,650107
650107_seg_1254000,650107
650107_seg_1260000,650107
650107_seg_1263000,650107
650107_seg_1272000,650107
650107_seg_1275000,650107
650107_seg_1281000,650107
650107_seg_1284000,650107
650107_seg_1287000,650107
650107_seg_1290000,650107
650107_seg_1296000,650107
650107_seg_1299000,650107
650107_seg_1305000,650107
650107_seg_1311000,650107
650107_seg_1314000,650107
650107_seg_1323000,650107
650107_seg_1329000,650107
650107_seg_1332000,650107
650107_seg_1338000,650107
650107_seg_1341000,650107
650107_seg_1344000,650107
650107_seg_1347000,650107
650107_seg_1350000,650107
650107_seg_1353000,650107
650107_seg_1359000,650107
650107_seg_1371000,650107
650107_seg_1377000,650107
650107_seg_1380000,650107
650107_seg_1386000,650107
650107_seg_1389000,650107
648223_seg_0,648223
647067_seg_0,647067
647067_seg_9000,647067
647067_seg_15000,647067
647067_seg_27000,647067
647067_seg_36000,647067
647067_seg_39000,647067
647067_seg_48000,647067
646317_seg_0,646317
645962_seg_0,645962
645962_seg_6000,645962
645962_seg_9000,645962
645962_seg_12000,645962
645962_seg_15000,645962
645962_seg_18000,645962
645962_seg_21000,645962
645962_seg_24000,645962
645962_seg_27000,645962
645962_seg_30000,645962
645962_seg_33000,645962
645962_seg_36000,645962
645962_seg_39000,645962
645962_seg_42000,645962
645962_seg_45000,645962
645962_seg_48000,645962
645962_seg_51000,645962
645962_seg_54000,645962
645962_seg_63000,645962
645962_seg_66000,645962
645962_seg_69000,645962
645962_seg_72000,645962
645962_seg_75000,645962
645962_seg_78000,645962
645962_seg_81000,645962
645962_seg_87000,645962
645962_seg_90000,645962
645962_seg_96000,645962
645962_seg_99000,645962
645962_seg_102000,645962
645962_seg_105000,645962
645962_seg_108000,645962
645962_seg_111000,645962
645962_seg_114000,645962
645962_seg_117000,645962
645962_seg_120000,645962
645962_seg_123000,645962
645962_seg_129000,645962
645962_seg_132000,645962
645962_seg_135000,645962
645962_seg_138000,645962
645962_seg_141000,645962
645962_seg_144000,645962
645962_seg_147000,645962
645962_seg_150000,645962
645962_seg_153000,645962
644752_seg_0,644752
644752_seg_3000,644752
644752_seg_21000,644752
644752_seg_42000,644752
644726_seg_0,644726
644726_seg_6000,644726
644726_seg_12000,644726
644726_seg_21000,644726
644726_seg_33000,644726
644726_seg_51000,644726
644726_seg_57000,644726
644726_seg_63000,644726
644286_seg_0,644286
644286_seg_9000,644286
644286_seg_12000,644286
644286_seg_18000,644286
644286_seg_21000,644286
644286_seg_27000,644286
644286_seg_33000,644286
644286_seg_36000,644286
643720_seg_15000,643720
643720_seg_36000,643720
643720_seg_48000,643720
643556_seg_0,643556
643556_seg_3000,643556
643556_seg_6000,643556
643556_seg_9000,643556
643556_seg_12000,643556
643556_seg_15000,643556
643556_seg_18000,643556
643556_seg_21000,643556
643556_seg_24000,643556
643556_seg_27000,643556
643556_seg_30000,643556
643556_seg_33000,643556
643556_seg_36000,643556
643466_seg_9000,643466
641400_seg_0,641400
641400_seg_3000,641400
641400_seg_9000,641400
640678_seg_0,640678
640678_seg_21000,640678
640181_seg_0,640181
640181_seg_15000,640181
640181_seg_24000,640181
640181_seg_30000,640181
640181_seg_33000,640181
640181_seg_36000,640181
640181_seg_39000,640181
640181_seg_42000,640181
640181_seg_48000,640181
640181_seg_54000,640181
640181_seg_63000,640181
640181_seg_69000,640181
640181_seg_72000,640181
639786_seg_0,639786
639786_seg_6000,639786
639786_seg_12000,639786
639786_seg_15000,639786
639786_seg_21000,639786
639786_seg_24000,639786
639786_seg_30000,639786
639786_seg_36000,639786
639786_seg_39000,639786
639786_seg_45000,639786
639786_seg_48000,639786
639786_seg_54000,639786
639786_seg_60000,639786
639786_seg_69000,639786
639786_seg_78000,639786
637907_seg_0,637907
637907_seg_3000,637907
637907_seg_6000,637907
637907_seg_9000,637907
637907_seg_12000,637907
637907_seg_15000,637907
637907_seg_21000,637907
637907_seg_33000,637907
637907_seg_48000,637907
637907_seg_57000,637907
637745_seg_18000,637745
636709_seg_0,636709
636709_seg_6000,636709
636709_seg_9000,636709
636447_seg_0,636447
636447_seg_3000,636447
636447_seg_6000,636447
636447_seg_18000,636447
636447_seg_24000,636447
636447_seg_27000,636447
636447_seg_30000,636447
636447_seg_33000,636447
636447_seg_36000,636447
636447_seg_39000,636447
636447_seg_42000,636447
636447_seg_45000,636447
636447_seg_48000,636447
636447_seg_57000,636447
636436_seg_0,636436
636436_seg_3000,636436
636436_seg_6000,636436
636436_seg_9000,636436
636436_seg_12000,636436
636436_seg_15000,636436
636436_seg_18000,636436
636436_seg_21000,636436
636436_seg_24000,636436
636436_seg_27000,636436
636436_seg_33000,636436
636436_seg_39000,636436
636436_seg_42000,636436
636436_seg_45000,636436
636436_seg_48000,636436
636436_seg_51000,636436
636436_seg_57000,636436
636436_seg_63000,636436
636436_seg_66000,636436
636436_seg_72000,636436
636436_seg_78000,636436
636436_seg_81000,636436
636436_seg_90000,636436
636436_seg_93000,636436
636436_seg_99000,636436
636436_seg_105000,636436
636436_seg_108000,636436
636436_seg_111000,636436
636436_seg_120000,636436
636436_seg_126000,636436
636170_seg_0,636170
636170_seg_3000,636170
636170_seg_6000,636170
636170_seg_9000,636170
636170_seg_12000,636170
636170_seg_15000,636170
636170_seg_18000,636170
636170_seg_21000,636170
636170_seg_24000,636170
636170_seg_27000,636170
636170_seg_30000,636170
635617_seg_0,635617
635617_seg_6000,635617
635617_seg_9000,635617
635617_seg_12000,635617
635617_seg_18000,635617
635617_seg_24000,635617
635617_seg_27000,635617
635617_seg_33000,635617
635617_seg_36000,635617
635434_seg_0,635434
635136_seg_0,635136
635136_seg_3000,635136
635136_seg_6000,635136
635136_seg_9000,635136
635136_seg_12000,635136
635136_seg_15000,635136
634877_seg_0,634877
634877_seg_6000,634877
634877_seg_9000,634877
634877_seg_12000,634877
634877_seg_15000,634877
634877_seg_21000,634877
634877_seg_27000,634877
634877_seg_33000,634877
634877_seg_36000,634877
634877_seg_39000,634877
634877_seg_42000,634877
634877_seg_45000,634877
634877_seg_54000,634877
634877_seg_60000,634877
634877_seg_69000,634877
634877_seg_75000,634877
634877_seg_78000,634877
634877_seg_84000,634877
634877_seg_87000,634877
634513_seg_0,634513
634513_seg_12000,634513
634513_seg_15000,634513
634513_seg_18000,634513
634513_seg_21000,634513
634513_seg_24000,634513
634513_seg_27000,634513
634513_seg_39000,634513
634513_seg_45000,634513
634513_seg_48000,634513
632303_seg_0,632303
632303_seg_3000,632303
632303_seg_6000,632303
632303_seg_9000,632303
632303_seg_15000,632303
632303_seg_21000,632303
632303_seg_24000,632303
632303_seg_27000,632303
632303_seg_30000,632303
632303_seg_33000,632303
632303_seg_36000,632303
632303_seg_39000,632303
632303_seg_42000,632303
632303_seg_48000,632303
631989_seg_0,631989
631989_seg_3000,631989
631989_seg_6000,631989
631989_seg_9000,631989
631989_seg_12000,631989
631989_seg_15000,631989
631989_seg_18000,631989
631989_seg_21000,631989
631989_seg_24000,631989
631989_seg_27000,631989
631989_seg_30000,631989
631989_seg_33000,631989
631989_seg_36000,631989
631989_seg_39000,631989
631989_seg_42000,631989
631989_seg_45000,631989
631989_seg_48000,631989
631989_seg_51000,631989
631989_seg_54000,631989
631989_seg_57000,631989
631989_seg_60000,631989
631989_seg_63000,631989
631989_seg_66000,631989
631989_seg_69000,631989
631748_seg_0,631748
631747_seg_0,631747
631747_seg_3000,631747
631745_seg_15000,631745
631518_seg_0,631518
631518_seg_3000,631518
631518_seg_6000,631518
631518_seg_12000,631518
631518_seg_18000,631518
631518_seg_24000,631518
631518_seg_27000,631518
631518_seg_30000,631518
631491_seg_39000,631491
631491_seg_42000,631491
631491_seg_48000,631491
631491_seg_51000,631491
631491_seg_54000,631491
631491_seg_57000,631491
631491_seg_60000,631491
631491_seg_66000,631491
631491_seg_69000,631491
631491_seg_72000,631491
631491_seg_75000,631491
631491_seg_78000,631491
631491_seg_84000,631491
631491_seg_90000,631491
631491_seg_93000,631491
631491_seg_96000,631491
631491_seg_99000,631491
631491_seg_102000,631491
631491_seg_105000,631491
631491_seg_108000,631491
631491_seg_114000,631491
631491_seg_117000,631491
631491_seg_123000,631491
631491_seg_126000,631491
631491_seg_129000,631491
631491_seg_138000,631491
631491_seg_141000,631491
631491_seg_144000,631491
631491_seg_147000,631491
631491_seg_150000,631491
631491_seg_153000,631491
631491_seg_156000,631491
631491_seg_159000,631491
631491_seg_162000,631491
631491_seg_168000,631491
631491_seg_171000,631491
631491_seg_174000,631491
631491_seg_177000,631491
631491_seg_183000,631491
631491_seg_186000,631491
631491_seg_192000,631491
631491_seg_195000,631491
631491_seg_198000,631491
631491_seg_201000,631491
631491_seg_207000,631491
631491_seg_210000,631491
631491_seg_216000,631491
631491_seg_219000,631491
631491_seg_228000,631491
631491_seg_231000,631491
631491_seg_234000,631491
631491_seg_237000,631491
631491_seg_243000,631491
631491_seg_246000,631491
631491_seg_252000,631491
631491_seg_255000,631491
631491_seg_261000,631491
631491_seg_264000,631491
631491_seg_270000,631491
631491_seg_273000,631491
631491_seg_279000,631491
631491_seg_282000,631491
631491_seg_285000,631491
631491_seg_288000,631491
631491_seg_294000,631491
631491_seg_297000,631491
631491_seg_300000,631491
631491_seg_303000,631491
631491_seg_306000,631491
631491_seg_309000,631491
631491_seg_312000,631491
631491_seg_318000,631491
631491_seg_321000,631491
631491_seg_324000,631491
631491_seg_327000,631491
631491_seg_330000,631491
631491_seg_333000,631491
631491_seg_339000,631491
631491_seg_342000,631491
631491_seg_345000,631491
631491_seg_348000,631491
631491_seg_351000,631491
631491_seg_354000,631491
631491_seg_357000,631491
631491_seg_360000,631491
631491_seg_363000,631491
631491_seg_366000,631491
631491_seg_369000,631491
631491_seg_372000,631491
631491_seg_378000,631491
631491_seg_381000,631491
631491_seg_387000,631491
631491_seg_390000,631491
631491_seg_396000,631491
631491_seg_399000,631491
631491_seg_402000,631491
631491_seg_405000,631491
631491_seg_408000,631491
631491_seg_414000,631491
631491_seg_417000,631491
631491_seg_420000,631491
631491_seg_423000,631491
631491_seg_426000,631491
631491_seg_441000,631491
631491_seg_456000,631491
631491_seg_459000,631491
631491_seg_462000,631491
631491_seg_468000,631491
631491_seg_477000,631491
631491_seg_480000,631491
631491_seg_486000,631491
631491_seg_495000,631491
631491_seg_498000,631491
631173_seg_0,631173
631173_seg_3000,631173
631173_seg_6000,631173
631173_seg_9000,631173
631173_seg_15000,631173
631173_seg_21000,631173
631173_seg_24000,631173
631173_seg_27000,631173
630332_seg_0,630332
630332_seg_6000,630332
630332_seg_9000,630332
630332_seg_21000,630332
630332_seg_27000,630332
630332_seg_30000,630332
630331_seg_0,630331
630331_seg_3000,630331
630331_seg_6000,630331
630331_seg_12000,630331
630331_seg_15000,630331
630331_seg_18000,630331
630331_seg_24000,630331
630331_seg_27000,630331
630331_seg_30000,630331
630331_seg_33000,630331
630120_seg_0,630120
630120_seg_3000,630120
630120_seg_6000,630120
630120_seg_9000,630120
630120_seg_15000,630120
629261_seg_0,629261
629261_seg_3000,629261
629261_seg_6000,629261
629261_seg_9000,629261
629261_seg_12000,629261
629261_seg_15000,629261
629261_seg_18000,629261
629261_seg_21000,629261
629261_seg_24000,629261
629261_seg_27000,629261
629261_seg_30000,629261
629261_seg_33000,629261
629261_seg_36000,629261
629261_seg_39000,629261
629261_seg_42000,629261
628464_seg_0,628464
628464_seg_3000,628464
628464_seg_6000,628464
628464_seg_9000,628464
628464_seg_12000,628464
628464_seg_15000,628464
628464_seg_18000,628464
628464_seg_21000,628464
628464_seg_24000,628464
628464_seg_27000,628464
628464_seg_30000,628464
628464_seg_33000,628464
628464_seg_36000,628464
628464_seg_39000,628464
628464_seg_42000,628464
628464_seg_45000,628464
628464_seg_48000,628464
628464_seg_51000,628464
628464_seg_54000,628464
627280_seg_0,627280
627279_seg_0,627279
627279_seg_3000,627279
627279_seg_6000,627279
627279_seg_9000,627279
627279_seg_12000,627279
627274_seg_0,627274
627274_seg_3000,627274
627274_seg_6000,627274
627274_seg_9000,627274
627274_seg_12000,627274
627274_seg_15000,627274
627274_seg_18000,627274
627274_seg_21000,627274
627274_seg_24000,627274
627274_seg_27000,627274
627274_seg_30000,627274
627274_seg_33000,627274
627274_seg_36000,627274
627274_seg_45000,627274
627274_seg_48000,627274
627210_seg_0,627210
627210_seg_9000,627210
627210_seg_12000,627210
627210_seg_21000,627210
627209_seg_3000,627209
627209_seg_9000,627209
627209_seg_36000,627209
627207_seg_0,627207
627207_seg_3000,627207
627207_seg_21000,627207
627207_seg_27000,627207
627207_seg_30000,627207
627207_seg_42000,627207
627207_seg_45000,627207
627207_seg_48000,627207
627028_seg_0,627028
627028_seg_3000,627028
627028_seg_6000,627028
627028_seg_9000,627028
627028_seg_12000,627028
627028_seg_15000,627028
627028_seg_18000,627028
627028_seg_21000,627028
627028_seg_24000,627028
627028_seg_27000,627028
627028_seg_30000,627028
627028_seg_33000,627028
627028_seg_36000,627028
627028_seg_39000,627028
627028_seg_42000,627028
627028_seg_45000,627028
627028_seg_48000,627028
627028_seg_51000,627028
627028_seg_54000,627028
627028_seg_57000,627028
627028_seg_60000,627028
627028_seg_63000,627028
627022_seg_0,627022
627022_seg_9000,627022
627022_seg_12000,627022
627022_seg_18000,627022
627022_seg_21000,627022
627022_seg_24000,627022
627022_seg_27000,627022
627022_seg_30000,627022
627022_seg_33000,627022
627022_seg_36000,627022
627022_seg_39000,627022
627022_seg_42000,627022
627022_seg_48000,627022
627020_seg_0,627020
627020_seg_3000,627020
627020_seg_6000,627020
627020_seg_9000,627020
627020_seg_12000,627020
627020_seg_18000,627020
627020_seg_21000,627020
627020_seg_24000,627020
627020_seg_27000,627020
627020_seg_30000,627020
627020_seg_33000,627020
627020_seg_39000,627020
627020_seg_42000,627020
627020_seg_45000,627020
627020_seg_48000,627020
627020_seg_51000,627020
627020_seg_54000,627020
627020_seg_57000,627020
627020_seg_60000,627020
627020_seg_66000,627020
627020_seg_72000,627020
627020_seg_75000,627020
626265_seg_0,626265
626265_seg_3000,626265
626265_seg_6000,626265
626265_seg_9000,626265
626265_seg_12000,626265
626265_seg_15000,626265
626265_seg_18000,626265
626265_seg_21000,626265
626265_seg_24000,626265
626265_seg_27000,626265
602234_seg_3000,602234
602234_seg_9000,602234
602234_seg_12000,602234
602234_seg_18000,602234
602234_seg_21000,602234
602234_seg_27000,602234
602234_seg_30000,602234
602234_seg_33000,602234
602234_seg_36000,602234
602234_seg_39000,602234
602234_seg_42000,602234
602234_seg_51000,602234
602234_seg_54000,602234
602234_seg_63000,602234
602234_seg_66000,602234
602234_seg_72000,602234
602234_seg_75000,602234
602234_seg_81000,602234
602234_seg_84000,602234
602234_seg_90000,602234
602234_seg_93000,602234
602234_seg_99000,602234
602231_seg_0,602231
602231_seg_9000,602231
602231_seg_15000,602231
602231_seg_18000,602231
602231_seg_21000,602231
602231_seg_24000,602231
595666_seg_0,595666
595666_seg_3000,595666
595666_seg_6000,595666
595666_seg_9000,595666
595666_seg_12000,595666
595666_seg_15000,595666
595666_seg_18000,595666
595666_seg_24000,595666
595666_seg_27000,595666
595666_seg_30000,595666
595666_seg_33000,595666
595666_seg_36000,595666
595666_seg_39000,595666
595666_seg_42000,595666
595666_seg_45000,595666
595666_seg_48000,595666
595666_seg_51000,595666
595666_seg_54000,595666
595666_seg_57000,595666
595666_seg_63000,595666
595666_seg_66000,595666
595666_seg_69000,595666
595666_seg_72000,595666
595666_seg_75000,595666
595666_seg_78000,595666
595666_seg_81000,595666
595666_seg_84000,595666
595666_seg_87000,595666
595666_seg_90000,595666
595666_seg_93000,595666
595666_seg_96000,595666
595666_seg_99000,595666
595666_seg_102000,595666
595666_seg_105000,595666
595666_seg_108000,595666
595666_seg_111000,595666
595666_seg_117000,595666
595666_seg_120000,595666
595666_seg_123000,595666
595666_seg_126000,595666
595666_seg_129000,595666
574186_seg_9000,574186
570906_seg_0,570906
570906_seg_3000,570906
570906_seg_9000,570906
568111_seg_0,568111
568111_seg_3000,568111
568111_seg_6000,568111
568111_seg_9000,568111
568111_seg_18000,568111
568111_seg_21000,568111
568111_seg_24000,568111
568111_seg_27000,568111
567723_seg_0,567723
567723_seg_3000,567723
567723_seg_6000,567723
567723_seg_9000,567723
567723_seg_15000,567723
567723_seg_21000,567723
567723_seg_27000,567723
567723_seg_30000,567723
566797_seg_9000,566797
566797_seg_12000,566797
563850_seg_0,563850
563850_seg_3000,563850
563850_seg_9000,563850
563850_seg_12000,563850
563850_seg_18000,563850
563850_seg_21000,563850
563850_seg_24000,563850
563850_seg_27000,563850
563850_seg_33000,563850
563850_seg_36000,563850
563850_seg_39000,563850
563850_seg_42000,563850
563850_seg_48000,563850
563850_seg_60000,563850
563850_seg_63000,563850
563850_seg_66000,563850
563850_seg_78000,563850
563850_seg_81000,563850
563850_seg_90000,563850
563850_seg_93000,563850
563850_seg_96000,563850
563850_seg_99000,563850
563850_seg_102000,563850
563850_seg_105000,563850
563850_seg_108000,563850
563845_seg_0,563845
563845_seg_3000,563845
563845_seg_6000,563845
563845_seg_9000,563845
563845_seg_12000,563845
563845_seg_15000,563845
563845_seg_18000,563845
563845_seg_21000,563845
563845_seg_24000,563845
563845_seg_27000,563845
563845_seg_30000,563845
563845_seg_33000,563845
563845_seg_36000,563845
563845_seg_39000,563845
563845_seg_42000,563845
563845_seg_45000,563845
563845_seg_48000,563845
563845_seg_51000,563845
563845_seg_54000,563845
563845_seg_57000,563845
563845_seg_60000,563845
563845_seg_63000,563845
563845_seg_66000,563845
563845_seg_69000,563845
563845_seg_72000,563845
563845_seg_75000,563845
563845_seg_78000,563845
563845_seg_81000,563845
563845_seg_84000,563845
563845_seg_87000,563845
563845_seg_90000,563845
563845_seg_93000,563845
563845_seg_96000,563845
563845_seg_99000,563845
563845_seg_102000,563845
563570_seg_0,563570
563570_seg_3000,563570
563570_seg_6000,563570
563570_seg_9000,563570
563570_seg_12000,563570
563570_seg_15000,563570
563570_seg_18000,563570
563570_seg_21000,563570
563570_seg_24000,563570
563570_seg_27000,563570
563570_seg_33000,563570
563570_seg_36000,563570
561505_seg_0,561505
561505_seg_6000,561505
561505_seg_9000,561505
561505_seg_12000,561505
561505_seg_15000,561505
561505_seg_18000,561505
561505_seg_21000,561505
561505_seg_24000,561505
561505_seg_27000,561505
561505_seg_30000,561505
561505_seg_39000,561505
559752_seg_0,559752
559752_seg_3000,559752
559752_seg_6000,559752
559752_seg_12000,559752
559752_seg_15000,559752
559752_seg_18000,559752
559752_seg_21000,559752
559752_seg_24000,559752
559308_seg_0,559308
559308_seg_3000,559308
559308_seg_6000,559308
559308_seg_12000,559308
559308_seg_18000,559308
559308_seg_21000,559308
559308_seg_30000,559308
559308_seg_48000,559308
559308_seg_51000,559308
559308_seg_54000,559308
559308_seg_57000,559308
559308_seg_60000,559308
559308_seg_63000,559308
559308_seg_66000,559308
559308_seg_69000,559308
559308_seg_72000,559308
558133_seg_0,558133
558133_seg_3000,558133
558133_seg_6000,558133
558133_seg_9000,558133
558133_seg_15000,558133
558133_seg_18000,558133
558133_seg_21000,558133
558133_seg_27000,558133
558133_seg_36000,558133
558133_seg_39000,558133
556005_seg_3000,556005
556005_seg_12000,556005
555764_seg_30000,555764
555764_seg_33000,555764
555764_seg_36000,555764
555032_seg_0,555032
555032_seg_12000,555032
553827_seg_0,553827
553827_seg_6000,553827
553827_seg_12000,553827
553827_seg_15000,553827
553827_seg_18000,553827
553827_seg_21000,553827
553827_seg_33000,553827
553634_seg_0,553634
553634_seg_3000,553634
553340_seg_0,553340
553340_seg_9000,553340
553340_seg_15000,553340
553340_seg_21000,553340
553119_seg_0,553119
552023_seg_0,552023
552023_seg_3000,552023
552023_seg_6000,552023
551785_seg_0,551785
551785_seg_3000,551785
551785_seg_9000,551785
551735_seg_0,551735
551735_seg_3000,551735
551381_seg_0,551381
551381_seg_12000,551381
550661_seg_9000,550661
550661_seg_12000,550661
550661_seg_15000,550661
550661_seg_18000,550661
550661_seg_21000,550661
550661_seg_24000,550661
550661_seg_27000,550661
550661_seg_30000,550661
548758_seg_0,548758
548482_seg_0,548482
548482_seg_3000,548482
548482_seg_6000,548482
548482_seg_9000,548482
547405_seg_0,547405
547405_seg_6000,547405
547405_seg_9000,547405
547405_seg_12000,547405
547405_seg_18000,547405
547405_seg_27000,547405
547405_seg_33000,547405
547405_seg_45000,547405
547405_seg_54000,547405
547405_seg_63000,547405
547405_seg_66000,547405
546911_seg_0,546911
546911_seg_9000,546911
546911_seg_12000,546911
546910_seg_0,546910
546910_seg_3000,546910
546910_seg_9000,546910
546910_seg_15000,546910
546910_seg_21000,546910
546910_seg_24000,546910
546910_seg_27000,546910
546497_seg_0,546497
546497_seg_3000,546497
546497_seg_15000,546497
546497_seg_18000,546497
546497_seg_21000,546497
546497_seg_30000,546497
546489_seg_0,546489
546489_seg_3000,546489
546489_seg_6000,546489
546489_seg_9000,546489
546489_seg_12000,546489
546489_seg_15000,546489
546489_seg_18000,546489
546489_seg_21000,546489
546489_seg_27000,546489
546489_seg_33000,546489
546489_seg_36000,546489
546489_seg_39000,546489
546489_seg_42000,546489
546489_seg_45000,546489
546489_seg_57000,546489
546489_seg_60000,546489
546489_seg_66000,546489
546196_seg_0,546196
546196_seg_6000,546196
546196_seg_12000,546196
546196_seg_18000,546196
546196_seg_21000,546196
546196_seg_24000,546196
546196_seg_27000,546196
546196_seg_30000,546196
546196_seg_33000,546196
546196_seg_36000,546196
546196_seg_42000,546196
546193_seg_0,546193
546193_seg_3000,546193
546193_seg_9000,546193
546193_seg_18000,546193
546193_seg_21000,546193
546193_seg_24000,546193
546193_seg_27000,546193
546193_seg_33000,546193
546193_seg_39000,546193
546193_seg_48000,546193
546192_seg_0,546192
546192_seg_12000,546192
546192_seg_21000,546192
546192_seg_51000,546192
546192_seg_60000,546192
546192_seg_72000,546192
546192_seg_75000,546192
546192_seg_90000,546192
546192_seg_93000,546192
546192_seg_102000,546192
546192_seg_117000,546192
546190_seg_0,546190
546190_seg_15000,546190
546190_seg_21000,546190
546190_seg_27000,546190
546190_seg_33000,546190
546190_seg_39000,546190
546190_seg_42000,546190
546190_seg_45000,546190
546190_seg_48000,546190
546190_seg_54000,546190
546190_seg_57000,546190
545849_seg_0,545849
545849_seg_3000,545849
545849_seg_6000,545849
545849_seg_12000,545849
545849_seg_15000,545849
545849_seg_18000,545849
545849_seg_21000,545849
545849_seg_24000,545849
545849_seg_30000,545849
545849_seg_33000,545849
545849_seg_36000,545849
545849_seg_39000,545849
545849_seg_42000,545849
545849_seg_45000,545849
545849_seg_48000,545849
545849_seg_54000,545849
545849_seg_57000,545849
545849_seg_63000,545849
545849_seg_66000,545849
545849_seg_72000,545849
545849_seg_81000,545849
545849_seg_90000,545849
545849_seg_93000,545849
545849_seg_99000,545849
545849_seg_105000,545849
545849_seg_108000,545849
545849_seg_114000,545849
545849_seg_117000,545849
545849_seg_123000,545849
545849_seg_129000,545849
545849_seg_132000,545849
545849_seg_138000,545849
545849_seg_147000,545849
545849_seg_153000,545849
545849_seg_168000,545849
545849_seg_171000,545849
545849_seg_174000,545849
545849_seg_180000,545849
545849_seg_186000,545849
545849_seg_192000,545849
545849_seg_198000,545849
545849_seg_204000,545849
545849_seg_213000,545849
545849_seg_219000,545849
545849_seg_225000,545849
545849_seg_234000,545849
545849_seg_240000,545849
545849_seg_246000,545849
545849_seg_255000,545849
545849_seg_258000,545849
545849_seg_267000,545849
545849_seg_279000,545849
545849_seg_282000,545849
545849_seg_288000,545849
545849_seg_297000,545849
545849_seg_300000,545849
545849_seg_303000,545849
545849_seg_306000,545849
545849_seg_309000,545849
545849_seg_312000,545849
545849_seg_315000,545849
545849_seg_318000,545849
545849_seg_321000,545849
545849_seg_324000,545849
545849_seg_330000,545849
545849_seg_333000,545849
545849_seg_336000,545849
545849_seg_339000,545849
545849_seg_342000,545849
545849_seg_348000,545849
545849_seg_351000,545849
545849_seg_354000,545849
545849_seg_357000,545849
545849_seg_360000,545849
545849_seg_363000,545849
545849_seg_366000,545849
545849_seg_372000,545849
545849_seg_378000,545849
545849_seg_381000,545849
545849_seg_384000,545849
545849_seg_387000,545849
545849_seg_393000,545849
545849_seg_396000,545849
545849_seg_399000,545849
545849_seg_402000,545849
545849_seg_405000,545849
545849_seg_408000,545849
545849_seg_411000,545849
545849_seg_414000,545849
545849_seg_417000,545849
545849_seg_420000,545849
545849_seg_423000,545849
545849_seg_426000,545849
545849_seg_432000,545849
545849_seg_435000,545849
545849_seg_438000,545849
545849_seg_441000,545849
545849_seg_444000,545849
545849_seg_447000,545849
545849_seg_450000,545849
545849_seg_453000,545849
545849_seg_456000,545849
545849_seg_459000,545849
545849_seg_462000,545849
545849_seg_468000,545849
545849_seg_471000,545849
545849_seg_474000,545849
545849_seg_477000,545849
545849_seg_480000,545849
545849_seg_483000,545849
545849_seg_486000,545849
545849_seg_489000,545849
545849_seg_492000,545849
545849_seg_495000,545849
545849_seg_498000,545849
545849_seg_501000,545849
545849_seg_504000,545849
545849_seg_510000,545849
545849_seg_513000,545849
545849_seg_516000,545849
545849_seg_519000,545849
545849_seg_522000,545849
545849_seg_525000,545849
545849_seg_528000,545849
545849_seg_531000,545849
545849_seg_537000,545849
545849_seg_540000,545849
545849_seg_543000,545849
545849_seg_546000,545849
545849_seg_552000,545849
545849_seg_555000,545849
545849_seg_558000,545849
545849_seg_561000,545849
545849_seg_564000,545849
545849_seg_567000,545849
545849_seg_570000,545849
545849_seg_573000,545849
545849_seg_579000,545849
545849_seg_582000,545849
545849_seg_585000,545849
545849_seg_588000,545849
545849_seg_591000,545849
545849_seg_594000,545849
545849_seg_597000,545849
545849_seg_600000,545849
545849_seg_603000,545849
545849_seg_606000,545849
545849_seg_609000,545849
545849_seg_612000,545849
545849_seg_615000,545849
545849_seg_618000,545849
545849_seg_621000,545849
545849_seg_624000,545849
545849_seg_627000,545849
545849_seg_630000,545849
545849_seg_636000,545849
545849_seg_642000,545849
545849_seg_645000,545849
545849_seg_651000,545849
545849_seg_654000,545849
545849_seg_657000,545849
545849_seg_660000,545849
545849_seg_666000,545849
545849_seg_672000,545849
545849_seg_675000,545849
545849_seg_678000,545849
545849_seg_684000,545849
545849_seg_687000,545849
545849_seg_690000,545849
545849_seg_693000,545849
545849_seg_699000,545849
545849_seg_702000,545849
545849_seg_705000,545849
545849_seg_708000,545849
545849_seg_711000,545849
545849_seg_714000,545849
545849_seg_717000,545849
545849_seg_723000,545849
545849_seg_726000,545849
545849_seg_729000,545849
545849_seg_732000,545849
545849_seg_738000,545849
545849_seg_741000,545849
545849_seg_744000,545849
545849_seg_747000,545849
545849_seg_750000,545849
545849_seg_753000,545849
545849_seg_756000,545849
545849_seg_759000,545849
545849_seg_765000,545849
545849_seg_771000,545849
545849_seg_774000,545849
545849_seg_777000,545849
545849_seg_783000,545849
545641_seg_0,545641
545641_seg_15000,545641
545641_seg_21000,545641
545641_seg_24000,545641
545641_seg_27000,545641
545641_seg_30000,545641
545641_seg_33000,545641
545641_seg_36000,545641
545641_seg_39000,545641
545641_seg_42000,545641
545640_seg_0,545640
545640_seg_6000,545640
545640_seg_12000,545640
545639_seg_0,545639
545639_seg_6000,545639
545639_seg_15000,545639
545639_seg_18000,545639
545636_seg_0,545636
545636_seg_3000,545636
545636_seg_6000,545636
545636_seg_9000,545636
545636_seg_15000,545636
545636_seg_18000,545636
545636_seg_21000,545636
545636_seg_24000,545636
545636_seg_27000,545636
545636_seg_33000,545636
545636_seg_36000,545636
545635_seg_0,545635
545635_seg_3000,545635
545635_seg_6000,545635
545635_seg_9000,545635
545635_seg_15000,545635
545635_seg_18000,545635
545635_seg_21000,545635
545635_seg_24000,545635
545635_seg_27000,545635
545635_seg_30000,545635
545635_seg_33000,545635
545635_seg_36000,545635
545635_seg_39000,545635
545635_seg_42000,545635
545635_seg_48000,545635
545634_seg_0,545634
545634_seg_3000,545634
545634_seg_6000,545634
545634_seg_9000,545634
545634_seg_15000,545634
545634_seg_18000,545634
545634_seg_21000,545634
545634_seg_24000,545634
545634_seg_27000,545634
545634_seg_30000,545634
545634_seg_33000,545634
545634_seg_36000,545634
545634_seg_39000,545634
545634_seg_42000,545634
545634_seg_48000,545634
545633_seg_0,545633
545633_seg_6000,545633
545633_seg_9000,545633
545633_seg_12000,545633
545633_seg_18000,545633
545629_seg_0,545629
542689_seg_6000,542689
542689_seg_9000,542689
542689_seg_12000,542689
542689_seg_15000,542689
542689_seg_18000,542689
542689_seg_21000,542689
542689_seg_24000,542689
542689_seg_27000,542689
542689_seg_30000,542689
542689_seg_33000,542689
542689_seg_36000,542689
542689_seg_39000,542689
542689_seg_48000,542689
542689_seg_51000,542689
542689_seg_54000,542689
542689_seg_60000,542689
542689_seg_63000,542689
542181_seg_0,542181
542181_seg_15000,542181
542181_seg_27000,542181
542181_seg_33000,542181
542181_seg_42000,542181
542181_seg_45000,542181
542181_seg_54000,542181
542181_seg_63000,542181
542181_seg_78000,542181
542181_seg_84000,542181
541200_seg_0,541200
541200_seg_3000,541200
541200_seg_6000,541200
541200_seg_15000,541200
541200_seg_18000,541200
541200_seg_21000,541200
541200_seg_30000,541200
541200_seg_33000,541200
541200_seg_36000,541200
541200_seg_39000,541200
541200_seg_42000,541200
541200_seg_45000,541200
539189_seg_0,539189
539189_seg_6000,539189
539189_seg_9000,539189
539189_seg_15000,539189
539189_seg_21000,539189
539189_seg_24000,539189
539189_seg_27000,539189
539189_seg_30000,539189
539189_seg_33000,539189
538268_seg_0,538268
538268_seg_6000,538268
538268_seg_12000,538268
538268_seg_15000,538268
538268_seg_18000,538268
538268_seg_21000,538268
538268_seg_24000,538268
538268_seg_27000,538268
538268_seg_30000,538268
538264_seg_0,538264
538264_seg_3000,538264
538264_seg_6000,538264
538264_seg_9000,538264
538264_seg_12000,538264
538264_seg_15000,538264
538264_seg_18000,538264
538264_seg_21000,538264
537116_seg_0,537116
537116_seg_6000,537116
537116_seg_15000,537116
537116_seg_18000,537116
537116_seg_21000,537116
537116_seg_27000,537116
537116_seg_42000,537116
537116_seg_54000,537116
537116_seg_60000,537116
537116_seg_72000,537116
537116_seg_75000,537116
536627_seg_0,536627
536585_seg_0,536585
536563_seg_0,536563
536563_seg_3000,536563
536563_seg_9000,536563
536563_seg_12000,536563
536563_seg_15000,536563
536563_seg_18000,536563
536563_seg_21000,536563
536563_seg_24000,536563
536563_seg_27000,536563
536516_seg_0,536516
536516_seg_3000,536516
536516_seg_6000,536516
536516_seg_9000,536516
534807_seg_0,534807
534807_seg_3000,534807
534807_seg_6000,534807
534807_seg_9000,534807
534807_seg_12000,534807
534807_seg_15000,534807
534807_seg_18000,534807
534807_seg_21000,534807
534414_seg_30000,534414
534414_seg_33000,534414
534414_seg_36000,534414
534414_seg_45000,534414
534290_seg_3000,534290
534290_seg_6000,534290
534290_seg_18000,534290
534290_seg_27000,534290
534290_seg_30000,534290
534290_seg_39000,534290
534290_seg_48000,534290
534290_seg_51000,534290
534290_seg_57000,534290
534290_seg_60000,534290
534290_seg_66000,534290
534290_seg_69000,534290
534290_seg_75000,534290
534290_seg_78000,534290
534011_seg_0,534011
534011_seg_3000,534011
534011_seg_6000,534011
534011_seg_9000,534011
534011_seg_12000,534011
534011_seg_21000,534011
534011_seg_30000,534011
534011_seg_36000,534011
534011_seg_45000,534011
534011_seg_75000,534011
534011_seg_90000,534011
534011_seg_96000,534011
534011_seg_99000,534011
534011_seg_102000,534011
534011_seg_105000,534011
534011_seg_111000,534011
534011_seg_120000,534011
534011_seg_123000,534011
534011_seg_126000,534011
533323_seg_0,533323
533211_seg_0,533211
533211_seg_3000,533211
533211_seg_6000,533211
533211_seg_9000,533211
533211_seg_12000,533211
533211_seg_15000,533211
533211_seg_21000,533211
533211_seg_24000,533211
533210_seg_0,533210
533210_seg_3000,533210
533210_seg_6000,533210
533210_seg_9000,533210
533210_seg_12000,533210
533210_seg_18000,533210
533210_seg_21000,533210
533210_seg_30000,533210
533210_seg_36000,533210
533210_seg_39000,533210
533210_seg_42000,533210
533210_seg_45000,533210
533210_seg_54000,533210
533210_seg_57000,533210
532227_seg_3000,532227
532227_seg_9000,532227
532227_seg_12000,532227
532227_seg_15000,532227
532227_seg_18000,532227
532227_seg_21000,532227
532227_seg_27000,532227
532227_seg_30000,532227
532227_seg_33000,532227
532227_seg_36000,532227
532227_seg_42000,532227
532227_seg_54000,532227
532227_seg_57000,532227
532227_seg_60000,532227
532226_seg_0,532226
532226_seg_3000,532226
532226_seg_6000,532226
532226_seg_9000,532226
532226_seg_12000,532226
532226_seg_15000,532226
532226_seg_18000,532226
532226_seg_21000,532226
532226_seg_24000,532226
532226_seg_27000,532226
532226_seg_30000,532226
532226_seg_33000,532226
532226_seg_36000,532226
532226_seg_39000,532226
532226_seg_42000,532226
532226_seg_45000,532226
532226_seg_48000,532226
532226_seg_51000,532226
532226_seg_54000,532226
532226_seg_57000,532226
532226_seg_60000,532226
532226_seg_63000,532226
532226_seg_66000,532226
532226_seg_69000,532226
515983_seg_3000,515983
515983_seg_6000,515983
515983_seg_21000,515983
515983_seg_24000,515983
513001_seg_0,513001
513001_seg_3000,513001
513001_seg_6000,513001
513001_seg_9000,513001
513001_seg_12000,513001
513001_seg_15000,513001
513001_seg_18000,513001
513001_seg_21000,513001
513001_seg_24000,513001
513001_seg_27000,513001
513001_seg_30000,513001
513001_seg_36000,513001
513001_seg_39000,513001
513001_seg_42000,513001
513001_seg_45000,513001
513001_seg_48000,513001
513001_seg_51000,513001
510999_seg_0,510999
510999_seg_3000,510999
510999_seg_6000,510999
510999_seg_9000,510999
510999_seg_12000,510999
510999_seg_18000,510999
510999_seg_21000,510999
510999_seg_24000,510999
503961_seg_0,503961
503961_seg_3000,503961
503961_seg_6000,503961
503961_seg_9000,503961
503961_seg_12000,503961
503961_seg_15000,503961
503961_seg_21000,503961
503961_seg_24000,503961
503961_seg_27000,503961
503961_seg_33000,503961
503961_seg_36000,503961
503961_seg_39000,503961
502427_seg_0,502427
502427_seg_3000,502427
502366_seg_0,502366
502366_seg_3000,502366
502365_seg_9000,502365
502365_seg_12000,502365
502365_seg_15000,502365
502365_seg_21000,502365
485742_seg_0,485742
485742_seg_6000,485742
485742_seg_15000,485742
485738_seg_0,485738
485738_seg_3000,485738
485738_seg_6000,485738
485738_seg_9000,485738
485738_seg_12000,485738
485736_seg_0,485736
485736_seg_6000,485736
485736_seg_9000,485736
480825_seg_0,480825
479032_seg_3000,479032
479032_seg_9000,479032
479032_seg_15000,479032
479032_seg_21000,479032
479032_seg_24000,479032
479032_seg_27000,479032
479032_seg_33000,479032
479032_seg_36000,479032
479032_seg_42000,479032
479032_seg_45000,479032
479032_seg_48000,479032
479032_seg_51000,479032
479032_seg_54000,479032
479018_seg_3000,479018
479018_seg_9000,479018
479018_seg_12000,479018
479018_seg_15000,479018
479018_seg_18000,479018
479018_seg_21000,479018
479018_seg_24000,479018
479018_seg_27000,479018
479018_seg_30000,479018
479018_seg_33000,479018
479018_seg_36000,479018
479018_seg_39000,479018
475815_seg_72000,475815
473984_seg_3000,473984
473984_seg_9000,473984
473984_seg_18000,473984
473984_seg_27000,473984
473289_seg_0,473289
473289_seg_6000,473289
473289_seg_27000,473289
471629_seg_3000,471629
471629_seg_12000,471629
471629_seg_15000,471629
471629_seg_18000,471629
471629_seg_33000,471629
470428_seg_6000,470428
470428_seg_12000,470428
470428_seg_21000,470428
470428_seg_24000,470428
470428_seg_33000,470428
470428_seg_42000,470428
470428_seg_51000,470428
470428_seg_60000,470428
470428_seg_66000,470428
470428_seg_72000,470428
470428_seg_75000,470428
470428_seg_78000,470428
470428_seg_81000,470428
470428_seg_84000,470428
470428_seg_87000,470428
470428_seg_90000,470428
470428_seg_96000,470428
470428_seg_105000,470428
470428_seg_108000,470428
470428_seg_114000,470428
470428_seg_123000,470428
470428_seg_126000,470428
470428_seg_129000,470428
470428_seg_132000,470428
470428_seg_138000,470428
470428_seg_141000,470428
470428_seg_150000,470428
470428_seg_156000,470428
470428_seg_159000,470428
470428_seg_162000,470428
470428_seg_165000,470428
470428_seg_168000,470428
470428_seg_171000,470428
470428_seg_174000,470428
470428_seg_180000,470428
470428_seg_183000,470428
469806_seg_45000,469806
467904_seg_9000,467904
467785_seg_0,467785
467785_seg_3000,467785
467785_seg_9000,467785
467785_seg_18000,467785
467785_seg_21000,467785
467785_seg_27000,467785
467785_seg_33000,467785
467785_seg_45000,467785
467785_seg_51000,467785
467785_seg_57000,467785
467785_seg_66000,467785
467785_seg_72000,467785
467785_seg_75000,467785
467785_seg_78000,467785
467229_seg_0,467229
467229_seg_3000,467229
467229_seg_6000,467229
467229_seg_12000,467229
467229_seg_15000,467229
467229_seg_18000,467229
467229_seg_21000,467229
467229_seg_24000,467229
467229_seg_27000,467229
467229_seg_30000,467229
467229_seg_33000,467229
467229_seg_36000,467229
467229_seg_39000,467229
467229_seg_42000,467229
467229_seg_48000,467229
467229_seg_51000,467229
467229_seg_54000,467229
467229_seg_57000,467229
467229_seg_60000,467229
467229_seg_63000,467229
467229_seg_66000,467229
467229_seg_69000,467229
467229_seg_72000,467229
467229_seg_78000,467229
467229_seg_81000,467229
467229_seg_84000,467229
467229_seg_87000,467229
467229_seg_90000,467229
467206_seg_0,467206
467206_seg_15000,467206
467206_seg_21000,467206
467206_seg_24000,467206
466855_seg_0,466855
466855_seg_3000,466855
466855_seg_6000,466855
466855_seg_9000,466855
466855_seg_12000,466855
466855_seg_15000,466855
466855_seg_18000,466855
466855_seg_21000,466855
466855_seg_24000,466855
466855_seg_27000,466855
466855_seg_30000,466855
466855_seg_33000,466855
466855_seg_36000,466855
466855_seg_39000,466855
466855_seg_42000,466855
466855_seg_45000,466855
466855_seg_48000,466855
466855_seg_51000,466855
466855_seg_57000,466855
466855_seg_60000,466855
466625_seg_21000,466625
465830_seg_0,465830
465830_seg_6000,465830
465830_seg_9000,465830
465830_seg_12000,465830
465830_seg_15000,465830
463980_seg_0,463980
463980_seg_6000,463980
463980_seg_9000,463980
463980_seg_12000,463980
463980_seg_15000,463980
463980_seg_18000,463980
463980_seg_27000,463980
463980_seg_36000,463980
463980_seg_39000,463980
461991_seg_0,461991
461991_seg_9000,461991
461991_seg_27000,461991
461991_seg_30000,461991
461991_seg_33000,461991
461991_seg_39000,461991
461991_seg_42000,461991
461991_seg_45000,461991
446343_seg_0,446343
439558_seg_0,439558
439558_seg_6000,439558
439558_seg_9000,439558
439558_seg_12000,439558
439558_seg_18000,439558
439558_seg_24000,439558
439558_seg_27000,439558
439558_seg_30000,439558
438741_seg_3000,438741
438741_seg_15000,438741
438741_seg_21000,438741
438741_seg_27000,438741
438741_seg_30000,438741
438741_seg_33000,438741
438741_seg_36000,438741
438741_seg_54000,438741
438741_seg_84000,438741
438741_seg_93000,438741
438741_seg_102000,438741
438741_seg_114000,438741
437710_seg_0,437710
437710_seg_3000,437710
437710_seg_6000,437710
437710_seg_9000,437710
437710_seg_12000,437710
437710_seg_15000,437710
437710_seg_18000,437710
437710_seg_21000,437710
437710_seg_24000,437710
437710_seg_30000,437710
437710_seg_36000,437710
437710_seg_39000,437710
437710_seg_42000,437710
437710_seg_45000,437710
437710_seg_48000,437710
437710_seg_51000,437710
437710_seg_54000,437710
437710_seg_57000,437710
437710_seg_60000,437710
437710_seg_63000,437710
437710_seg_66000,437710
437710_seg_69000,437710
437710_seg_72000,437710
437710_seg_75000,437710
437710_seg_81000,437710
437710_seg_90000,437710
437710_seg_93000,437710
437710_seg_96000,437710
436371_seg_30000,436371
436371_seg_36000,436371
436371_seg_42000,436371
436371_seg_48000,436371
436371_seg_120000,436371
436194_seg_6000,436194
422223_seg_0,422223
422223_seg_6000,422223
422223_seg_12000,422223
422223_seg_18000,422223
422223_seg_24000,422223
422223_seg_27000,422223
422223_seg_30000,422223
422223_seg_33000,422223
422223_seg_39000,422223
422223_seg_42000,422223
420347_seg_0,420347
420347_seg_3000,420347
420347_seg_6000,420347
420347_seg_18000,420347
420347_seg_24000,420347
420347_seg_27000,420347
420347_seg_30000,420347
420347_seg_33000,420347
420347_seg_39000,420347
420347_seg_42000,420347
420347_seg_45000,420347
420347_seg_51000,420347
420347_seg_54000,420347
420347_seg_69000,420347
417968_seg_0,417968
417968_seg_6000,417968
417968_seg_9000,417968
417968_seg_12000,417968
417968_seg_18000,417968
417968_seg_24000,417968
417968_seg_30000,417968
417968_seg_36000,417968
417968_seg_42000,417968
417968_seg_51000,417968
417968_seg_54000,417968
417965_seg_0,417965
417965_seg_6000,417965
417965_seg_12000,417965
417965_seg_15000,417965
417965_seg_21000,417965
417946_seg_0,417946
417946_seg_9000,417946
417946_seg_15000,417946
417946_seg_18000,417946
417946_seg_21000,417946
417946_seg_24000,417946
417946_seg_27000,417946
417946_seg_30000,417946
417946_seg_33000,417946
417076_seg_0,417076
417076_seg_3000,417076
417076_seg_6000,417076
417076_seg_9000,417076
417076_seg_12000,417076
417076_seg_15000,417076
416752_seg_0,416752
416752_seg_3000,416752
416752_seg_9000,416752
416752_seg_15000,416752
416752_seg_21000,416752
414915_seg_0,414915
414915_seg_3000,414915
414915_seg_6000,414915
414915_seg_12000,414915
414915_seg_15000,414915
414915_seg_18000,414915
414915_seg_21000,414915
414915_seg_24000,414915
414915_seg_27000,414915
414915_seg_30000,414915
414915_seg_36000,414915
414915_seg_42000,414915
414915_seg_45000,414915
414915_seg_51000,414915
414915_seg_57000,414915
414915_seg_60000,414915
414915_seg_63000,414915
414915_seg_66000,414915
414915_seg_69000,414915
414915_seg_72000,414915
411476_seg_0,411476
411476_seg_3000,411476
411476_seg_6000,411476
411476_seg_9000,411476
410561_seg_3000,410561
410561_seg_6000,410561
410561_seg_9000,410561
410561_seg_12000,410561
410561_seg_15000,410561
410561_seg_18000,410561
410561_seg_21000,410561
410561_seg_24000,410561
409779_seg_3000,409779
409779_seg_6000,409779
409779_seg_9000,409779
409779_seg_15000,409779
409758_seg_3000,409758
409758_seg_6000,409758
409758_seg_9000,409758
409758_seg_12000,409758
409758_seg_15000,409758
409758_seg_24000,409758
408226_seg_0,408226
408226_seg_6000,408226
408226_seg_15000,408226
408226_seg_21000,408226
408216_seg_0,408216
408216_seg_3000,408216
408216_seg_6000,408216
408216_seg_9000,408216
408216_seg_12000,408216
408216_seg_15000,408216
408216_seg_21000,408216
408216_seg_24000,408216
408216_seg_27000,408216
408216_seg_33000,408216
408216_seg_36000,408216
408216_seg_39000,408216
407137_seg_0,407137
407137_seg_3000,407137
407137_seg_9000,407137
407137_seg_15000,407137
407137_seg_18000,407137
407137_seg_21000,407137
407137_seg_24000,407137
407137_seg_30000,407137
407137_seg_36000,407137
407137_seg_45000,407137
406731_seg_0,406731
406731_seg_6000,406731
406731_seg_12000,406731
406508_seg_6000,406508
406508_seg_9000,406508
406508_seg_18000,406508
406508_seg_21000,406508
406508_seg_27000,406508
406508_seg_36000,406508
406508_seg_39000,406508
406508_seg_51000,406508
406508_seg_54000,406508
406508_seg_57000,406508
406508_seg_60000,406508
406495_seg_0,406495
406495_seg_3000,406495
406495_seg_6000,406495
406495_seg_12000,406495
406495_seg_15000,406495
406495_seg_18000,406495
406495_seg_24000,406495
406495_seg_27000,406495
406495_seg_30000,406495
406495_seg_33000,406495
406495_seg_36000,406495
406495_seg_39000,406495
405784_seg_0,405784
405784_seg_6000,405784
405784_seg_18000,405784
405784_seg_24000,405784
405784_seg_39000,405784
405466_seg_0,405466
405466_seg_3000,405466
405466_seg_6000,405466
405466_seg_12000,405466
405466_seg_18000,405466
405466_seg_21000,405466
405466_seg_33000,405466
405466_seg_36000,405466
405466_seg_39000,405466
405466_seg_42000,405466
405466_seg_45000,405466
405466_seg_48000,405466
405466_seg_51000,405466
405466_seg_54000,405466
405466_seg_57000,405466
405466_seg_60000,405466
405466_seg_63000,405466
405466_seg_66000,405466
405466_seg_69000,405466
404448_seg_6000,404448
404448_seg_9000,404448
404448_seg_12000,404448
403532_seg_15000,403532
403532_seg_36000,403532
403532_seg_45000,403532
400994_seg_0,400994
400994_seg_3000,400994
400994_seg_6000,400994
400994_seg_9000,400994
400994_seg_12000,400994
400994_seg_15000,400994
400994_seg_21000,400994
400994_seg_24000,400994
400994_seg_27000,400994
400994_seg_30000,400994
400994_seg_33000,400994
400994_seg_36000,400994
400994_seg_39000,400994
400994_seg_42000,400994
400994_seg_45000,400994
400994_seg_48000,400994
400994_seg_51000,400994
400994_seg_57000,400994
400994_seg_60000,400994
387516_seg_3000,387516
387516_seg_9000,387516
387516_seg_12000,387516
387516_seg_15000,387516
387516_seg_18000,387516
387516_seg_24000,387516
387516_seg_27000,387516
387516_seg_30000,387516
387516_seg_36000,387516
387516_seg_39000,387516
387516_seg_42000,387516
387516_seg_45000,387516
387516_seg_48000,387516
387516_seg_51000,387516
387516_seg_54000,387516
387516_seg_57000,387516
387516_seg_60000,387516
387516_seg_63000,387516
387516_seg_66000,387516
387516_seg_69000,387516
387516_seg_72000,387516
387516_seg_75000,387516
387516_seg_78000,387516
387516_seg_84000,387516
387516_seg_90000,387516
387516_seg_93000,387516
387516_seg_96000,387516
387516_seg_102000,387516
387516_seg_117000,387516
387516_seg_120000,387516
387516_seg_123000,387516
387516_seg_129000,387516
387516_seg_132000,387516
387516_seg_135000,387516
387516_seg_138000,387516
387516_seg_141000,387516
387516_seg_147000,387516
387516_seg_150000,387516
387516_seg_153000,387516
387516_seg_159000,387516
387516_seg_165000,387516
387516_seg_168000,387516
386240_seg_0,386240
386240_seg_3000,386240
386240_seg_9000,386240
386240_seg_18000,386240
386240_seg_24000,386240
386240_seg_30000,386240
386240_seg_36000,386240
386240_seg_48000,386240
386240_seg_54000,386240
386240_seg_60000,386240
386240_seg_63000,386240
386240_seg_69000,386240
386240_seg_75000,386240
386240_seg_81000,386240
385917_seg_0,385917
385917_seg_6000,385917
385917_seg_9000,385917
385917_seg_15000,385917
385917_seg_21000,385917
385917_seg_30000,385917
385885_seg_0,385885
385885_seg_3000,385885
385885_seg_6000,385885
385885_seg_9000,385885
385885_seg_12000,385885
385885_seg_15000,385885
385885_seg_18000,385885
384973_seg_0,384973
384973_seg_3000,384973
384973_seg_6000,384973
384973_seg_9000,384973
384973_seg_12000,384973
384973_seg_21000,384973
384973_seg_24000,384973
384221_seg_0,384221
384221_seg_3000,384221
384221_seg_9000,384221
384221_seg_12000,384221
384221_seg_15000,384221
384221_seg_18000,384221
384221_seg_21000,384221
384221_seg_24000,384221
384221_seg_30000,384221
384221_seg_33000,384221
384221_seg_36000,384221
384221_seg_42000,384221
384221_seg_48000,384221
384221_seg_51000,384221
384221_seg_54000,384221
383778_seg_0,383778
383778_seg_6000,383778
383778_seg_9000,383778
383778_seg_15000,383778
383778_seg_18000,383778
383778_seg_21000,383778
383778_seg_27000,383778
383778_seg_33000,383778
383778_seg_36000,383778
383778_seg_45000,383778
383509_seg_0,383509
383509_seg_3000,383509
383509_seg_6000,383509
383509_seg_9000,383509
383509_seg_12000,383509
383509_seg_15000,383509
383509_seg_18000,383509
383509_seg_21000,383509
380263_seg_0,380263
380263_seg_6000,380263
380263_seg_9000,380263
380263_seg_12000,380263
380263_seg_15000,380263
380263_seg_18000,380263
380263_seg_24000,380263
380263_seg_27000,380263
380263_seg_30000,380263
380263_seg_33000,380263
380263_seg_36000,380263
380263_seg_39000,380263
380263_seg_42000,380263
380263_seg_48000,380263
380263_seg_51000,380263
380263_seg_54000,380263
380263_seg_60000,380263
380263_seg_63000,380263
380263_seg_66000,380263
380263_seg_69000,380263
374934_seg_78000,374934
374934_seg_87000,374934
374934_seg_126000,374934
374934_seg_138000,374934
374934_seg_144000,374934
374934_seg_147000,374934
374934_seg_159000,374934
374934_seg_183000,374934
374934_seg_189000,374934
374934_seg_198000,374934
374934_seg_294000,374934
374857_seg_24000,374857
374155_seg_0,374155
374155_seg_6000,374155
374155_seg_15000,374155
374155_seg_18000,374155
374155_seg_21000,374155
374155_seg_33000,374155
374155_seg_36000,374155
374155_seg_39000,374155
374155_seg_45000,374155
374055_seg_0,374055
374055_seg_3000,374055
373836_seg_3000,373836
373836_seg_12000,373836
373836_seg_15000,373836
373836_seg_21000,373836
373836_seg_24000,373836
373836_seg_27000,373836
373836_seg_30000,373836
373836_seg_33000,373836
373145_seg_0,373145
371421_seg_0,371421
371421_seg_3000,371421
371421_seg_6000,371421
371421_seg_9000,371421
371421_seg_12000,371421
371421_seg_15000,371421
371421_seg_18000,371421
371421_seg_21000,371421
371421_seg_24000,371421
371421_seg_27000,371421
371421_seg_30000,371421
371421_seg_33000,371421
370844_seg_0,370844
370844_seg_3000,370844
369775_seg_0,369775
369775_seg_3000,369775
369775_seg_9000,369775
367168_seg_144000,367168
367168_seg_147000,367168
367168_seg_153000,367168
366243_seg_0,366243
366243_seg_3000,366243
366243_seg_9000,366243
364611_seg_27000,364611
364611_seg_30000,364611
364611_seg_33000,364611
363877_seg_0,363877
363877_seg_12000,363877
363877_seg_15000,363877
363877_seg_18000,363877
363877_seg_24000,363877
363877_seg_30000,363877
363877_seg_39000,363877
363877_seg_45000,363877
363877_seg_48000,363877
363877_seg_54000,363877
363741_seg_0,363741
363741_seg_3000,363741
363741_seg_6000,363741
363741_seg_9000,363741
363741_seg_24000,363741
363741_seg_27000,363741
363741_seg_36000,363741
363741_seg_39000,363741
363741_seg_45000,363741
363741_seg_51000,363741
363741_seg_54000,363741
363741_seg_60000,363741
363741_seg_63000,363741
363741_seg_81000,363741
363741_seg_87000,363741
363741_seg_90000,363741
363741_seg_96000,363741
363741_seg_99000,363741
363741_seg_105000,363741
363741_seg_108000,363741
363741_seg_114000,363741
363741_seg_117000,363741
363337_seg_0,363337
363337_seg_3000,363337
363337_seg_9000,363337
363337_seg_12000,363337
363337_seg_18000,363337
363337_seg_21000,363337
363337_seg_24000,363337
363337_seg_27000,363337
363337_seg_30000,363337
363337_seg_36000,363337
362593_seg_0,362593
362593_seg_3000,362593
362593_seg_6000,362593
362593_seg_21000,362593
362593_seg_24000,362593
361569_seg_0,361569
361569_seg_3000,361569
361569_seg_6000,361569
361569_seg_9000,361569
361569_seg_12000,361569
361569_seg_15000,361569
361569_seg_18000,361569
361569_seg_21000,361569
361569_seg_24000,361569
361569_seg_27000,361569
361569_seg_30000,361569
361569_seg_33000,361569
361569_seg_36000,361569
361173_seg_0,361173
361173_seg_12000,361173
361173_seg_15000,361173
361173_seg_21000,361173
361173_seg_27000,361173
361173_seg_33000,361173
361173_seg_54000,361173
361173_seg_57000,361173
361173_seg_69000,361173
361173_seg_75000,361173
361173_seg_99000,361173
361173_seg_108000,361173
361173_seg_114000,361173
361173_seg_120000,361173
361173_seg_123000,361173
361173_seg_144000,361173
361173_seg_159000,361173
361173_seg_165000,361173
361173_seg_183000,361173
361173_seg_201000,361173
361173_seg_204000,361173
361173_seg_207000,361173
361173_seg_213000,361173
361173_seg_237000,361173
361173_seg_243000,361173
361151_seg_0,361151
361151_seg_3000,361151
361151_seg_6000,361151
361151_seg_9000,361151
361151_seg_18000,361151
361151_seg_21000,361151
358601_seg_0,358601
358601_seg_3000,358601
358601_seg_21000,358601
358210_seg_0,358210
358210_seg_3000,358210
358210_seg_6000,358210
358210_seg_9000,358210
358210_seg_12000,358210
358210_seg_15000,358210
358210_seg_18000,358210
358210_seg_21000,358210
358210_seg_24000,358210
358210_seg_27000,358210
358210_seg_30000,358210
358210_seg_33000,358210
358210_seg_36000,358210
358210_seg_39000,358210
358210_seg_42000,358210
358210_seg_45000,358210
358210_seg_51000,358210
358210_seg_54000,358210
358210_seg_57000,358210
358210_seg_60000,358210
358210_seg_63000,358210
358210_seg_66000,358210
358210_seg_69000,358210
358210_seg_72000,358210
358210_seg_75000,358210
358210_seg_78000,358210
358210_seg_81000,358210
358210_seg_84000,358210
358210_seg_87000,358210
358210_seg_90000,358210
358210_seg_93000,358210
358210_seg_96000,358210
358210_seg_99000,358210
358210_seg_102000,358210
358210_seg_105000,358210
358210_seg_108000,358210
358210_seg_111000,358210
358210_seg_114000,358210
358210_seg_120000,358210
358210_seg_123000,358210
358210_seg_126000,358210
358210_seg_129000,358210
358210_seg_132000,358210
358210_seg_135000,358210
358210_seg_138000,358210
358210_seg_141000,358210
358210_seg_144000,358210
358210_seg_147000,358210
358210_seg_150000,358210
358210_seg_153000,358210
358210_seg_156000,358210
358210_seg_159000,358210
358210_seg_162000,358210
358210_seg_165000,358210
358210_seg_168000,358210
358210_seg_171000,358210
358210_seg_177000,358210
358016_seg_0,358016
358016_seg_9000,358016
357333_seg_6000,357333
351442_seg_3000,351442
351442_seg_9000,351442
351442_seg_12000,351442
351442_seg_18000,351442
351442_seg_27000,351442
351442_seg_33000,351442
351442_seg_42000,351442
351442_seg_45000,351442
351442_seg_48000,351442
351442_seg_51000,351442
351442_seg_54000,351442
351442_seg_57000,351442
351442_seg_60000,351442
351442_seg_63000,351442
351442_seg_66000,351442
351442_seg_69000,351442
351442_seg_75000,351442
351442_seg_78000,351442
351442_seg_81000,351442
351442_seg_84000,351442
351442_seg_87000,351442
351442_seg_90000,351442
351442_seg_96000,351442
351442_seg_99000,351442
351442_seg_102000,351442
351442_seg_108000,351442
351442_seg_111000,351442
351442_seg_117000,351442
351442_seg_120000,351442
351442_seg_126000,351442
351442_seg_129000,351442
351442_seg_132000,351442
351442_seg_138000,351442
351442_seg_144000,351442
351442_seg_150000,351442
351442_seg_153000,351442
351442_seg_156000,351442
351442_seg_159000,351442
351442_seg_162000,351442
351442_seg_165000,351442
351442_seg_168000,351442
351442_seg_174000,351442
351442_seg_177000,351442
351442_seg_186000,351442
351442_seg_201000,351442
351442_seg_210000,351442
351442_seg_246000,351442
351442_seg_249000,351442
351442_seg_252000,351442
351442_seg_258000,351442
351442_seg_264000,351442
351442_seg_267000,351442
351442_seg_270000,351442
351442_seg_276000,351442
351440_seg_3000,351440
351440_seg_6000,351440
351440_seg_12000,351440
351440_seg_15000,351440
351440_seg_21000,351440
351440_seg_24000,351440
351440_seg_27000,351440
351440_seg_30000,351440
351440_seg_36000,351440
351440_seg_42000,351440
351440_seg_45000,351440
351440_seg_48000,351440
351440_seg_54000,351440
351440_seg_57000,351440
351440_seg_60000,351440
351440_seg_63000,351440
351440_seg_66000,351440
351440_seg_69000,351440
351440_seg_96000,351440
351440_seg_99000,351440
351440_seg_108000,351440
351440_seg_111000,351440
351440_seg_114000,351440
351440_seg_117000,351440
351440_seg_120000,351440
351440_seg_123000,351440
351440_seg_126000,351440
351440_seg_129000,351440
351440_seg_132000,351440
351440_seg_138000,351440
351440_seg_141000,351440
351440_seg_156000,351440
351440_seg_162000,351440
351440_seg_165000,351440
351440_seg_171000,351440
351440_seg_177000,351440
351440_seg_183000,351440
351440_seg_186000,351440
351440_seg_192000,351440
351440_seg_195000,351440
351440_seg_198000,351440
351440_seg_201000,351440
351440_seg_207000,351440
351440_seg_213000,351440
351440_seg_216000,351440
351440_seg_225000,351440
351440_seg_228000,351440
351440_seg_231000,351440
351440_seg_234000,351440
351440_seg_240000,351440
351440_seg_243000,351440
351440_seg_252000,351440
351440_seg_264000,351440
351440_seg_270000,351440
351440_seg_273000,351440
351440_seg_279000,351440
351440_seg_285000,351440
351440_seg_291000,351440
351440_seg_294000,351440
351440_seg_297000,351440
351440_seg_303000,351440
351440_seg_309000,351440
351440_seg_312000,351440
351440_seg_315000,351440
351440_seg_324000,351440
351440_seg_330000,351440
351440_seg_333000,351440
351440_seg_336000,351440
351440_seg_339000,351440
351440_seg_342000,351440
351440_seg_345000,351440
351440_seg_348000,351440
351440_seg_351000,351440
351440_seg_354000,351440
351440_seg_357000,351440
351440_seg_360000,351440
351440_seg_363000,351440
351440_seg_366000,351440
351440_seg_372000,351440
351440_seg_375000,351440
351440_seg_378000,351440
351440_seg_381000,351440
351440_seg_384000,351440
351440_seg_387000,351440
351440_seg_390000,351440
351440_seg_396000,351440
351440_seg_399000,351440
351440_seg_405000,351440
351440_seg_411000,351440
351440_seg_414000,351440
351440_seg_417000,351440
351440_seg_420000,351440
351440_seg_423000,351440
351440_seg_426000,351440
351440_seg_429000,351440
351440_seg_432000,351440
351440_seg_438000,351440
351440_seg_444000,351440
351440_seg_450000,351440
351440_seg_453000,351440
351440_seg_459000,351440
351440_seg_462000,351440
351440_seg_465000,351440
351440_seg_468000,351440
351440_seg_474000,351440
351440_seg_477000,351440
351440_seg_483000,351440
351440_seg_486000,351440
351440_seg_492000,351440
351440_seg_498000,351440
351440_seg_501000,351440
351440_seg_504000,351440
351440_seg_507000,351440
351440_seg_510000,351440
351440_seg_516000,351440
351440_seg_522000,351440
351440_seg_525000,351440
351440_seg_531000,351440
351440_seg_537000,351440
351440_seg_540000,351440
351440_seg_546000,351440
351440_seg_552000,351440
351440_seg_555000,351440
351440_seg_561000,351440
351440_seg_567000,351440
351440_seg_570000,351440
351440_seg_576000,351440
351440_seg_594000,351440
351440_seg_603000,351440
351440_seg_612000,351440
351440_seg_618000,351440
351440_seg_633000,351440
351440_seg_639000,351440
351440_seg_648000,351440
351440_seg_669000,351440
351440_seg_672000,351440
351440_seg_678000,351440
351440_seg_684000,351440
351440_seg_699000,351440
351440_seg_702000,351440
351440_seg_708000,351440
351440_seg_729000,351440
351440_seg_738000,351440
351440_seg_741000,351440
351440_seg_744000,351440
351440_seg_747000,351440
351440_seg_753000,351440
351440_seg_759000,351440
351440_seg_765000,351440
351440_seg_771000,351440
337766_seg_0,337766
337766_seg_3000,337766
337766_seg_9000,337766
337766_seg_18000,337766
337766_seg_21000,337766
337766_seg_24000,337766
337766_seg_30000,337766
337766_seg_36000,337766
337766_seg_39000,337766
337766_seg_48000,337766
337766_seg_51000,337766
337766_seg_54000,337766
337766_seg_69000,337766
337766_seg_78000,337766
337766_seg_84000,337766
337766_seg_87000,337766
337766_seg_93000,337766
337766_seg_105000,337766
337766_seg_108000,337766
337762_seg_0,337762
337762_seg_27000,337762
337762_seg_36000,337762
337762_seg_42000,337762
337762_seg_48000,337762
337762_seg_69000,337762
337762_seg_72000,337762
337762_seg_75000,337762
337762_seg_78000,337762
337762_seg_81000,337762
337762_seg_84000,337762
337762_seg_87000,337762
337762_seg_90000,337762
337762_seg_93000,337762
337762_seg_96000,337762
337762_seg_99000,337762
337762_seg_102000,337762
337762_seg_105000,337762
337762_seg_108000,337762
337762_seg_111000,337762
337762_seg_114000,337762
337762_seg_117000,337762
337762_seg_120000,337762
337762_seg_123000,337762
337762_seg_129000,337762
337762_seg_135000,337762
337762_seg_138000,337762
337762_seg_144000,337762
337762_seg_147000,337762
337762_seg_150000,337762
337762_seg_156000,337762
337762_seg_159000,337762
337762_seg_162000,337762
337762_seg_165000,337762
337762_seg_171000,337762
337762_seg_174000,337762
337762_seg_177000,337762
337762_seg_195000,337762
337762_seg_204000,337762
337762_seg_222000,337762
337762_seg_228000,337762
337762_seg_234000,337762
337762_seg_240000,337762
337762_seg_264000,337762
337762_seg_273000,337762
337762_seg_282000,337762
337762_seg_288000,337762
337762_seg_297000,337762
337762_seg_303000,337762
337762_seg_309000,337762
337762_seg_315000,337762
337762_seg_318000,337762
337762_seg_321000,337762
337762_seg_327000,337762
337762_seg_333000,337762
337762_seg_336000,337762
337762_seg_342000,337762
337762_seg_351000,337762
337762_seg_366000,337762
337762_seg_372000,337762
337762_seg_375000,337762
337762_seg_378000,337762
337762_seg_384000,337762
337762_seg_387000,337762
337762_seg_396000,337762
337762_seg_399000,337762
337762_seg_402000,337762
337762_seg_405000,337762
337762_seg_408000,337762
337762_seg_411000,337762
337762_seg_417000,337762
337762_seg_426000,337762
337762_seg_453000,337762
337762_seg_459000,337762
337762_seg_468000,337762
337762_seg_480000,337762
337762_seg_483000,337762
337762_seg_486000,337762
337762_seg_492000,337762
337762_seg_498000,337762
337762_seg_501000,337762
337762_seg_504000,337762
337762_seg_513000,337762
337762_seg_516000,337762
337762_seg_519000,337762
337762_seg_525000,337762
337762_seg_528000,337762
337762_seg_531000,337762
337762_seg_534000,337762
337762_seg_540000,337762
337762_seg_546000,337762
337762_seg_549000,337762
337762_seg_552000,337762
337762_seg_555000,337762
337762_seg_561000,337762
337762_seg_564000,337762
337762_seg_567000,337762
337762_seg_570000,337762
337762_seg_576000,337762
337762_seg_579000,337762
337762_seg_582000,337762
337762_seg_585000,337762
337762_seg_588000,337762
337762_seg_594000,337762
337762_seg_600000,337762
337762_seg_603000,337762
337762_seg_618000,337762
337762_seg_621000,337762
337762_seg_627000,337762
337762_seg_630000,337762
337762_seg_642000,337762
337762_seg_660000,337762
337762_seg_666000,337762
337762_seg_750000,337762
337762_seg_753000,337762
337762_seg_756000,337762
337762_seg_759000,337762
337762_seg_762000,337762
337762_seg_765000,337762
337762_seg_768000,337762
337762_seg_771000,337762
337762_seg_774000,337762
337762_seg_777000,337762
337762_seg_780000,337762
337762_seg_783000,337762
337762_seg_786000,337762
337762_seg_792000,337762
337762_seg_795000,337762
337762_seg_798000,337762
337762_seg_801000,337762
337762_seg_804000,337762
337762_seg_807000,337762
337762_seg_810000,337762
337762_seg_816000,337762
337762_seg_822000,337762
337762_seg_828000,337762
337762_seg_831000,337762
337762_seg_837000,337762
337762_seg_840000,337762
337762_seg_843000,337762
337762_seg_846000,337762
337762_seg_849000,337762
337762_seg_852000,337762
337762_seg_858000,337762
337762_seg_864000,337762
337762_seg_870000,337762
337762_seg_876000,337762
337762_seg_879000,337762
337762_seg_882000,337762
337762_seg_888000,337762
337762_seg_891000,337762
337762_seg_894000,337762
337762_seg_897000,337762
337762_seg_900000,337762
337762_seg_903000,337762
337762_seg_906000,337762
337762_seg_912000,337762
337762_seg_918000,337762
337762_seg_924000,337762
337762_seg_930000,337762
337762_seg_936000,337762
337762_seg_939000,337762
337762_seg_945000,337762
337762_seg_948000,337762
337762_seg_963000,337762
337762_seg_969000,337762
337756_seg_90000,337756
337756_seg_93000,337756
337756_seg_96000,337756
337756_seg_99000,337756
337756_seg_102000,337756
337756_seg_105000,337756
337756_seg_111000,337756
337756_seg_114000,337756
337756_seg_132000,337756
337756_seg_135000,337756
337756_seg_141000,337756
337756_seg_147000,337756
337756_seg_153000,337756
337756_seg_159000,337756
337756_seg_162000,337756
337756_seg_171000,337756
337756_seg_177000,337756
337756_seg_204000,337756
337756_seg_210000,337756
337756_seg_216000,337756
337756_seg_219000,337756
337756_seg_222000,337756
337756_seg_225000,337756
337756_seg_231000,337756
337756_seg_237000,337756
337756_seg_243000,337756
337756_seg_246000,337756
337756_seg_249000,337756
337756_seg_252000,337756
337756_seg_258000,337756
337756_seg_270000,337756
337756_seg_276000,337756
337756_seg_285000,337756
337756_seg_291000,337756
337756_seg_321000,337756
337756_seg_357000,337756
337755_seg_0,337755
337755_seg_9000,337755
337755_seg_33000,337755
337755_seg_36000,337755
337755_seg_63000,337755
337755_seg_66000,337755
337755_seg_72000,337755
337755_seg_78000,337755
337755_seg_93000,337755
337755_seg_105000,337755
337755_seg_108000,337755
337755_seg_114000,337755
337755_seg_117000,337755
337755_seg_123000,337755
337755_seg_132000,337755
337755_seg_135000,337755
337755_seg_141000,337755
337753_seg_0,337753
337753_seg_9000,337753
337753_seg_12000,337753
337753_seg_15000,337753
337753_seg_18000,337753
337753_seg_24000,337753
337753_seg_30000,337753
337753_seg_36000,337753
337753_seg_39000,337753
337753_seg_45000,337753
337753_seg_51000,337753
337753_seg_57000,337753
337753_seg_60000,337753
337753_seg_66000,337753
337753_seg_75000,337753
337751_seg_0,337751
337751_seg_24000,337751
337751_seg_48000,337751
337751_seg_51000,337751
337751_seg_54000,337751
337751_seg_57000,337751
337751_seg_60000,337751
337751_seg_63000,337751
337751_seg_66000,337751
337751_seg_69000,337751
337751_seg_72000,337751
337751_seg_75000,337751
337751_seg_81000,337751
337751_seg_84000,337751
337751_seg_87000,337751
337751_seg_90000,337751
337751_seg_96000,337751
337751_seg_99000,337751
337751_seg_102000,337751
337751_seg_105000,337751
337751_seg_108000,337751
334302_seg_0,334302
334302_seg_3000,334302
334302_seg_6000,334302
334302_seg_9000,334302
334302_seg_12000,334302
334302_seg_15000,334302
334302_seg_18000,334302
334302_seg_24000,334302
334302_seg_27000,334302
334302_seg_30000,334302
334302_seg_33000,334302
334302_seg_39000,334302
334302_seg_42000,334302
334302_seg_45000,334302
334302_seg_48000,334302
334302_seg_51000,334302
334302_seg_54000,334302
334302_seg_57000,334302
334302_seg_60000,334302
334302_seg_63000,334302
334302_seg_66000,334302
334302_seg_69000,334302
334302_seg_72000,334302
334302_seg_75000,334302
334302_seg_78000,334302
330964_seg_3000,330964
330964_seg_12000,330964
330964_seg_15000,330964
330964_seg_18000,330964
330466_seg_0,330466
330466_seg_6000,330466
330466_seg_24000,330466
330466_seg_54000,330466
330466_seg_57000,330466
330466_seg_60000,330466
330466_seg_63000,330466
330466_seg_66000,330466
330466_seg_69000,330466
330466_seg_72000,330466
330466_seg_81000,330466
330466_seg_84000,330466
330466_seg_90000,330466
330466_seg_96000,330466
330466_seg_102000,330466
330457_seg_3000,330457
330457_seg_6000,330457
330457_seg_9000,330457
330457_seg_15000,330457
330457_seg_24000,330457
330389_seg_0,330389
330389_seg_3000,330389
330389_seg_6000,330389
330389_seg_9000,330389
330389_seg_12000,330389
330389_seg_18000,330389
330389_seg_30000,330389
330384_seg_0,330384
330384_seg_3000,330384
330384_seg_6000,330384
330384_seg_9000,330384
330384_seg_12000,330384
330384_seg_15000,330384
330384_seg_18000,330384
330384_seg_21000,330384
330384_seg_30000,330384
330384_seg_33000,330384
330384_seg_36000,330384
330384_seg_45000,330384
330378_seg_0,330378
330378_seg_3000,330378
330378_seg_9000,330378
330378_seg_24000,330378
330378_seg_39000,330378
330378_seg_48000,330378
330378_seg_57000,330378
330378_seg_72000,330378
327773_seg_0,327773
327773_seg_6000,327773
327773_seg_9000,327773
327773_seg_12000,327773
327767_seg_27000,327767
327767_seg_33000,327767
327767_seg_36000,327767
327767_seg_39000,327767
327767_seg_42000,327767
327767_seg_45000,327767
327767_seg_48000,327767
327767_seg_51000,327767
327767_seg_54000,327767
326334_seg_12000,326334
326334_seg_15000,326334
326334_seg_24000,326334
326334_seg_27000,326334
326334_seg_30000,326334
326334_seg_36000,326334
326334_seg_42000,326334
326334_seg_51000,326334
326332_seg_27000,326332
326332_seg_33000,326332
326332_seg_72000,326332
326332_seg_78000,326332
326332_seg_81000,326332
326332_seg_87000,326332
326332_seg_141000,326332
326332_seg_156000,326332
326332_seg_198000,326332
326332_seg_219000,326332
321447_seg_0,321447
321447_seg_3000,321447
321447_seg_15000,321447
321447_seg_18000,321447
321447_seg_21000,321447
321447_seg_24000,321447
321447_seg_27000,321447
321447_seg_30000,321447
321447_seg_36000,321447
321447_seg_39000,321447
321447_seg_42000,321447
321447_seg_45000,321447
321447_seg_48000,321447
321447_seg_51000,321447
321447_seg_54000,321447
321447_seg_57000,321447
321445_seg_21000,321445
321444_seg_0,321444
321444_seg_18000,321444
321444_seg_24000,321444
321444_seg_30000,321444
321444_seg_36000,321444
321444_seg_42000,321444
321442_seg_0,321442
321442_seg_9000,321442
321442_seg_33000,321442
321442_seg_42000,321442
321442_seg_48000,321442
321442_seg_60000,321442
321442_seg_72000,321442
321442_seg_78000,321442
321441_seg_0,321441
321441_seg_6000,321441
321441_seg_12000,321441
321441_seg_27000,321441
321441_seg_30000,321441
321441_seg_36000,321441
321441_seg_39000,321441
321441_seg_45000,321441
321441_seg_51000,321441
321441_seg_60000,321441
321441_seg_66000,321441
321441_seg_69000,321441
321441_seg_72000,321441
321441_seg_78000,321441
321441_seg_84000,321441
321441_seg_90000,321441
321441_seg_96000,321441
321441_seg_102000,321441
321441_seg_105000,321441
321441_seg_114000,321441
321441_seg_120000,321441
321441_seg_129000,321441
321441_seg_135000,321441
321441_seg_141000,321441
321441_seg_144000,321441
321441_seg_150000,321441
321441_seg_156000,321441
321441_seg_162000,321441
321441_seg_171000,321441
321441_seg_174000,321441
321441_seg_177000,321441
321441_seg_180000,321441
321441_seg_204000,321441
321441_seg_210000,321441
321441_seg_213000,321441
321441_seg_219000,321441
321441_seg_222000,321441
321440_seg_0,321440
321440_seg_3000,321440
321440_seg_12000,321440
321440_seg_15000,321440
321440_seg_33000,321440
321440_seg_36000,321440
321440_seg_39000,321440
321440_seg_42000,321440
321440_seg_48000,321440
321440_seg_51000,321440
321440_seg_54000,321440
321440_seg_111000,321440
321440_seg_114000,321440
321440_seg_120000,321440
321440_seg_126000,321440
321440_seg_129000,321440
321440_seg_132000,321440
321440_seg_138000,321440
321440_seg_141000,321440
321440_seg_144000,321440
321440_seg_147000,321440
321440_seg_153000,321440
318127_seg_3000,318127
318127_seg_9000,318127
318127_seg_33000,318127
318127_seg_36000,318127
318127_seg_39000,318127
318127_seg_45000,318127
318127_seg_51000,318127
318127_seg_57000,318127
318127_seg_63000,318127
318127_seg_69000,318127
318127_seg_75000,318127
318127_seg_78000,318127
318127_seg_84000,318127
318113_seg_3000,318113
318113_seg_6000,318113
318113_seg_9000,318113
318113_seg_12000,318113
318113_seg_18000,318113
318113_seg_24000,318113
318113_seg_30000,318113
318113_seg_36000,318113
318113_seg_42000,318113
318113_seg_48000,318113
318113_seg_51000,318113
318113_seg_54000,318113
318113_seg_57000,318113
318113_seg_60000,318113
318113_seg_63000,318113
318113_seg_66000,318113
318113_seg_69000,318113
318113_seg_78000,318113
318113_seg_90000,318113
318113_seg_111000,318113
318113_seg_114000,318113
318113_seg_117000,318113
318113_seg_120000,318113
318113_seg_126000,318113
318113_seg_129000,318113
318113_seg_132000,318113
318113_seg_135000,318113
318113_seg_138000,318113
318113_seg_141000,318113
318113_seg_144000,318113
318113_seg_147000,318113
318113_seg_150000,318113
318113_seg_153000,318113
318113_seg_156000,318113
318113_seg_159000,318113
318113_seg_162000,318113
318113_seg_165000,318113
318113_seg_168000,318113
318113_seg_171000,318113
318113_seg_174000,318113
318113_seg_177000,318113
318113_seg_183000,318113
318113_seg_189000,318113
318113_seg_198000,318113
318113_seg_201000,318113
318113_seg_204000,318113
318113_seg_210000,318113
318113_seg_216000,318113
318113_seg_219000,318113
318113_seg_222000,318113
318113_seg_225000,318113
318113_seg_228000,318113
318113_seg_231000,318113
318113_seg_234000,318113
318113_seg_237000,318113
318113_seg_240000,318113
318113_seg_246000,318113
318113_seg_249000,318113
318113_seg_252000,318113
318113_seg_255000,318113
318113_seg_258000,318113
318113_seg_261000,318113
318113_seg_264000,318113
318113_seg_267000,318113
318113_seg_270000,318113
318113_seg_273000,318113
318113_seg_276000,318113
318113_seg_279000,318113
318113_seg_282000,318113
318113_seg_291000,318113
318113_seg_294000,318113
318113_seg_300000,318113
318113_seg_303000,318113
318113_seg_306000,318113
318113_seg_312000,318113
318113_seg_315000,318113
318113_seg_321000,318113
318113_seg_324000,318113
318113_seg_327000,318113
316559_seg_0,316559
316559_seg_3000,316559
316559_seg_6000,316559
316559_seg_9000,316559
316559_seg_12000,316559
316559_seg_15000,316559
316559_seg_18000,316559
316559_seg_21000,316559
316559_seg_24000,316559
316559_seg_27000,316559
316559_seg_30000,316559
316559_seg_33000,316559
316559_seg_36000,316559
316559_seg_39000,316559
316559_seg_42000,316559
315874_seg_0,315874
315874_seg_3000,315874
315874_seg_6000,315874
315874_seg_9000,315874
315874_seg_12000,315874
315874_seg_15000,315874
315874_seg_18000,315874
315874_seg_21000,315874
315874_seg_24000,315874
315874_seg_27000,315874
315874_seg_33000,315874
315874_seg_39000,315874
315874_seg_45000,315874
315872_seg_0,315872
315872_seg_3000,315872
315872_seg_6000,315872
315872_seg_12000,315872
315872_seg_18000,315872
315872_seg_21000,315872
315872_seg_24000,315872
315872_seg_27000,315872
315872_seg_30000,315872
315872_seg_33000,315872
315872_seg_36000,315872
315872_seg_39000,315872
315872_seg_42000,315872
315872_seg_45000,315872
315872_seg_51000,315872
315872_seg_54000,315872
315872_seg_57000,315872
315872_seg_60000,315872
315872_seg_66000,315872
315872_seg_69000,315872
315872_seg_75000,315872
315872_seg_78000,315872
315854_seg_0,315854
315853_seg_0,315853
315853_seg_6000,315853
315852_seg_30000,315852
315852_seg_33000,315852
315852_seg_36000,315852
315852_seg_39000,315852
315852_seg_45000,315852
315852_seg_48000,315852
315852_seg_69000,315852
315852_seg_72000,315852
315852_seg_84000,315852
315852_seg_87000,315852
313114_seg_0,313114
313114_seg_3000,313114
313114_seg_12000,313114
313114_seg_15000,313114
312699_seg_0,312699
312699_seg_3000,312699
312699_seg_6000,312699
312699_seg_9000,312699
312699_seg_12000,312699
312699_seg_15000,312699
312699_seg_18000,312699
312698_seg_0,312698
312698_seg_6000,312698
312698_seg_15000,312698
312698_seg_18000,312698
312698_seg_21000,312698
312698_seg_27000,312698
312698_seg_36000,312698
312628_seg_0,312628
310654_seg_9000,310654
310649_seg_0,310649
310649_seg_6000,310649
310649_seg_18000,310649
310649_seg_24000,310649
307908_seg_3000,307908
307908_seg_9000,307908
307908_seg_21000,307908
307908_seg_48000,307908
281648_seg_0,281648
281648_seg_15000,281648
281643_seg_0,281643
281643_seg_3000,281643
281643_seg_6000,281643
281643_seg_12000,281643
281643_seg_18000,281643
281641_seg_0,281641
281641_seg_3000,281641
281641_seg_6000,281641
281641_seg_9000,281641
247555_seg_6000,247555
247553_seg_0,247553
247553_seg_3000,247553
247553_seg_6000,247553
243871_seg_0,243871
243871_seg_3000,243871
243871_seg_9000,243871
243871_seg_12000,243871
243871_seg_18000,243871
243871_seg_21000,243871
243871_seg_24000,243871
243871_seg_27000,243871
243871_seg_30000,243871
243871_seg_33000,243871
243871_seg_36000,243871
243871_seg_39000,243871
243871_seg_42000,243871
243871_seg_45000,243871
240121_seg_0,240121
240121_seg_3000,240121
240121_seg_18000,240121
240121_seg_21000,240121
240121_seg_24000,240121
240121_seg_30000,240121
240121_seg_33000,240121
240121_seg_36000,240121
240121_seg_39000,240121
240121_seg_42000,240121
240121_seg_45000,240121
240121_seg_48000,240121
240121_seg_51000,240121
240121_seg_54000,240121
239720_seg_0,239720
239720_seg_12000,239720
239720_seg_15000,239720
239720_seg_21000,239720
239720_seg_24000,239720
239720_seg_36000,239720
239720_seg_42000,239720
239720_seg_45000,239720
239720_seg_51000,239720
236968_seg_9000,236968
236968_seg_24000,236968
236968_seg_33000,236968
236968_seg_36000,236968
236968_seg_42000,236968
236968_seg_48000,236968
236968_seg_54000,236968
236602_seg_3000,236602
236602_seg_9000,236602
236602_seg_12000,236602
236602_seg_15000,236602
236602_seg_18000,236602
236601_seg_3000,236601
236601_seg_6000,236601
236601_seg_18000,236601
236601_seg_21000,236601
236601_seg_30000,236601
236601_seg_33000,236601
236601_seg_39000,236601
235214_seg_0,235214
235214_seg_6000,235214
235214_seg_12000,235214
235214_seg_15000,235214
235214_seg_18000,235214
235214_seg_21000,235214
235214_seg_27000,235214
235214_seg_30000,235214
235214_seg_33000,235214
235214_seg_36000,235214
235214_seg_42000,235214
235214_seg_45000,235214
235214_seg_51000,235214
235214_seg_60000,235214
235214_seg_66000,235214
235214_seg_69000,235214
235214_seg_72000,235214
235214_seg_78000,235214
233509_seg_0,233509
233509_seg_3000,233509
233509_seg_9000,233509
233509_seg_12000,233509
233509_seg_15000,233509
233509_seg_18000,233509
233509_seg_21000,233509
233509_seg_24000,233509
233509_seg_27000,233509
233509_seg_33000,233509
233509_seg_36000,233509
233509_seg_42000,233509
233509_seg_45000,233509
233509_seg_51000,233509
233509_seg_54000,233509
225389_seg_0,225389
225389_seg_3000,225389
225389_seg_9000,225389
225389_seg_12000,225389
225389_seg_15000,225389
225389_seg_24000,225389
225389_seg_27000,225389
225389_seg_33000,225389
225389_seg_36000,225389
217579_seg_0,217579
217472_seg_0,217472
217472_seg_3000,217472
217472_seg_6000,217472
217472_seg_9000,217472
217472_seg_12000,217472
217472_seg_15000,217472
217472_seg_18000,217472
217472_seg_21000,217472
217472_seg_24000,217472
217472_seg_27000,217472
217472_seg_30000,217472
217472_seg_33000,217472
217472_seg_42000,217472
217472_seg_48000,217472
217472_seg_51000,217472
217472_seg_60000,217472
217472_seg_63000,217472
217472_seg_66000,217472
217472_seg_72000,217472
217472_seg_75000,217472
217472_seg_78000,217472
217472_seg_81000,217472
217472_seg_87000,217472
217471_seg_0,217471
217471_seg_3000,217471
217471_seg_9000,217471
217471_seg_12000,217471
217471_seg_15000,217471
217471_seg_18000,217471
217471_seg_21000,217471
217471_seg_24000,217471
217469_seg_0,217469
217469_seg_3000,217469
217469_seg_6000,217469
217469_seg_9000,217469
217469_seg_12000,217469
217469_seg_15000,217469
217469_seg_18000,217469
217469_seg_21000,217469
217469_seg_24000,217469
217469_seg_27000,217469
216369_seg_3000,216369
216369_seg_6000,216369
216369_seg_9000,216369
216369_seg_15000,216369
216369_seg_18000,216369
216369_seg_21000,216369
216369_seg_27000,216369
216369_seg_33000,216369
216369_seg_39000,216369
216369_seg_42000,216369
216369_seg_48000,216369
216369_seg_51000,216369
216369_seg_54000,216369
216367_seg_3000,216367
216367_seg_6000,216367
216367_seg_9000,216367
216203_seg_0,216203
195196_seg_3000,195196
195196_seg_15000,195196
181235_seg_3000,181235
181235_seg_6000,181235
181235_seg_12000,181235
181235_seg_21000,181235
181235_seg_27000,181235
181235_seg_33000,181235
181235_seg_39000,181235
181235_seg_45000,181235
181235_seg_51000,181235
181235_seg_54000,181235
181235_seg_57000,181235
181235_seg_60000,181235
181235_seg_66000,181235
181235_seg_72000,181235
181235_seg_75000,181235
181235_seg_81000,181235
181235_seg_84000,181235
181235_seg_93000,181235
181235_seg_96000,181235
181235_seg_210000,181235
181235_seg_222000,181235
181235_seg_228000,181235
181235_seg_234000,181235
181235_seg_237000,181235
181235_seg_243000,181235
181235_seg_249000,181235
181235_seg_255000,181235
181235_seg_258000,181235
181235_seg_270000,181235
181235_seg_276000,181235
181235_seg_279000,181235
181235_seg_291000,181235
181235_seg_294000,181235
181235_seg_303000,181235
181235_seg_306000,181235
181235_seg_309000,181235
181235_seg_312000,181235
181235_seg_315000,181235
181235_seg_321000,181235
181235_seg_330000,181235
181235_seg_333000,181235
181235_seg_336000,181235
181235_seg_339000,181235
181235_seg_342000,181235
181235_seg_351000,181235
181235_seg_357000,181235
181235_seg_360000,181235
181235_seg_366000,181235
181235_seg_372000,181235
181235_seg_375000,181235
181235_seg_378000,181235
181235_seg_384000,181235
176124_seg_0,176124
176124_seg_3000,176124
176124_seg_9000,176124
176124_seg_12000,176124
176124_seg_15000,176124
176124_seg_18000,176124
176124_seg_21000,176124
176124_seg_24000,176124
176124_seg_30000,176124
176124_seg_33000,176124
176124_seg_36000,176124
176124_seg_39000,176124
176124_seg_42000,176124
176124_seg_48000,176124
176124_seg_51000,176124
176124_seg_54000,176124
176124_seg_60000,176124
176124_seg_63000,176124
176124_seg_66000,176124
176124_seg_72000,176124
176124_seg_75000,176124
176124_seg_78000,176124
176124_seg_84000,176124
176124_seg_87000,176124
176124_seg_90000,176124
176124_seg_93000,176124
176124_seg_96000,176124
176124_seg_99000,176124
176124_seg_102000,176124
176124_seg_105000,176124
176124_seg_108000,176124
176124_seg_114000,176124
176124_seg_117000,176124
176124_seg_120000,176124
176124_seg_123000,176124
176124_seg_129000,176124
176124_seg_132000,176124
176124_seg_135000,176124
176124_seg_138000,176124
176124_seg_141000,176124
176124_seg_144000,176124
176124_seg_147000,176124
176124_seg_150000,176124
176124_seg_153000,176124
176124_seg_156000,176124
176124_seg_159000,176124
176124_seg_162000,176124
176124_seg_165000,176124
176124_seg_171000,176124
176124_seg_174000,176124
174500_seg_0,174500
172565_seg_0,172565
172565_seg_3000,172565
172565_seg_6000,172565
172565_seg_9000,172565
172565_seg_12000,172565
172565_seg_15000,172565
172565_seg_18000,172565
172565_seg_27000,172565
172170_seg_18000,172170
172170_seg_24000,172170
172170_seg_27000,172170
172170_seg_33000,172170
172170_seg_39000,172170
172170_seg_42000,172170
172170_seg_45000,172170
172170_seg_54000,172170
172170_seg_57000,172170
172170_seg_60000,172170
172170_seg_63000,172170
172170_seg_75000,172170
172170_seg_84000,172170
172170_seg_93000,172170
171608_seg_0,171608
171608_seg_3000,171608
171608_seg_6000,171608
171608_seg_9000,171608
171608_seg_12000,171608
171608_seg_15000,171608
171608_seg_18000,171608
171608_seg_21000,171608
171608_seg_24000,171608
171608_seg_27000,171608
171608_seg_30000,171608
171608_seg_33000,171608
171608_seg_39000,171608
171608_seg_42000,171608
171608_seg_45000,171608
171463_seg_0,171463
171463_seg_9000,171463
171463_seg_12000,171463
171463_seg_15000,171463
171463_seg_18000,171463
171462_seg_6000,171462
171462_seg_12000,171462
171462_seg_15000,171462
171462_seg_27000,171462
171462_seg_30000,171462
171462_seg_36000,171462
171462_seg_66000,171462
171462_seg_90000,171462
171462_seg_108000,171462
171462_seg_117000,171462
171462_seg_165000,171462
171462_seg_168000,171462
171462_seg_174000,171462
171462_seg_177000,171462
171462_seg_213000,171462
170654_seg_0,170654
170654_seg_3000,170654
170654_seg_15000,170654
170654_seg_18000,170654
170425_seg_3000,170425
170174_seg_0,170174
170174_seg_3000,170174
170174_seg_6000,170174
170174_seg_9000,170174
169309_seg_0,169309
169309_seg_3000,169309
169309_seg_6000,169309
169309_seg_9000,169309
169309_seg_12000,169309
169309_seg_15000,169309
156084_seg_0,156084
156084_seg_6000,156084
142808_seg_3000,142808
142808_seg_9000,142808
142808_seg_12000,142808
142808_seg_15000,142808
142808_seg_18000,142808
142808_seg_21000,142808
142808_seg_24000,142808
142808_seg_27000,142808
142808_seg_30000,142808
142808_seg_33000,142808
142808_seg_36000,142808
142080_seg_3000,142080
142080_seg_6000,142080
142080_seg_9000,142080
142080_seg_12000,142080
142080_seg_15000,142080
142080_seg_18000,142080
142080_seg_21000,142080
142080_seg_24000,142080
142080_seg_27000,142080
142080_seg_30000,142080
142080_seg_33000,142080
142080_seg_36000,142080
142080_seg_39000,142080
139542_seg_0,139542
139542_seg_6000,139542
139542_seg_9000,139542
139542_seg_18000,139542
139542_seg_21000,139542
139542_seg_24000,139542
139542_seg_27000,139542
139354_seg_33000,139354
138200_seg_0,138200
138200_seg_3000,138200
138200_seg_6000,138200
138200_seg_9000,138200
138200_seg_15000,138200
138200_seg_18000,138200
138200_seg_21000,138200
138200_seg_27000,138200
138200_seg_30000,138200
138200_seg_36000,138200
138200_seg_39000,138200
138198_seg_0,138198
138198_seg_3000,138198
138198_seg_9000,138198
138198_seg_15000,138198
138198_seg_18000,138198
138198_seg_21000,138198
138198_seg_24000,138198
138180_seg_0,138180
138180_seg_3000,138180
138180_seg_6000,138180
138180_seg_9000,138180
138180_seg_15000,138180
138180_seg_18000,138180
138180_seg_24000,138180
138015_seg_3000,138015
138015_seg_12000,138015
138015_seg_18000,138015
138015_seg_21000,138015
138015_seg_30000,138015
138015_seg_39000,138015
138015_seg_45000,138015
138015_seg_51000,138015
138015_seg_60000,138015
138015_seg_63000,138015
138015_seg_72000,138015
138015_seg_75000,138015
138015_seg_81000,138015
138015_seg_84000,138015
138015_seg_87000,138015
138015_seg_90000,138015
138015_seg_93000,138015
138015_seg_96000,138015
134883_seg_0,134883
134883_seg_6000,134883
134883_seg_9000,134883
134883_seg_15000,134883
134883_seg_24000,134883
134883_seg_27000,134883
134883_seg_30000,134883
134883_seg_36000,134883
134883_seg_39000,134883
134883_seg_42000,134883
134883_seg_45000,134883
134883_seg_51000,134883
134883_seg_57000,134883
134883_seg_63000,134883
134883_seg_66000,134883
134883_seg_72000,134883
134883_seg_78000,134883
134883_seg_81000,134883
134883_seg_84000,134883
134883_seg_90000,134883
134883_seg_93000,134883
134883_seg_96000,134883
134344_seg_3000,134344
134344_seg_12000,134344
134344_seg_15000,134344
134344_seg_18000,134344
134344_seg_21000,134344
134344_seg_24000,134344
134344_seg_27000,134344
134344_seg_30000,134344
134344_seg_36000,134344
134344_seg_39000,134344
134344_seg_45000,134344
134344_seg_48000,134344
134344_seg_54000,134344
134344_seg_57000,134344
134344_seg_60000,134344
134344_seg_63000,134344
134344_seg_66000,134344
134344_seg_69000,134344
134344_seg_72000,134344
134344_seg_75000,134344
134344_seg_78000,134344
134344_seg_81000,134344
134344_seg_84000,134344
134344_seg_87000,134344
134309_seg_0,134309
134309_seg_3000,134309
134309_seg_6000,134309
134309_seg_9000,134309
134309_seg_12000,134309
134309_seg_15000,134309
134309_seg_18000,134309
134309_seg_21000,134309
134309_seg_24000,134309
134309_seg_27000,134309
134309_seg_30000,134309
134309_seg_33000,134309
134309_seg_36000,134309
134309_seg_39000,134309
134309_seg_42000,134309
134309_seg_45000,134309
134309_seg_48000,134309
134309_seg_51000,134309
134309_seg_54000,134309
134309_seg_57000,134309
134309_seg_60000,134309
134210_seg_0,134210
133965_seg_3000,133965
133965_seg_6000,133965
133965_seg_12000,133965
133965_seg_15000,133965
133965_seg_18000,133965
133965_seg_21000,133965
133965_seg_24000,133965
133965_seg_27000,133965
133965_seg_30000,133965
133965_seg_33000,133965
133965_seg_36000,133965
133965_seg_39000,133965
133965_seg_45000,133965
132578_seg_0,132578
132578_seg_3000,132578
132578_seg_6000,132578
132578_seg_9000,132578
132578_seg_15000,132578
132426_seg_3000,132426
132426_seg_6000,132426
132426_seg_9000,132426
132426_seg_12000,132426
132426_seg_15000,132426
132426_seg_18000,132426
132426_seg_21000,132426
132426_seg_24000,132426
132426_seg_27000,132426
132426_seg_30000,132426
132426_seg_36000,132426
132426_seg_39000,132426
131731_seg_0,131731
131731_seg_3000,131731
131731_seg_6000,131731
131731_seg_9000,131731
131731_seg_12000,131731
131731_seg_15000,131731
131731_seg_18000,131731
131731_seg_21000,131731
131731_seg_24000,131731
131731_seg_30000,131731
131731_seg_33000,131731
131731_seg_36000,131731
131731_seg_39000,131731
131731_seg_42000,131731
131731_seg_45000,131731
131731_seg_48000,131731
131731_seg_54000,131731
131731_seg_57000,131731
131731_seg_60000,131731
131731_seg_63000,131731
131731_seg_66000,131731
131731_seg_69000,131731
131731_seg_72000,131731
131731_seg_75000,131731
131731_seg_81000,131731
131731_seg_84000,131731
131731_seg_87000,131731
131731_seg_90000,131731
131731_seg_93000,131731
131706_seg_3000,131706
131706_seg_6000,131706
131706_seg_12000,131706
131706_seg_15000,131706
131706_seg_21000,131706
131706_seg_27000,131706
131706_seg_30000,131706
131706_seg_39000,131706
131706_seg_51000,131706
131706_seg_54000,131706
131706_seg_60000,131706
131706_seg_63000,131706
131591_seg_0,131591
131591_seg_18000,131591
131591_seg_27000,131591
131591_seg_33000,131591
131590_seg_3000,131590
131260_seg_0,131260
131260_seg_3000,131260
131260_seg_6000,131260
131260_seg_9000,131260
131260_seg_12000,131260
131260_seg_18000,131260
131260_seg_27000,131260
131258_seg_0,131258
131258_seg_3000,131258
131258_seg_6000,131258
131258_seg_9000,131258
131258_seg_12000,131258
131258_seg_15000,131258
131258_seg_18000,131258
131258_seg_21000,131258
131258_seg_27000,131258
131258_seg_30000,131258
131258_seg_33000,131258
131258_seg_36000,131258
131217_seg_0,131217
131217_seg_3000,131217
131217_seg_9000,131217
131217_seg_15000,131217
131217_seg_18000,131217
131217_seg_21000,131217
131217_seg_24000,131217
131217_seg_27000,131217
131217_seg_30000,131217
131217_seg_33000,131217
131217_seg_36000,131217
131217_seg_42000,131217
131217_seg_45000,131217
131217_seg_48000,131217
131217_seg_51000,131217
131114_seg_0,131114
131114_seg_6000,131114
131114_seg_18000,131114
130957_seg_0,130957
130269_seg_0,130269
130269_seg_3000,130269
130269_seg_6000,130269
130269_seg_9000,130269
130269_seg_15000,130269
130269_seg_18000,130269
129371_seg_0,129371
129371_seg_3000,129371
129371_seg_6000,129371
129371_seg_9000,129371
129371_seg_12000,129371
129371_seg_15000,129371
129371_seg_18000,129371
129371_seg_21000,129371
129371_seg_24000,129371
129371_seg_27000,129371
129371_seg_30000,129371
129332_seg_0,129332
129332_seg_3000,129332
129332_seg_6000,129332
129332_seg_9000,129332
129332_seg_12000,129332
129332_seg_15000,129332
129332_seg_18000,129332
129332_seg_21000,129332
129332_seg_24000,129332
129332_seg_27000,129332
129331_seg_0,129331
129331_seg_3000,129331
129331_seg_6000,129331
129331_seg_9000,129331
129331_seg_12000,129331
129331_seg_15000,129331
129331_seg_18000,129331
129331_seg_21000,129331
129330_seg_0,129330
129330_seg_6000,129330
129330_seg_9000,129330
129330_seg_12000,129330
129184_seg_0,129184
129184_seg_3000,129184
129184_seg_6000,129184
129184_seg_9000,129184
129184_seg_12000,129184
129184_seg_18000,129184
129184_seg_24000,129184
129184_seg_30000,129184
129184_seg_33000,129184
129184_seg_39000,129184
129184_seg_42000,129184
129184_seg_48000,129184
129184_seg_51000,129184
129184_seg_57000,129184
129184_seg_60000,129184
129184_seg_63000,129184
129184_seg_66000,129184
129184_seg_69000,129184
129184_seg_72000,129184
129184_seg_75000,129184
129184_seg_78000,129184
129184_seg_84000,129184
129184_seg_87000,129184
129184_seg_90000,129184
129184_seg_93000,129184
129184_seg_96000,129184
129184_seg_99000,129184
129184_seg_102000,129184
129184_seg_105000,129184
129184_seg_108000,129184
129184_seg_111000,129184
129184_seg_114000,129184
129184_seg_117000,129184
129184_seg_120000,129184
129184_seg_123000,129184
129184_seg_126000,129184
129184_seg_129000,129184
129184_seg_132000,129184
129184_seg_135000,129184
129184_seg_138000,129184
129184_seg_141000,129184
129184_seg_144000,129184
129184_seg_147000,129184
129184_seg_150000,129184
129184_seg_153000,129184
129184_seg_156000,129184
129184_seg_159000,129184
129182_seg_0,129182
129182_seg_3000,129182
129182_seg_12000,129182
129182_seg_21000,129182
129182_seg_24000,129182
129182_seg_27000,129182
129182_seg_33000,129182
129182_seg_36000,129182
129182_seg_42000,129182
129182_seg_45000,129182
129182_seg_51000,129182
129182_seg_57000,129182
129137_seg_24000,129137
129137_seg_27000,129137
129137_seg_30000,129137
129137_seg_33000,129137
129137_seg_36000,129137
129137_seg_48000,129137
129137_seg_81000,129137
129137_seg_105000,129137
128702_seg_54000,128702
128702_seg_57000,128702
128702_seg_63000,128702
128702_seg_93000,128702
128702_seg_99000,128702
128699_seg_0,128699
128699_seg_9000,128699
127755_seg_3000,127755
127755_seg_6000,127755
127755_seg_9000,127755
127755_seg_12000,127755
127755_seg_15000,127755
127755_seg_18000,127755
127755_seg_21000,127755
127074_seg_6000,127074
127074_seg_9000,127074
127074_seg_12000,127074
127074_seg_15000,127074
127074_seg_18000,127074
127074_seg_24000,127074
127074_seg_27000,127074
127074_seg_33000,127074
127070_seg_12000,127070
124161_seg_0,124161
124161_seg_3000,124161
124161_seg_6000,124161
123503_seg_0,123503
123503_seg_3000,123503
123503_seg_6000,123503
123503_seg_9000,123503
123503_seg_12000,123503
123503_seg_15000,123503
123503_seg_18000,123503
123503_seg_21000,123503
123503_seg_27000,123503
117164_seg_12000,117164
117164_seg_21000,117164
101347_seg_0,101347
101347_seg_3000,101347
101347_seg_6000,101347
101347_seg_9000,101347
101347_seg_12000,101347
101347_seg_15000,101347
101347_seg_18000,101347
101347_seg_21000,101347
101347_seg_30000,101347
101347_seg_33000,101347
101347_seg_36000,101347
101022_seg_0,101022
101022_seg_9000,101022
101022_seg_15000,101022
101022_seg_24000,101022
101022_seg_27000,101022
101022_seg_30000,101022
101022_seg_39000,101022
101022_seg_42000,101022
101022_seg_48000,101022
101022_seg_54000,101022
101022_seg_57000,101022
101022_seg_60000,101022
101022_seg_66000,101022
101022_seg_69000,101022
99984_seg_0,99984
99984_seg_3000,99984
99984_seg_6000,99984
99984_seg_9000,99984
99984_seg_12000,99984
99984_seg_15000,99984
99984_seg_18000,99984
99984_seg_21000,99984
99984_seg_24000,99984
99984_seg_27000,99984
99984_seg_30000,99984
98686_seg_0,98686
98686_seg_3000,98686
98686_seg_9000,98686
98686_seg_63000,98686
98686_seg_69000,98686
98686_seg_72000,98686
98638_seg_0,98638
98638_seg_3000,98638
98296_seg_0,98296
98273_seg_3000,98273
98273_seg_6000,98273
98273_seg_15000,98273
98273_seg_24000,98273
98273_seg_33000,98273
98273_seg_42000,98273
98273_seg_45000,98273
98273_seg_54000,98273
98273_seg_63000,98273
98273_seg_66000,98273
98273_seg_72000,98273
98273_seg_75000,98273
98273_seg_84000,98273
98273_seg_87000,98273
98273_seg_93000,98273
98273_seg_96000,98273
98273_seg_108000,98273
98273_seg_114000,98273
98273_seg_120000,98273
98273_seg_123000,98273
98273_seg_129000,98273
98273_seg_132000,98273
98273_seg_141000,98273
98273_seg_150000,98273
98272_seg_0,98272
98272_seg_3000,98272
98272_seg_9000,98272
98272_seg_18000,98272
98272_seg_21000,98272
98272_seg_27000,98272
98272_seg_30000,98272
98272_seg_36000,98272
98272_seg_42000,98272
98272_seg_45000,98272
98272_seg_51000,98272
98272_seg_54000,98272
98272_seg_63000,98272
98272_seg_66000,98272
98272_seg_81000,98272
98272_seg_84000,98272
98272_seg_87000,98272
98272_seg_93000,98272
98272_seg_99000,98272
98272_seg_108000,98272
98272_seg_114000,98272
98272_seg_132000,98272
98272_seg_135000,98272
98272_seg_144000,98272
98272_seg_150000,98272
98272_seg_153000,98272
98272_seg_159000,98272
98272_seg_165000,98272
98272_seg_168000,98272
96822_seg_0,96822
96822_seg_6000,96822
96822_seg_9000,96822
96822_seg_15000,96822
96822_seg_21000,96822
96699_seg_0,96699
96699_seg_6000,96699
96699_seg_9000,96699
96699_seg_12000,96699
96699_seg_15000,96699
96699_seg_18000,96699
96699_seg_21000,96699
96699_seg_24000,96699
96699_seg_27000,96699
89780_seg_0,89780
89780_seg_3000,89780
89780_seg_6000,89780
89780_seg_9000,89780
89780_seg_12000,89780
89780_seg_15000,89780
89780_seg_18000,89780
89780_seg_21000,89780
89780_seg_24000,89780
89780_seg_27000,89780
89780_seg_30000,89780
89780_seg_33000,89780
89780_seg_36000,89780
89780_seg_39000,89780
89780_seg_42000,89780
89780_seg_45000,89780
80642_seg_6000,80642
80642_seg_9000,80642
80642_seg_12000,80642
80642_seg_18000,80642
80642_seg_21000,80642
80642_seg_24000,80642
80642_seg_27000,80642
80642_seg_30000,80642
80642_seg_33000,80642
80642_seg_36000,80642
80642_seg_39000,80642
80642_seg_42000,80642
80642_seg_54000,80642
80642_seg_60000,80642
78967_seg_6000,78967
78967_seg_9000,78967
78967_seg_12000,78967
78967_seg_15000,78967
78967_seg_18000,78967
78967_seg_30000,78967
78966_seg_0,78966
78966_seg_6000,78966
78966_seg_9000,78966
78966_seg_12000,78966
78966_seg_15000,78966
78964_seg_0,78964
78964_seg_3000,78964
78964_seg_12000,78964
78964_seg_15000,78964
78964_seg_18000,78964
78964_seg_21000,78964
78964_seg_27000,78964
78964_seg_30000,78964
78964_seg_33000,78964
78964_seg_36000,78964
78964_seg_39000,78964
78963_seg_0,78963
78963_seg_6000,78963
78963_seg_9000,78963
78162_seg_0,78162
78162_seg_3000,78162
78162_seg_6000,78162
78162_seg_9000,78162
78162_seg_12000,78162
78162_seg_15000,78162
78162_seg_18000,78162
78162_seg_21000,78162
78162_seg_24000,78162
78162_seg_30000,78162
78162_seg_33000,78162
78162_seg_36000,78162
78162_seg_42000,78162
78162_seg_45000,78162
78162_seg_48000,78162
78162_seg_54000,78162
74816_seg_0,74816
74816_seg_3000,74816
74816_seg_6000,74816
74816_seg_9000,74816
74816_seg_12000,74816
74816_seg_15000,74816
73012_seg_0,73012
73012_seg_3000,73012
73012_seg_6000,73012
73012_seg_9000,73012
73012_seg_12000,73012
73012_seg_15000,73012
73012_seg_18000,73012
73012_seg_21000,73012
73012_seg_24000,73012
72795_seg_0,72795
72795_seg_3000,72795
72795_seg_6000,72795
72795_seg_12000,72795
72795_seg_15000,72795
72795_seg_21000,72795
72795_seg_24000,72795
72795_seg_27000,72795
72795_seg_33000,72795
72795_seg_36000,72795
72795_seg_39000,72795
72795_seg_42000,72795
72795_seg_45000,72795
72795_seg_48000,72795
72795_seg_54000,72795
72795_seg_57000,72795
72579_seg_0,72579
72579_seg_3000,72579
72579_seg_18000,72579
72579_seg_24000,72579
72579_seg_33000,72579
72579_seg_45000,72579
72579_seg_48000,72579
72579_seg_57000,72579
56233_seg_0,56233
56233_seg_3000,56233
56233_seg_6000,56233
56233_seg_9000,56233
55007_seg_0,55007
55007_seg_3000,55007
55007_seg_6000,55007
55007_seg_9000,55007
55007_seg_12000,55007
55006_seg_0,55006
55006_seg_3000,55006
55006_seg_9000,55006
55006_seg_12000,55006
55006_seg_15000,55006
55006_seg_18000,55006
55006_seg_21000,55006
55006_seg_24000,55006
55006_seg_27000,55006
55006_seg_30000,55006
55006_seg_33000,55006
55005_seg_0,55005
55005_seg_3000,55005
55005_seg_6000,55005
55004_seg_0,55004
55004_seg_6000,55004
48258_seg_0,48258
48258_seg_6000,48258
48258_seg_9000,48258
48258_seg_15000,48258
48258_seg_18000,48258
48258_seg_21000,48258
47356_seg_0,47356
47356_seg_3000,47356
47356_seg_6000,47356
47356_seg_9000,47356
45809_seg_0,45809
45809_seg_3000,45809
45809_seg_9000,45809
45809_seg_12000,45809
45809_seg_15000,45809
45809_seg_21000,45809
45809_seg_24000,45809
44963_seg_0,44963
44963_seg_3000,44963
44963_seg_6000,44963
44963_seg_9000,44963
44963_seg_12000,44963
44963_seg_15000,44963
44963_seg_18000,44963
44963_seg_21000,44963
44963_seg_24000,44963
44961_seg_0,44961
44961_seg_3000,44961
44961_seg_6000,44961
44961_seg_9000,44961
44961_seg_12000,44961
44961_seg_15000,44961
44961_seg_18000,44961
44960_seg_0,44960
44960_seg_3000,44960
44960_seg_6000,44960
44960_seg_9000,44960
44960_seg_12000,44960
44960_seg_18000,44960
35054_seg_0,35054
35054_seg_3000,35054
35054_seg_6000,35054
35054_seg_9000,35054
35054_seg_15000,35054
33361_seg_0,33361
33361_seg_3000,33361
33361_seg_6000,33361
33361_seg_9000,33361
33361_seg_12000,33361
33361_seg_15000,33361
33361_seg_18000,33361
33361_seg_21000,33361
33361_seg_24000,33361
31643_seg_18000,31643
31643_seg_21000,31643
31643_seg_24000,31643
31643_seg_27000,31643
1106773_seg_0,1106773
1106773_seg_12000,1106773
1106773_seg_18000,1106773
1105246_seg_18000,1105246
1105246_seg_21000,1105246
1104964_seg_0,1104964
1104449_seg_0,1104449
1104449_seg_6000,1104449
1104449_seg_12000,1104449
1104449_seg_15000,1104449
1104449_seg_21000,1104449
1104449_seg_24000,1104449
1104449_seg_30000,1104449
1104449_seg_39000,1104449
1104449_seg_42000,1104449
1104449_seg_51000,1104449
1104449_seg_54000,1104449
1104449_seg_57000,1104449
1104449_seg_69000,1104449
1104449_seg_72000,1104449
1104449_seg_78000,1104449
1104449_seg_81000,1104449
1104449_seg_90000,1104449
1104449_seg_102000,1104449
1104449_seg_117000,1104449
1104449_seg_129000,1104449
1104449_seg_135000,1104449
1104447_seg_0,1104447
1103104_seg_0,1103104
1103104_seg_3000,1103104
1103104_seg_6000,1103104
1103104_seg_9000,1103104
1103104_seg_12000,1103104
1103104_seg_15000,1103104
1103104_seg_18000,1103104
1103104_seg_21000,1103104
1103104_seg_24000,1103104
1103104_seg_30000,1103104
1103104_seg_33000,1103104
1103104_seg_39000,1103104
1103104_seg_45000,1103104
1103104_seg_48000,1103104
1103104_seg_51000,1103104
1100416_seg_0,1100416
1100416_seg_6000,1100416
1100416_seg_9000,1100416
1100416_seg_12000,1100416
1100416_seg_15000,1100416
1100416_seg_18000,1100416
1100416_seg_21000,1100416
1100416_seg_24000,1100416
1100416_seg_30000,1100416
1100416_seg_36000,1100416
1100416_seg_39000,1100416
1100416_seg_42000,1100416
1100416_seg_45000,1100416
1100416_seg_48000,1100416
1100416_seg_51000,1100416
1100416_seg_57000,1100416
1100416_seg_60000,1100416
1100416_seg_66000,1100416
1100416_seg_69000,1100416
1100416_seg_72000,1100416
1100416_seg_78000,1100416
1100416_seg_81000,1100416
1100416_seg_87000,1100416
1100416_seg_90000,1100416
1100416_seg_96000,1100416
1100416_seg_99000,1100416
1100416_seg_105000,1100416
1100416_seg_108000,1100416
1100416_seg_111000,1100416
1100416_seg_114000,1100416
1100416_seg_120000,1100416
1100416_seg_123000,1100416
1100416_seg_132000,1100416
1100416_seg_135000,1100416
1100416_seg_150000,1100416
1095920_seg_0,1095920
1095920_seg_15000,1095920
1095920_seg_30000,1095920
1095920_seg_42000,1095920
1095920_seg_48000,1095920
1095920_seg_57000,1095920
1095920_seg_69000,1095920
1095920_seg_78000,1095920
1095915_seg_0,1095915
1095915_seg_6000,1095915
1095915_seg_9000,1095915
1095915_seg_15000,1095915
1095915_seg_18000,1095915
1095915_seg_21000,1095915
1095915_seg_24000,1095915
1095915_seg_27000,1095915
1095915_seg_33000,1095915
1095915_seg_36000,1095915
1095915_seg_39000,1095915
1095915_seg_42000,1095915
1095915_seg_48000,1095915
1095915_seg_57000,1095915
1095915_seg_63000,1095915
1095915_seg_69000,1095915
1095915_seg_78000,1095915
1095915_seg_87000,1095915
1095915_seg_108000,1095915
1095915_seg_114000,1095915
1095915_seg_117000,1095915
1095915_seg_123000,1095915
1095915_seg_126000,1095915
1095915_seg_132000,1095915
1095915_seg_138000,1095915
1095915_seg_144000,1095915
1095915_seg_147000,1095915
1095915_seg_156000,1095915
1095915_seg_165000,1095915
1095915_seg_183000,1095915
1095915_seg_186000,1095915
1095915_seg_201000,1095915
1095915_seg_213000,1095915
1095915_seg_219000,1095915
1095915_seg_228000,1095915
1095915_seg_264000,1095915
1095915_seg_282000,1095915
1095915_seg_300000,1095915
1095915_seg_309000,1095915
1095915_seg_345000,1095915
1090418_seg_0,1090418
1090418_seg_27000,1090418
1090418_seg_33000,1090418
1090418_seg_54000,1090418
1090418_seg_69000,1090418
1090220_seg_39000,1090220
1088920_seg_0,1088920
1088920_seg_3000,1088920
1088920_seg_9000,1088920
1088920_seg_12000,1088920
1088920_seg_15000,1088920
1088920_seg_18000,1088920
1088920_seg_21000,1088920
1088920_seg_24000,1088920
1088841_seg_0,1088841
1085774_seg_0,1085774
1085774_seg_9000,1085774
1085774_seg_15000,1085774
1085774_seg_21000,1085774
1085774_seg_24000,1085774
1085774_seg_27000,1085774
1085774_seg_33000,1085774
1085774_seg_36000,1085774
1085774_seg_39000,1085774
1085774_seg_42000,1085774
1085774_seg_45000,1085774
1085774_seg_48000,1085774
1085774_seg_51000,1085774
1085772_seg_0,1085772
1085772_seg_3000,1085772
1085772_seg_6000,1085772
1085772_seg_9000,1085772
1024960_seg_0,1024960
1024960_seg_3000,1024960
1024960_seg_6000,1024960
1024960_seg_9000,1024960
1024960_seg_15000,1024960
1024960_seg_21000,1024960
1024960_seg_33000,1024960
1024960_seg_39000,1024960
1024960_seg_45000,1024960
1024960_seg_48000,1024960
1024960_seg_51000,1024960
1024960_seg_54000,1024960
1024960_seg_57000,1024960
1024960_seg_60000,1024960
1024960_seg_63000,1024960
1024960_seg_69000,1024960
1024960_seg_72000,1024960
1024960_seg_78000,1024960
1018156_seg_0,1018156
1018156_seg_6000,1018156
1018156_seg_12000,1018156
1018156_seg_18000,1018156
1018156_seg_24000,1018156
995732_seg_0,995732
995732_seg_18000,995732
995732_seg_30000,995732
995732_seg_42000,995732
995732_seg_51000,995732
995732_seg_54000,995732
995732_seg_69000,995732
995732_seg_78000,995732
995732_seg_87000,995732
990738_seg_0,990738
990738_seg_9000,990738
990738_seg_12000,990738
990738_seg_15000,990738
990738_seg_21000,990738
990738_seg_30000,990738
990738_seg_33000,990738
990738_seg_36000,990738
990738_seg_39000,990738
990738_seg_42000,990738
990738_seg_48000,990738
990738_seg_51000,990738
990738_seg_54000,990738
990738_seg_57000,990738
990738_seg_63000,990738
990738_seg_66000,990738
990738_seg_69000,990738
990738_seg_72000,990738
990738_seg_78000,990738
990738_seg_105000,990738
989960_seg_3000,989960
989960_seg_24000,989960
989960_seg_36000,989960
987916_seg_0,987916
987916_seg_6000,987916
987916_seg_15000,987916
987916_seg_21000,987916
987916_seg_24000,987916
987916_seg_33000,987916
987916_seg_36000,987916
987541_seg_0,987541
987541_seg_6000,987541
987541_seg_9000,987541
987541_seg_15000,987541
987541_seg_18000,987541
987541_seg_21000,987541
987541_seg_24000,987541
987541_seg_30000,987541
987541_seg_36000,987541
987541_seg_39000,987541
987541_seg_42000,987541
987541_seg_48000,987541
987541_seg_54000,987541
987541_seg_60000,987541
987541_seg_63000,987541
987541_seg_66000,987541
987541_seg_75000,987541
987541_seg_81000,987541
987541_seg_87000,987541
984063_seg_9000,984063
984063_seg_18000,984063
982091_seg_0,982091
982091_seg_3000,982091
982091_seg_6000,982091
964861_seg_0,964861
964861_seg_3000,964861
964861_seg_6000,964861
924651_seg_0,924651
924651_seg_3000,924651
924651_seg_9000,924651
924651_seg_12000,924651
924651_seg_15000,924651
924651_seg_18000,924651
924651_seg_21000,924651
924651_seg_24000,924651
924651_seg_27000,924651
924651_seg_30000,924651
924651_seg_33000,924651
924651_seg_36000,924651
924651_seg_39000,924651
924651_seg_42000,924651
924651_seg_45000,924651
924651_seg_48000,924651
924651_seg_51000,924651
924651_seg_54000,924651
924651_seg_57000,924651
924651_seg_60000,924651
924651_seg_63000,924651
924651_seg_66000,924651
924651_seg_72000,924651
924651_seg_75000,924651
924651_seg_81000,924651
924651_seg_84000,924651
924651_seg_87000,924651
924651_seg_90000,924651
924651_seg_93000,924651
924651_seg_96000,924651
922189_seg_0,922189
922189_seg_3000,922189
922189_seg_6000,922189
922189_seg_9000,922189
922189_seg_12000,922189
922189_seg_21000,922189
922189_seg_24000,922189
922189_seg_27000,922189
911756_seg_0,911756
911756_seg_3000,911756
911756_seg_9000,911756
911756_seg_12000,911756
911756_seg_18000,911756
911756_seg_21000,911756
911756_seg_24000,911756
911756_seg_27000,911756
911275_seg_0,911275
911275_seg_6000,911275
911275_seg_12000,911275
911275_seg_15000,911275
911275_seg_24000,911275
911275_seg_33000,911275
911275_seg_42000,911275
911275_seg_48000,911275
911275_seg_54000,911275
899903_seg_3000,899903
899903_seg_6000,899903
899903_seg_9000,899903
899903_seg_12000,899903
899903_seg_18000,899903
899903_seg_21000,899903
899903_seg_24000,899903
895692_seg_0,895692
895692_seg_6000,895692
895692_seg_12000,895692
895692_seg_18000,895692
895692_seg_21000,895692
895692_seg_30000,895692
880664_seg_0,880664
880664_seg_3000,880664
880664_seg_6000,880664
880664_seg_9000,880664
880664_seg_15000,880664
880664_seg_18000,880664
880664_seg_21000,880664
880664_seg_24000,880664
880664_seg_27000,880664
880664_seg_30000,880664
880664_seg_33000,880664
880664_seg_36000,880664
880664_seg_39000,880664
880664_seg_45000,880664
880664_seg_51000,880664
880664_seg_54000,880664
877604_seg_3000,877604
877604_seg_9000,877604
877604_seg_12000,877604
877604_seg_18000,877604
877604_seg_21000,877604
877604_seg_24000,877604
877604_seg_27000,877604
877604_seg_36000,877604
877604_seg_39000,877604
877604_seg_45000,877604
877604_seg_48000,877604
846066_seg_6000,846066
846066_seg_9000,846066
846066_seg_15000,846066
805377_seg_0,805377
805377_seg_3000,805377
805377_seg_6000,805377
799881_seg_0,799881
799881_seg_3000,799881
799881_seg_6000,799881
799881_seg_9000,799881
799881_seg_12000,799881
799881_seg_15000,799881
799881_seg_18000,799881
799881_seg_21000,799881
799881_seg_24000,799881
799881_seg_27000,799881
799881_seg_30000,799881
799881_seg_33000,799881
799881_seg_36000,799881
799881_seg_39000,799881
799881_seg_42000,799881
799881_seg_45000,799881
799881_seg_51000,799881
799881_seg_54000,799881
799881_seg_57000,799881
799881_seg_60000,799881
799881_seg_63000,799881
799881_seg_66000,799881
799881_seg_69000,799881
799881_seg_72000,799881
799881_seg_75000,799881
799881_seg_78000,799881
799881_seg_81000,799881
799881_seg_84000,799881
799881_seg_87000,799881
799881_seg_93000,799881
799881_seg_96000,799881
799881_seg_99000,799881
799881_seg_102000,799881
799881_seg_105000,799881
799881_seg_108000,799881
799881_seg_111000,799881
799881_seg_114000,799881
799881_seg_117000,799881
799881_seg_120000,799881
799881_seg_123000,799881
799881_seg_126000,799881
799881_seg_129000,799881
799881_seg_132000,799881
799881_seg_135000,799881
799881_seg_141000,799881
799881_seg_144000,799881
799881_seg_147000,799881
799881_seg_150000,799881
799881_seg_153000,799881
799881_seg_156000,799881
799881_seg_165000,799881
799881_seg_183000,799881
799881_seg_192000,799881
799872_seg_9000,799872
799872_seg_15000,799872
799872_seg_24000,799872
799872_seg_27000,799872
799872_seg_33000,799872
799872_seg_42000,799872
799872_seg_51000,799872
799872_seg_54000,799872
799872_seg_60000,799872
799872_seg_63000,799872
799872_seg_66000,799872
799872_seg_69000,799872
799872_seg_72000,799872
799872_seg_75000,799872
799872_seg_78000,799872
799872_seg_81000,799872
799872_seg_84000,799872
799872_seg_87000,799872
799872_seg_90000,799872
799872_seg_96000,799872
799872_seg_99000,799872
799872_seg_102000,799872
799872_seg_105000,799872
799872_seg_108000,799872
799872_seg_111000,799872
799872_seg_117000,799872
799872_seg_120000,799872
799872_seg_123000,799872
799872_seg_126000,799872
799872_seg_129000,799872
799872_seg_135000,799872
799872_seg_138000,799872
799872_seg_141000,799872
799872_seg_144000,799872
799872_seg_150000,799872
799872_seg_156000,799872
799872_seg_159000,799872
799872_seg_165000,799872
799872_seg_168000,799872
799872_seg_171000,799872
799872_seg_174000,799872
799872_seg_177000,799872
799872_seg_180000,799872
799872_seg_183000,799872
799872_seg_186000,799872
799872_seg_189000,799872
799872_seg_192000,799872
799872_seg_195000,799872
799872_seg_198000,799872
799872_seg_201000,799872
799872_seg_207000,799872
799872_seg_213000,799872
799872_seg_219000,799872
799872_seg_222000,799872
799872_seg_225000,799872
799872_seg_234000,799872
799872_seg_237000,799872
799872_seg_243000,799872
799872_seg_246000,799872
799872_seg_249000,799872
799872_seg_258000,799872
799872_seg_270000,799872
799872_seg_273000,799872
799872_seg_276000,799872
799872_seg_279000,799872
799872_seg_288000,799872
799872_seg_291000,799872
799872_seg_297000,799872
799872_seg_303000,799872
799872_seg_312000,799872
799872_seg_315000,799872
799872_seg_333000,799872
799872_seg_342000,799872
799872_seg_348000,799872
799872_seg_351000,799872
799872_seg_354000,799872
799872_seg_357000,799872
799872_seg_363000,799872
799872_seg_366000,799872
799872_seg_378000,799872
799872_seg_381000,799872
799872_seg_387000,799872
799872_seg_396000,799872
799872_seg_402000,799872
799872_seg_405000,799872
799872_seg_408000,799872
799872_seg_417000,799872
799872_seg_423000,799872
799872_seg_426000,799872
799872_seg_432000,799872
799872_seg_435000,799872
799872_seg_438000,799872
799872_seg_441000,799872
799872_seg_444000,799872
799872_seg_453000,799872
799872_seg_456000,799872
799872_seg_462000,799872
799872_seg_480000,799872
799872_seg_483000,799872
799872_seg_486000,799872
799872_seg_489000,799872
799872_seg_498000,799872
799872_seg_504000,799872
799872_seg_513000,799872
799872_seg_519000,799872
799872_seg_522000,799872
799872_seg_528000,799872
799872_seg_531000,799872
799872_seg_537000,799872
799872_seg_540000,799872
799872_seg_543000,799872
799872_seg_546000,799872
799872_seg_549000,799872
799872_seg_552000,799872
799872_seg_555000,799872
799872_seg_558000,799872
799872_seg_561000,799872
799872_seg_564000,799872
799872_seg_567000,799872
799872_seg_570000,799872
799872_seg_576000,799872
799872_seg_579000,799872
799872_seg_582000,799872
799872_seg_585000,799872
799872_seg_588000,799872
799872_seg_591000,799872
799872_seg_594000,799872
799872_seg_597000,799872
799872_seg_600000,799872
799872_seg_606000,799872
799872_seg_612000,799872
799872_seg_615000,799872
799872_seg_621000,799872
799872_seg_624000,799872
799872_seg_627000,799872
799872_seg_630000,799872
799872_seg_633000,799872
799872_seg_636000,799872
799872_seg_642000,799872
799872_seg_645000,799872
799872_seg_648000,799872
799872_seg_651000,799872
799872_seg_657000,799872
799872_seg_660000,799872
799872_seg_663000,799872
799872_seg_669000,799872
799872_seg_672000,799872
799872_seg_681000,799872
799872_seg_684000,799872
799872_seg_687000,799872
799872_seg_696000,799872
799872_seg_699000,799872
799872_seg_702000,799872
799872_seg_711000,799872
799872_seg_714000,799872
799872_seg_717000,799872
799872_seg_726000,799872
799872_seg_732000,799872
799872_seg_741000,799872
799872_seg_744000,799872
799872_seg_750000,799872
799872_seg_753000,799872
799872_seg_762000,799872
799872_seg_771000,799872
799872_seg_774000,799872
799872_seg_777000,799872
799872_seg_783000,799872
799872_seg_792000,799872
799872_seg_795000,799872
799872_seg_807000,799872
799872_seg_816000,799872
799872_seg_825000,799872
799872_seg_828000,799872
799872_seg_837000,799872
799872_seg_846000,799872
793625_seg_0,793625
793625_seg_3000,793625
793625_seg_6000,793625
793625_seg_12000,793625
793621_seg_0,793621
793621_seg_6000,793621
793621_seg_15000,793621
793621_seg_27000,793621
793621_seg_33000,793621
793621_seg_42000,793621
793621_seg_48000,793621
793621_seg_51000,793621
793621_seg_57000,793621
790331_seg_3000,790331
790331_seg_6000,790331
790331_seg_9000,790331
790331_seg_12000,790331
790331_seg_15000,790331
790331_seg_24000,790331
790331_seg_66000,790331
790331_seg_72000,790331
788240_seg_0,788240
788240_seg_3000,788240
788240_seg_9000,788240
788240_seg_15000,788240
788240_seg_18000,788240
788240_seg_24000,788240
788240_seg_30000,788240
788240_seg_33000,788240
788240_seg_36000,788240
788240_seg_39000,788240
788240_seg_45000,788240
788240_seg_48000,788240
788240_seg_51000,788240
788240_seg_57000,788240
788240_seg_63000,788240
788240_seg_69000,788240
788240_seg_72000,788240
788240_seg_78000,788240
788240_seg_84000,788240
788240_seg_90000,788240
788240_seg_96000,788240
788240_seg_102000,788240
788240_seg_105000,788240
788240_seg_108000,788240
788240_seg_114000,788240
788240_seg_120000,788240
788240_seg_123000,788240
788240_seg_126000,788240
788240_seg_132000,788240
788240_seg_138000,788240
788240_seg_141000,788240
788240_seg_147000,788240
788240_seg_150000,788240
788240_seg_153000,788240
788240_seg_156000,788240
788240_seg_162000,788240
788240_seg_168000,788240
787369_seg_0,787369
787369_seg_12000,787369
787369_seg_18000,787369
787369_seg_21000,787369
787369_seg_27000,787369
787369_seg_30000,787369
787369_seg_36000,787369
787369_seg_45000,787369
787342_seg_0,787342
787342_seg_6000,787342
787342_seg_12000,787342
787342_seg_15000,787342
787342_seg_18000,787342
787342_seg_21000,787342
787342_seg_27000,787342
787342_seg_33000,787342
787342_seg_36000,787342
787342_seg_39000,787342
787342_seg_42000,787342
787342_seg_45000,787342
787342_seg_48000,787342
787342_seg_51000,787342
787342_seg_57000,787342
787342_seg_60000,787342
787342_seg_63000,787342
787342_seg_66000,787342
787342_seg_69000,787342
787342_seg_72000,787342
787342_seg_78000,787342
787342_seg_81000,787342
787342_seg_87000,787342
787342_seg_90000,787342
787342_seg_93000,787342
787342_seg_96000,787342
787342_seg_102000,787342
787342_seg_105000,787342
787342_seg_108000,787342
787342_seg_111000,787342
787342_seg_117000,787342
787342_seg_120000,787342
787342_seg_123000,787342
787342_seg_129000,787342
787342_seg_135000,787342
787342_seg_141000,787342
787221_seg_9000,787221
787221_seg_24000,787221
787221_seg_42000,787221
787221_seg_75000,787221
785385_seg_36000,785385
785385_seg_48000,785385
785385_seg_54000,785385
785385_seg_108000,785385
785385_seg_120000,785385
785385_seg_123000,785385
785385_seg_126000,785385
785385_seg_129000,785385
785385_seg_132000,785385
785385_seg_135000,785385
785385_seg_138000,785385
785385_seg_141000,785385
785385_seg_144000,785385
785385_seg_147000,785385
785385_seg_150000,785385
785385_seg_153000,785385
785385_seg_156000,785385
785385_seg_159000,785385
785385_seg_162000,785385
785385_seg_165000,785385
785385_seg_168000,785385
785385_seg_174000,785385
785385_seg_177000,785385
785385_seg_180000,785385
785341_seg_0,785341
785341_seg_3000,785341
785341_seg_9000,785341
785341_seg_12000,785341
784983_seg_3000,784983
784983_seg_15000,784983
784983_seg_54000,784983
784983_seg_63000,784983
784983_seg_69000,784983
784983_seg_75000,784983
784983_seg_78000,784983
784983_seg_81000,784983
784983_seg_84000,784983
784983_seg_87000,784983
784983_seg_93000,784983
784983_seg_99000,784983
784983_seg_102000,784983
784983_seg_105000,784983
784983_seg_108000,784983
784983_seg_117000,784983
784983_seg_120000,784983
784983_seg_123000,784983
784983_seg_126000,784983
784983_seg_129000,784983
784983_seg_132000,784983
784983_seg_138000,784983
784983_seg_141000,784983
784983_seg_144000,784983
784983_seg_147000,784983
784983_seg_153000,784983
784983_seg_159000,784983
784983_seg_162000,784983
784983_seg_165000,784983
784983_seg_171000,784983
784077_seg_0,784077
784077_seg_12000,784077
784077_seg_15000,784077
784077_seg_36000,784077
784075_seg_0,784075
784075_seg_3000,784075
784075_seg_6000,784075
784075_seg_12000,784075
784075_seg_15000,784075
784075_seg_18000,784075
784075_seg_24000,784075
784075_seg_27000,784075
784075_seg_30000,784075
784075_seg_33000,784075
784075_seg_36000,784075
784066_seg_0,784066
784066_seg_3000,784066
784066_seg_12000,784066
784066_seg_15000,784066
784066_seg_21000,784066
784066_seg_30000,784066
784066_seg_33000,784066
784066_seg_36000,784066
784066_seg_39000,784066
784066_seg_57000,784066
784064_seg_3000,784064
784064_seg_6000,784064
769719_seg_0,769719
769719_seg_9000,769719
769719_seg_12000,769719
747136_seg_156000,747136
747136_seg_174000,747136
747136_seg_177000,747136
747136_seg_186000,747136
747136_seg_246000,747136
747136_seg_252000,747136
747136_seg_255000,747136
747136_seg_264000,747136
747136_seg_303000,747136
747136_seg_336000,747136
747136_seg_342000,747136
747136_seg_345000,747136
747136_seg_351000,747136
747136_seg_357000,747136
747136_seg_363000,747136
747136_seg_387000,747136
747136_seg_396000,747136
747136_seg_402000,747136
747136_seg_405000,747136
747136_seg_408000,747136
747136_seg_411000,747136
747136_seg_414000,747136
747136_seg_420000,747136
747136_seg_423000,747136
747136_seg_426000,747136
747136_seg_429000,747136
747136_seg_432000,747136
747136_seg_441000,747136
747136_seg_444000,747136
747136_seg_447000,747136
747136_seg_459000,747136
747136_seg_465000,747136
747136_seg_468000,747136
747136_seg_474000,747136
747136_seg_483000,747136
747136_seg_504000,747136
747136_seg_519000,747136
747136_seg_528000,747136
747136_seg_543000,747136
747136_seg_546000,747136
747136_seg_561000,747136
747136_seg_585000,747136
747136_seg_588000,747136
747136_seg_591000,747136
747136_seg_597000,747136
747136_seg_600000,747136
747136_seg_603000,747136
747136_seg_606000,747136
747136_seg_609000,747136
747136_seg_615000,747136
747136_seg_621000,747136
747136_seg_627000,747136
747136_seg_633000,747136
747136_seg_636000,747136
747136_seg_639000,747136
747136_seg_642000,747136
747136_seg_651000,747136
747136_seg_657000,747136
747136_seg_693000,747136
747136_seg_705000,747136
747136_seg_750000,747136
747136_seg_759000,747136
738297_seg_3000,738297
738297_seg_12000,738297
735437_seg_0,735437
729679_seg_0,729679
729679_seg_3000,729679
729679_seg_6000,729679
729679_seg_9000,729679
726556_seg_0,726556
722770_seg_0,722770
722044_seg_0,722044
722044_seg_3000,722044
722044_seg_6000,722044
722044_seg_9000,722044
722044_seg_12000,722044
722044_seg_15000,722044
714095_seg_0,714095
714095_seg_6000,714095
714095_seg_12000,714095
714095_seg_27000,714095
714095_seg_30000,714095
714095_seg_39000,714095
714095_seg_45000,714095
714095_seg_51000,714095
714095_seg_60000,714095
712274_seg_0,712274
712274_seg_3000,712274
712274_seg_6000,712274
712274_seg_9000,712274
712274_seg_12000,712274
709548_seg_0,709548
709548_seg_3000,709548
709548_seg_6000,709548
709548_seg_9000,709548
709548_seg_12000,709548
709547_seg_0,709547
709547_seg_3000,709547
709547_seg_6000,709547
709547_seg_9000,709547
709547_seg_12000,709547
709547_seg_18000,709547
709547_seg_21000,709547
709547_seg_27000,709547
709547_seg_33000,709547
691544_seg_0,691544
691544_seg_3000,691544
691544_seg_6000,691544
691544_seg_9000,691544
691544_seg_12000,691544
691544_seg_15000,691544
691544_seg_18000,691544
691544_seg_21000,691544
691544_seg_24000,691544
691544_seg_27000,691544
691544_seg_30000,691544
680213_seg_0,680213
680213_seg_3000,680213
680209_seg_0,680209
680209_seg_9000,680209
680209_seg_15000,680209
680209_seg_18000,680209
680209_seg_21000,680209
680209_seg_30000,680209
680209_seg_36000,680209
680209_seg_42000,680209
680209_seg_51000,680209
680209_seg_57000,680209
680209_seg_60000,680209
680209_seg_66000,680209
680208_seg_0,680208
680208_seg_9000,680208
680208_seg_15000,680208
680208_seg_18000,680208
680208_seg_21000,680208
680208_seg_30000,680208
680208_seg_36000,680208
680208_seg_42000,680208
680208_seg_51000,680208
680208_seg_57000,680208
680208_seg_60000,680208
680208_seg_66000,680208
679588_seg_0,679588
679588_seg_6000,679588
679588_seg_9000,679588
679588_seg_12000,679588
679588_seg_15000,679588
679588_seg_18000,679588
679588_seg_24000,679588
679588_seg_27000,679588
679588_seg_30000,679588
679588_seg_33000,679588
679588_seg_36000,679588
679588_seg_39000,679588
679588_seg_48000,679588
679588_seg_51000,679588
663278_seg_0,663278
659799_seg_0,659799
659799_seg_3000,659799
659799_seg_9000,659799
659799_seg_12000,659799
659799_seg_15000,659799
659799_seg_18000,659799
659799_seg_24000,659799
649781_seg_117000,649781
649781_seg_177000,649781
649781_seg_210000,649781
649781_seg_213000,649781
649781_seg_216000,649781
649781_seg_219000,649781
649781_seg_222000,649781
649781_seg_225000,649781
649781_seg_228000,649781
649781_seg_234000,649781
649781_seg_264000,649781
649781_seg_270000,649781
649781_seg_273000,649781
649781_seg_369000,649781
649781_seg_399000,649781
645116_seg_0,645116
645116_seg_3000,645116
645116_seg_6000,645116
642975_seg_0,642975
642975_seg_3000,642975
642975_seg_6000,642975
642975_seg_9000,642975
642975_seg_18000,642975
642975_seg_27000,642975
642975_seg_33000,642975
642477_seg_0,642477
642477_seg_3000,642477
642477_seg_6000,642477
642477_seg_9000,642477
640057_seg_6000,640057
640057_seg_12000,640057
640057_seg_15000,640057
640057_seg_18000,640057
640057_seg_21000,640057
640057_seg_24000,640057
640057_seg_27000,640057
640057_seg_30000,640057
640057_seg_33000,640057
640057_seg_36000,640057
640057_seg_39000,640057
640057_seg_42000,640057
640057_seg_45000,640057
640057_seg_48000,640057
640057_seg_51000,640057
640057_seg_54000,640057
640057_seg_57000,640057
640057_seg_60000,640057
640057_seg_63000,640057
640057_seg_66000,640057
640057_seg_69000,640057
640057_seg_72000,640057
640057_seg_75000,640057
640057_seg_78000,640057
640057_seg_81000,640057
640057_seg_84000,640057
640057_seg_87000,640057
640057_seg_90000,640057
640057_seg_105000,640057
640057_seg_108000,640057
640057_seg_111000,640057
640057_seg_117000,640057
634622_seg_0,634622
634622_seg_3000,634622
634622_seg_6000,634622
634622_seg_9000,634622
634622_seg_15000,634622
634622_seg_21000,634622
631174_seg_0,631174
631174_seg_3000,631174
631174_seg_6000,631174
631174_seg_9000,631174
631174_seg_12000,631174
631174_seg_15000,631174
631174_seg_21000,631174
631174_seg_24000,631174
631174_seg_27000,631174
631174_seg_33000,631174
631174_seg_39000,631174
631174_seg_42000,631174
631174_seg_48000,631174
631174_seg_51000,631174
630956_seg_0,630956
630956_seg_3000,630956
630910_seg_0,630910
630910_seg_3000,630910
630910_seg_6000,630910
630910_seg_12000,630910
630910_seg_18000,630910
630839_seg_0,630839
630839_seg_3000,630839
630839_seg_6000,630839
630839_seg_12000,630839
630839_seg_36000,630839
630839_seg_42000,630839
630839_seg_51000,630839
630734_seg_0,630734
630734_seg_3000,630734
630734_seg_6000,630734
630734_seg_9000,630734
630734_seg_15000,630734
630734_seg_21000,630734
630734_seg_27000,630734
630734_seg_51000,630734
627809_seg_3000,627809
627809_seg_9000,627809
627809_seg_18000,627809
627809_seg_24000,627809
627809_seg_27000,627809
627809_seg_30000,627809
626512_seg_3000,626512
626512_seg_6000,626512
579036_seg_12000,579036
579036_seg_21000,579036
554244_seg_0,554244
554244_seg_3000,554244
548678_seg_0,548678
548678_seg_3000,548678
548678_seg_9000,548678
543199_seg_0,543199
543199_seg_9000,543199
539657_seg_0,539657
538934_seg_0,538934
538934_seg_3000,538934
538934_seg_6000,538934
538934_seg_9000,538934
538934_seg_18000,538934
538934_seg_21000,538934
538934_seg_24000,538934
538934_seg_27000,538934
538934_seg_30000,538934
538267_seg_0,538267
538267_seg_3000,538267
538267_seg_6000,538267
538267_seg_9000,538267
538267_seg_12000,538267
538267_seg_15000,538267
538267_seg_21000,538267
538267_seg_27000,538267
538267_seg_33000,538267
538267_seg_36000,538267
538267_seg_42000,538267
538267_seg_45000,538267
538267_seg_48000,538267
538267_seg_51000,538267
538267_seg_57000,538267
538260_seg_0,538260
538260_seg_3000,538260
538260_seg_6000,538260
538249_seg_0,538249
538249_seg_3000,538249
538249_seg_6000,538249
538249_seg_9000,538249
537126_seg_0,537126
537126_seg_48000,537126
537126_seg_51000,537126
537126_seg_57000,537126
537126_seg_60000,537126
534408_seg_0,534408
534408_seg_6000,534408
534408_seg_9000,534408
534408_seg_15000,534408
534408_seg_24000,534408
534408_seg_30000,534408
534408_seg_33000,534408
534408_seg_36000,534408
534408_seg_42000,534408
534408_seg_45000,534408
534408_seg_48000,534408
534408_seg_51000,534408
534408_seg_57000,534408
534408_seg_60000,534408
534408_seg_66000,534408
534408_seg_72000,534408
534408_seg_78000,534408
534408_seg_90000,534408
534408_seg_93000,534408
534408_seg_96000,534408
534408_seg_105000,534408
534408_seg_117000,534408
534408_seg_123000,534408
534408_seg_129000,534408
534408_seg_132000,534408
534408_seg_138000,534408
534408_seg_153000,534408
534408_seg_156000,534408
534408_seg_159000,534408
534408_seg_168000,534408
534408_seg_174000,534408
534408_seg_183000,534408
534408_seg_192000,534408
534408_seg_201000,534408
534408_seg_213000,534408
534408_seg_300000,534408
534408_seg_306000,534408
527769_seg_3000,527769
527769_seg_6000,527769
527769_seg_12000,527769
527769_seg_15000,527769
527767_seg_0,527767
527767_seg_3000,527767
527767_seg_6000,527767
527767_seg_12000,527767
512870_seg_0,512870
512870_seg_6000,512870
512870_seg_9000,512870
506884_seg_0,506884
506884_seg_3000,506884
506884_seg_6000,506884
506884_seg_33000,506884
506884_seg_36000,506884
506884_seg_39000,506884
506884_seg_42000,506884
506884_seg_45000,506884
506884_seg_48000,506884
506884_seg_51000,506884
506884_seg_54000,506884
506884_seg_57000,506884
506884_seg_66000,506884
506884_seg_75000,506884
506884_seg_78000,506884
506884_seg_84000,506884
506884_seg_87000,506884
506884_seg_93000,506884
506884_seg_96000,506884
506884_seg_102000,506884
506884_seg_105000,506884
506884_seg_111000,506884
506884_seg_114000,506884
506884_seg_138000,506884
506884_seg_141000,506884
506884_seg_144000,506884
506884_seg_147000,506884
506884_seg_150000,506884
506884_seg_153000,506884
506884_seg_156000,506884
506884_seg_162000,506884
506884_seg_165000,506884
506884_seg_168000,506884
506884_seg_171000,506884
506884_seg_174000,506884
506884_seg_177000,506884
506884_seg_183000,506884
506884_seg_189000,506884
506884_seg_192000,506884
506884_seg_195000,506884
506884_seg_198000,506884
506884_seg_201000,506884
506882_seg_0,506882
506882_seg_9000,506882
506882_seg_54000,506882
471714_seg_0,471714
471714_seg_3000,471714
471714_seg_9000,471714
471714_seg_12000,471714
471714_seg_15000,471714
471714_seg_18000,471714
471714_seg_21000,471714
471714_seg_24000,471714
471714_seg_30000,471714
471714_seg_33000,471714
471714_seg_45000,471714
471714_seg_51000,471714
471714_seg_57000,471714
471714_seg_72000,471714
471714_seg_75000,471714
464979_seg_0,464979
464979_seg_6000,464979
464979_seg_12000,464979
464979_seg_18000,464979
417075_seg_0,417075
417075_seg_3000,417075
417075_seg_6000,417075
417075_seg_9000,417075
417075_seg_18000,417075
387806_seg_15000,387806
387806_seg_18000,387806
380262_seg_0,380262
380262_seg_3000,380262
380262_seg_6000,380262
380262_seg_9000,380262
380262_seg_15000,380262
380262_seg_18000,380262
380262_seg_21000,380262
380262_seg_24000,380262
380262_seg_27000,380262
380262_seg_30000,380262
380262_seg_36000,380262
380262_seg_39000,380262
380262_seg_42000,380262
380262_seg_45000,380262
380262_seg_48000,380262
380262_seg_51000,380262
380262_seg_54000,380262
380262_seg_57000,380262
380262_seg_60000,380262
380262_seg_66000,380262
380262_seg_72000,380262
380262_seg_75000,380262
380262_seg_78000,380262
380262_seg_81000,380262
380262_seg_84000,380262
380262_seg_87000,380262
380262_seg_90000,380262
380262_seg_93000,380262
380262_seg_96000,380262
380262_seg_99000,380262
380262_seg_102000,380262
380262_seg_108000,380262
380262_seg_111000,380262
380262_seg_114000,380262
380262_seg_117000,380262
380262_seg_120000,380262
380262_seg_123000,380262
380262_seg_126000,380262
380262_seg_132000,380262
380262_seg_135000,380262
380262_seg_138000,380262
373848_seg_12000,373848
373848_seg_15000,373848
373848_seg_39000,373848
373482_seg_0,373482
369632_seg_3000,369632
369632_seg_18000,369632
369632_seg_36000,369632
368360_seg_0,368360
368360_seg_6000,368360
368360_seg_30000,368360
367612_seg_0,367612
367612_seg_3000,367612
367612_seg_6000,367612
367612_seg_9000,367612
367612_seg_12000,367612
367612_seg_15000,367612
367612_seg_18000,367612
367612_seg_21000,367612
367612_seg_24000,367612
367612_seg_27000,367612
367612_seg_30000,367612
361788_seg_3000,361788
361788_seg_6000,361788
360465_seg_0,360465
360465_seg_3000,360465
360465_seg_6000,360465
360465_seg_12000,360465
360465_seg_15000,360465
360465_seg_18000,360465
360465_seg_24000,360465
360465_seg_27000,360465
360465_seg_33000,360465
360465_seg_45000,360465
360465_seg_51000,360465
360465_seg_63000,360465
360465_seg_69000,360465
360465_seg_72000,360465
360465_seg_75000,360465
360465_seg_81000,360465
360465_seg_87000,360465
360465_seg_90000,360465
360465_seg_93000,360465
360465_seg_96000,360465
360465_seg_111000,360465
360465_seg_114000,360465
360465_seg_117000,360465
360465_seg_120000,360465
360465_seg_123000,360465
360465_seg_129000,360465
348070_seg_0,348070
348070_seg_6000,348070
337763_seg_0,337763
337763_seg_6000,337763
337763_seg_9000,337763
337763_seg_12000,337763
337763_seg_21000,337763
337763_seg_24000,337763
337763_seg_27000,337763
337763_seg_30000,337763
337763_seg_33000,337763
337763_seg_39000,337763
337763_seg_42000,337763
337763_seg_48000,337763
337763_seg_51000,337763
337763_seg_57000,337763
327768_seg_0,327768
327768_seg_9000,327768
318827_seg_0,318827
318827_seg_3000,318827
318827_seg_6000,318827
318827_seg_9000,318827
318827_seg_12000,318827
318827_seg_18000,318827
318827_seg_24000,318827
318827_seg_27000,318827
318827_seg_30000,318827
318827_seg_33000,318827
318827_seg_36000,318827
318827_seg_42000,318827
318827_seg_48000,318827
318827_seg_54000,318827
318827_seg_60000,318827
318827_seg_63000,318827
318827_seg_66000,318827
318827_seg_69000,318827
318827_seg_72000,318827
318827_seg_75000,318827
318827_seg_78000,318827
318827_seg_84000,318827
318827_seg_93000,318827
318827_seg_102000,318827
318827_seg_111000,318827
318827_seg_117000,318827
318827_seg_126000,318827
318827_seg_132000,318827
318827_seg_138000,318827
318827_seg_144000,318827
318827_seg_150000,318827
318827_seg_156000,318827
318827_seg_162000,318827
318827_seg_168000,318827
318827_seg_174000,318827
308685_seg_0,308685
308685_seg_9000,308685
308685_seg_12000,308685
308685_seg_15000,308685
291208_seg_0,291208
291208_seg_3000,291208
291208_seg_6000,291208
291208_seg_9000,291208
291208_seg_12000,291208
291208_seg_15000,291208
291208_seg_21000,291208
291208_seg_30000,291208
291208_seg_33000,291208
291208_seg_39000,291208
291208_seg_42000,291208
291208_seg_45000,291208
291208_seg_48000,291208
291208_seg_51000,291208
291208_seg_54000,291208
291208_seg_60000,291208
282980_seg_3000,282980
282980_seg_9000,282980
282980_seg_21000,282980
255220_seg_0,255220
255220_seg_9000,255220
243306_seg_0,243306
243306_seg_6000,243306
243306_seg_9000,243306
243306_seg_12000,243306
243306_seg_15000,243306
243306_seg_18000,243306
243306_seg_21000,243306
243306_seg_27000,243306
243306_seg_30000,243306
243306_seg_36000,243306
243306_seg_39000,243306
243306_seg_45000,243306
243306_seg_48000,243306
243306_seg_54000,243306
241436_seg_0,241436
241436_seg_3000,241436
241436_seg_6000,241436
241436_seg_9000,241436
241436_seg_12000,241436
241436_seg_15000,241436
239990_seg_0,239990
239990_seg_3000,239990
239990_seg_6000,239990
239990_seg_15000,239990
239990_seg_18000,239990
239990_seg_21000,239990
239990_seg_24000,239990
239990_seg_27000,239990
239990_seg_30000,239990
239990_seg_33000,239990
239990_seg_48000,239990
239990_seg_54000,239990
239990_seg_60000,239990
239990_seg_72000,239990
239990_seg_75000,239990
239990_seg_78000,239990
239990_seg_81000,239990
239990_seg_87000,239990
239990_seg_90000,239990
239990_seg_96000,239990
239990_seg_99000,239990
239990_seg_102000,239990
239990_seg_105000,239990
239990_seg_108000,239990
239990_seg_111000,239990
239990_seg_117000,239990
239990_seg_123000,239990
239990_seg_126000,239990
239990_seg_129000,239990
239990_seg_132000,239990
239990_seg_138000,239990
239990_seg_153000,239990
239990_seg_162000,239990
239985_seg_0,239985
239985_seg_3000,239985
239985_seg_6000,239985
239985_seg_9000,239985
239985_seg_12000,239985
239985_seg_15000,239985
239985_seg_18000,239985
239985_seg_21000,239985
239985_seg_24000,239985
239985_seg_27000,239985
239985_seg_30000,239985
239985_seg_33000,239985
239985_seg_36000,239985
239985_seg_39000,239985
239985_seg_42000,239985
239985_seg_45000,239985
239985_seg_48000,239985
239985_seg_51000,239985
239975_seg_12000,239975
239975_seg_33000,239975
239975_seg_36000,239975
239975_seg_45000,239975
239975_seg_48000,239975
239975_seg_78000,239975
239975_seg_81000,239975
239975_seg_87000,239975
239975_seg_117000,239975
238557_seg_3000,238557
238557_seg_6000,238557
238557_seg_9000,238557
238557_seg_12000,238557
238557_seg_15000,238557
238557_seg_18000,238557
238557_seg_21000,238557
238556_seg_0,238556
238556_seg_3000,238556
238556_seg_6000,238556
238556_seg_9000,238556
238556_seg_12000,238556
238556_seg_18000,238556
238556_seg_21000,238556
238556_seg_24000,238556
238556_seg_30000,238556
238556_seg_39000,238556
238556_seg_48000,238556
238556_seg_60000,238556
238556_seg_63000,238556
238556_seg_69000,238556
238556_seg_72000,238556
238556_seg_78000,238556
238556_seg_84000,238556
238556_seg_93000,238556
238556_seg_99000,238556
238556_seg_105000,238556
238556_seg_111000,238556
238556_seg_117000,238556
238556_seg_129000,238556
238556_seg_135000,238556
238556_seg_141000,238556
238556_seg_156000,238556
238556_seg_168000,238556
238556_seg_174000,238556
238556_seg_180000,238556
238555_seg_3000,238555
238555_seg_18000,238555
238554_seg_0,238554
238554_seg_3000,238554
238554_seg_6000,238554
238554_seg_9000,238554
238554_seg_12000,238554
238554_seg_15000,238554
238554_seg_18000,238554
238554_seg_21000,238554
238554_seg_24000,238554
238554_seg_27000,238554
238554_seg_30000,238554
238553_seg_9000,238553
237068_seg_6000,237068
237067_seg_0,237067
237067_seg_6000,237067
237067_seg_63000,237067
237067_seg_66000,237067
237067_seg_69000,237067
237067_seg_117000,237067
237067_seg_126000,237067
237067_seg_258000,237067
236600_seg_0,236600
236600_seg_3000,236600
236600_seg_9000,236600
236600_seg_15000,236600
236600_seg_21000,236600
236600_seg_24000,236600
236600_seg_27000,236600
236600_seg_30000,236600
236600_seg_33000,236600
236600_seg_36000,236600
236600_seg_39000,236600
236600_seg_45000,236600
235549_seg_0,235549
235549_seg_3000,235549
235549_seg_6000,235549
235549_seg_9000,235549
235549_seg_15000,235549
235549_seg_18000,235549
235549_seg_21000,235549
235549_seg_27000,235549
235549_seg_30000,235549
235549_seg_36000,235549
235549_seg_39000,235549
235549_seg_45000,235549
235549_seg_48000,235549
235549_seg_51000,235549
235342_seg_0,235342
235342_seg_3000,235342
235342_seg_9000,235342
235342_seg_12000,235342
235342_seg_18000,235342
235342_seg_21000,235342
235342_seg_24000,235342
235342_seg_27000,235342
235342_seg_30000,235342
235342_seg_33000,235342
235342_seg_36000,235342
235342_seg_39000,235342
235342_seg_42000,235342
235342_seg_45000,235342
235342_seg_48000,235342
235342_seg_54000,235342
235342_seg_57000,235342
235342_seg_60000,235342
235342_seg_63000,235342
235342_seg_66000,235342
235342_seg_72000,235342
235342_seg_78000,235342
235342_seg_84000,235342
235342_seg_87000,235342
235342_seg_90000,235342
235342_seg_93000,235342
235342_seg_99000,235342
235342_seg_102000,235342
235342_seg_105000,235342
235342_seg_108000,235342
235342_seg_111000,235342
235342_seg_117000,235342
235342_seg_120000,235342
235342_seg_123000,235342
235342_seg_126000,235342
235342_seg_129000,235342
235342_seg_135000,235342
235342_seg_138000,235342
235342_seg_147000,235342
235342_seg_150000,235342
235342_seg_153000,235342
235342_seg_156000,235342
235342_seg_159000,235342
235342_seg_162000,235342
235342_seg_165000,235342
235342_seg_168000,235342
235342_seg_171000,235342
235342_seg_177000,235342
235342_seg_183000,235342
235342_seg_186000,235342
235342_seg_189000,235342
235342_seg_192000,235342
235342_seg_195000,235342
235342_seg_201000,235342
235342_seg_204000,235342
235342_seg_207000,235342
235342_seg_210000,235342
235342_seg_213000,235342
235342_seg_219000,235342
235342_seg_222000,235342
235342_seg_225000,235342
235342_seg_231000,235342
235342_seg_234000,235342
235342_seg_240000,235342
235342_seg_243000,235342
235342_seg_249000,235342
235342_seg_252000,235342
235342_seg_255000,235342
235342_seg_258000,235342
235342_seg_264000,235342
235342_seg_267000,235342
235342_seg_270000,235342
235342_seg_273000,235342
235342_seg_279000,235342
235342_seg_282000,235342
235342_seg_288000,235342
235342_seg_294000,235342
235342_seg_300000,235342
235342_seg_303000,235342
235342_seg_306000,235342
235342_seg_309000,235342
235342_seg_312000,235342
235342_seg_315000,235342
235342_seg_321000,235342
235342_seg_324000,235342
235342_seg_327000,235342
235342_seg_330000,235342
235342_seg_336000,235342
235342_seg_342000,235342
235342_seg_345000,235342
235342_seg_348000,235342
235342_seg_351000,235342
235333_seg_0,235333
235333_seg_3000,235333
235333_seg_9000,235333
235333_seg_12000,235333
235333_seg_18000,235333
235333_seg_21000,235333
235333_seg_24000,235333
235333_seg_27000,235333
235333_seg_30000,235333
235333_seg_33000,235333
235333_seg_36000,235333
235333_seg_39000,235333
235333_seg_42000,235333
235333_seg_45000,235333
235333_seg_48000,235333
235333_seg_54000,235333
235333_seg_57000,235333
235333_seg_60000,235333
235333_seg_63000,235333
235333_seg_66000,235333
235333_seg_72000,235333
235333_seg_78000,235333
235333_seg_84000,235333
235333_seg_87000,235333
235333_seg_90000,235333
235333_seg_93000,235333
235333_seg_99000,235333
235333_seg_102000,235333
235333_seg_105000,235333
235333_seg_108000,235333
235333_seg_111000,235333
235333_seg_117000,235333
235333_seg_120000,235333
235333_seg_123000,235333
235333_seg_126000,235333
235333_seg_129000,235333
235333_seg_135000,235333
235333_seg_138000,235333
235333_seg_147000,235333
235333_seg_150000,235333
235333_seg_153000,235333
235333_seg_156000,235333
235333_seg_159000,235333
235333_seg_162000,235333
235333_seg_165000,235333
235333_seg_168000,235333
235333_seg_171000,235333
235333_seg_177000,235333
235333_seg_183000,235333
235333_seg_186000,235333
235333_seg_189000,235333
235333_seg_192000,235333
235333_seg_195000,235333
235333_seg_201000,235333
235333_seg_204000,235333
235333_seg_207000,235333
235333_seg_210000,235333
235333_seg_213000,235333
235333_seg_219000,235333
235333_seg_222000,235333
235333_seg_225000,235333
235333_seg_231000,235333
235333_seg_234000,235333
235333_seg_240000,235333
235333_seg_243000,235333
235333_seg_249000,235333
235333_seg_252000,235333
235333_seg_255000,235333
235333_seg_258000,235333
235333_seg_264000,235333
235333_seg_267000,235333
235333_seg_270000,235333
235333_seg_273000,235333
235333_seg_279000,235333
235333_seg_282000,235333
235333_seg_288000,235333
235333_seg_294000,235333
235333_seg_300000,235333
235333_seg_303000,235333
235333_seg_306000,235333
235333_seg_309000,235333
235333_seg_312000,235333
235333_seg_315000,235333
235333_seg_321000,235333
235333_seg_324000,235333
235333_seg_327000,235333
235333_seg_330000,235333
235333_seg_336000,235333
235333_seg_342000,235333
235333_seg_345000,235333
235333_seg_348000,235333
235333_seg_351000,235333
235332_seg_0,235332
235332_seg_3000,235332
235332_seg_9000,235332
235332_seg_12000,235332
235332_seg_15000,235332
235332_seg_18000,235332
235332_seg_21000,235332
235332_seg_24000,235332
235332_seg_27000,235332
235332_seg_33000,235332
235332_seg_39000,235332
235332_seg_45000,235332
235332_seg_57000,235332
235332_seg_66000,235332
235332_seg_90000,235332
235332_seg_93000,235332
235332_seg_96000,235332
235332_seg_102000,235332
235332_seg_105000,235332
235332_seg_108000,235332
235332_seg_111000,235332
235332_seg_114000,235332
235332_seg_117000,235332
235332_seg_120000,235332
235332_seg_123000,235332
235332_seg_126000,235332
235332_seg_129000,235332
235332_seg_135000,235332
235332_seg_138000,235332
235332_seg_141000,235332
235332_seg_165000,235332
235332_seg_174000,235332
235332_seg_177000,235332
235332_seg_186000,235332
235079_seg_0,235079
235079_seg_6000,235079
235079_seg_9000,235079
235079_seg_15000,235079
218030_seg_3000,218030
218029_seg_6000,218029
218029_seg_21000,218029
218029_seg_27000,218029
218029_seg_78000,218029
218029_seg_96000,218029
218029_seg_120000,218029
218029_seg_138000,218029
190675_seg_3000,190675
190675_seg_15000,190675
190675_seg_18000,190675
190675_seg_33000,190675
183598_seg_30000,183598
183598_seg_48000,183598
183598_seg_69000,183598
183598_seg_102000,183598
176901_seg_27000,176901
176901_seg_30000,176901
176320_seg_0,176320
175274_seg_0,175274
175274_seg_3000,175274
175274_seg_6000,175274
175274_seg_9000,175274
175274_seg_15000,175274
172577_seg_0,172577
172577_seg_3000,172577
171460_seg_0,171460
171460_seg_33000,171460
171460_seg_42000,171460
171460_seg_66000,171460
171460_seg_72000,171460
171456_seg_0,171456
171456_seg_3000,171456
171456_seg_6000,171456
171456_seg_9000,171456
171456_seg_12000,171456
171456_seg_15000,171456
171456_seg_18000,171456
171456_seg_21000,171456
171456_seg_30000,171456
171456_seg_33000,171456
171456_seg_36000,171456
171456_seg_39000,171456
156977_seg_9000,156977
156977_seg_18000,156977
156977_seg_27000,156977
156977_seg_30000,156977
156977_seg_33000,156977
156977_seg_36000,156977
156977_seg_39000,156977
156977_seg_42000,156977
156977_seg_45000,156977
156977_seg_48000,156977
156977_seg_51000,156977
156977_seg_54000,156977
156977_seg_57000,156977
138194_seg_0,138194
138194_seg_3000,138194
138194_seg_6000,138194
138194_seg_9000,138194
138194_seg_12000,138194
138194_seg_15000,138194
138194_seg_18000,138194
138194_seg_21000,138194
138194_seg_24000,138194
138194_seg_27000,138194
138194_seg_30000,138194
138194_seg_33000,138194
138194_seg_36000,138194
138194_seg_39000,138194
138194_seg_42000,138194
138194_seg_45000,138194
138194_seg_48000,138194
138194_seg_51000,138194
138194_seg_54000,138194
138194_seg_57000,138194
138194_seg_60000,138194
138194_seg_63000,138194
138194_seg_66000,138194
138194_seg_69000,138194
138194_seg_72000,138194
129349_seg_0,129349
78965_seg_0,78965
78965_seg_3000,78965
78965_seg_6000,78965
78965_seg_9000,78965
78965_seg_15000,78965
78965_seg_24000,78965
78965_seg_27000,78965
78965_seg_30000,78965
78965_seg_39000,78965
78965_seg_45000,78965
78965_seg_54000,78965
78965_seg_57000,78965
72853_seg_0,72853
72853_seg_3000,72853
72853_seg_6000,72853
72853_seg_9000,72853
72853_seg_15000,72853
72853_seg_18000,72853
72853_seg_24000,72853
66989_seg_3000,66989
66989_seg_9000,66989
66989_seg_12000,66989
66989_seg_15000,66989
66989_seg_18000,66989
66989_seg_27000,66989
66989_seg_30000,66989
44965_seg_0,44965
44965_seg_6000,44965
44964_seg_0,44964
44964_seg_6000,44964
44964_seg_9000,44964
44964_seg_15000,44964
35599_seg_0,35599
35599_seg_3000,35599
